00:00:03.604108 VirtualBox VM 7.1.10 r169112 win.amd64 (Jun  3 2025 13:11:30) release log
00:00:03.604110 Log opened 2026-02-16T19:16:56.078748000Z
00:00:03.604110 Build Type: release
00:00:03.604112 OS Product: Windows 10
00:00:03.604113 OS Release: 10.0.19045
00:00:03.604113 OS Service Pack: 
00:00:03.677960 DMI Product Name: B450 AORUS PRO
00:00:03.681067 DMI Product Version: Default string
00:00:03.681079 Firmware type: BIOS
00:00:03.681085 Host RAM: 32717MB (31.9GB) total, 16279MB (15.8GB) available
00:00:03.681087 Executable: C:\Program Files\Oracle\VirtualBox\VirtualBoxVM.exe
00:00:03.681087 Process ID: 21304
00:00:03.681088 Package type: WINDOWS_64BITS_GENERIC
00:00:03.681088 Windows Features:
00:00:03.681088   Core Isolation (Memory Integrity): Not supported
00:00:03.682173 Installed Extension Packs:
00:00:03.682189   None installed!
00:00:03.682642 Console: Machine state changed to 'Starting'
00:00:03.682850 GUI: Qt version: 6.5.3
00:00:03.682857 GUI: HID LEDs sync is enabled
00:00:03.687821 GUI: UIMediumEnumerator: Medium-enumeration finished!
00:00:03.716231 GUI: Cannot notify guest about VM window out-of-focus event
00:00:03.807652 GUI: UIMediumEnumerator: Medium-enumeration finished!
00:00:03.922171 SUP: seg #0: R   0x00000000 LB 0x00001000
00:00:03.922186 SUP: seg #1: R X 0x00001000 LB 0x001fb000
00:00:03.922190 SUP: seg #2: R   0x001fc000 LB 0x00055000
00:00:03.922194 SUP: seg #3: RW  0x00251000 LB 0x00013000
00:00:03.922197 SUP: seg #4: R   0x00264000 LB 0x00014000
00:00:03.922201 SUP: seg #5: RW  0x00278000 LB 0x00004000
00:00:03.922204 SUP: seg #6: R   0x0027c000 LB 0x00009000
00:00:03.922208 SUP: seg #7: R X 0x00285000 LB 0x00002000
00:00:03.922211 SUP: seg #8: R   0x00287000 LB 0x00007000
00:00:03.923667 SUP: Loaded VMMR0.r0 (C:\Program Files\Oracle\VirtualBox/VMMR0.r0) at 0xXXXXXXXXXXXXXXXX - ModuleInit at XXXXXXXXXXXXXXXX and ModuleTerm at XXXXXXXXXXXXXXXX using the native ring-0 loader
00:00:03.923703 SUP: VMMR0EntryEx located at XXXXXXXXXXXXXXXX and VMMR0EntryFast at XXXXXXXXXXXXXXXX
00:00:03.923707 SUP: windbg> .reload /f C:\Program Files\Oracle\VirtualBox/VMMR0.r0=0xXXXXXXXXXXXXXXXX
00:00:03.927706 Guest architecture: x86
00:00:03.927755 Guest OS type: 'Windows2022_64'
00:00:03.928227 fHMForced=true - No raw-mode support in this build!
00:00:03.928238 Using execution engine 1
00:00:03.930906 File system of 'C:\Users\44771\Desktop\Cybersecurity\2026-Cybersecurity\Day 1 Setup\HomeLab-AD\VMs\DC01\DC01.vdi' is ntfs
00:00:03.931435 File system of 'C:/Users/44771/Desktop/Cybersecurity/2026-Cybersecurity/Day 1 Setup/HomeLab-AD/ISO/SERVER_EVAL_x64FRE_en-us.iso' (DVD) is ntfs
00:00:03.932170 File system of 'C:\Users\44771\Desktop\Cybersecurity\2026-Cybersecurity\Day 1 Setup\HomeLab-AD\VMs\DC01\Unattended-728aed2d-78e1-4bde-9a2d-3bfc3ab8d84e-aux-floppy.img' (Floppy) is ntfs
00:00:03.953809 Shared Clipboard: Initialized OLE
00:00:03.953847 Shared Clipboard: Service loaded
00:00:03.953855 Shared Clipboard: Mode: Off
00:00:03.953881 Shared Clipboard: Service running in normal mode
00:00:03.971138 Drag and drop service loaded
00:00:03.971148 Drag and drop mode: Off
00:00:03.971814 Audio: Detected default audio driver type is 'HostAudioWas'
00:00:03.974214 ************************* CFGM dump *************************
00:00:03.974222 [/] (level 0)
00:00:03.974223   CpuExecutionCap   <integer> = 0x0000000000000064 (100)
00:00:03.974225   EnablePAE         <integer> = 0x0000000000000001 (1)
00:00:03.974226   HMEnabled         <integer> = 0x0000000000000001 (1)
00:00:03.974226   MemBalloonSize    <integer> = 0x0000000000000000 (0, 0 B)
00:00:03.974228   Name              <string>  = "DC01" (cb=5)
00:00:03.974228   NumCPUs           <integer> = 0x0000000000000002 (2)
00:00:03.974229   PageFusionAllowed <integer> = 0x0000000000000000 (0)
00:00:03.974230   RamHoleSize       <integer> = 0x0000000020000000 (536 870 912, 512.0 MiB)
00:00:03.974231   RamSize           <integer> = 0x0000000100000000 (4 294 967 296, 4.0 GiB)
00:00:03.974232   TimerMillies      <integer> = 0x000000000000000a (10)
00:00:03.974232   UUID              <bytes>   = "2d ed 8a 72 e1 78 de 4b 9a 2d 3b fc 3a b8 d8 4e" (cb=16)
00:00:03.974234 
00:00:03.974234 [/CPUM/] (level 1)
00:00:03.974235   Enable64bit        <integer> = 0x0000000000000001 (1)
00:00:03.974236   GuestCpuName       <string>  = "host" (cb=5)
00:00:03.974236   NestedHWVirt       <integer> = 0x0000000000000000 (0)
00:00:03.974236   PortableCpuIdLevel <integer> = 0x0000000000000000 (0)
00:00:03.974237   SpecCtrl           <integer> = 0x0000000000000000 (0)
00:00:03.974238 
00:00:03.974238 [/CPUM/IsaExts/] (level 2)
00:00:03.974238 
00:00:03.974239 [/DBGC/] (level 1)
00:00:03.974239   GlobalInitScript <string>  = "C:\Users\44771\.VirtualBox/dbgc-init" (cb=37)
00:00:03.974240   HistoryFile      <string>  = "C:\Users\44771\.VirtualBox/dbgc-history" (cb=40)
00:00:03.974240   LocalInitScript  <string>  = "C:\Users\44771\Desktop\Cybersecurity\2026-Cybersecurity\Day 1 Setup\HomeLab-AD\VMs\DC01/dbgc-init" (cb=98)
00:00:03.974241 
00:00:03.974241 [/DBGF/] (level 1)
00:00:03.974242   Path <string>  = "C:\Users\44771\Desktop\Cybersecurity\2026-Cybersecurity\Day 1 Setup\HomeLab-AD\VMs\DC01/debug/;C:\Users\44771\Desktop\Cybersecurity\2026-Cybersecurity\Day 1 Setup\HomeLab-AD\VMs\DC01/;cache*C:\Users\44771\Desktop\Cybersecurity\2026-Cybersecurity\Day 1 Setup\HomeLab-AD\VMs\DC01/dbgcache/;C:\Users\44771\" (cb=304)
00:00:03.974243 
00:00:03.974243 [/Devices/] (level 1)
00:00:03.974243 
00:00:03.974243 [/Devices/3c501/] (level 2)
00:00:03.974244 
00:00:03.974244 [/Devices/8237A/] (level 2)
00:00:03.974245 
00:00:03.974245 [/Devices/8237A/0/] (level 3)
00:00:03.974246   Trusted <integer> = 0x0000000000000001 (1)
00:00:03.974246 
00:00:03.974247 [/Devices/GIMDev/] (level 2)
00:00:03.974247 
00:00:03.974247 [/Devices/GIMDev/0/] (level 3)
00:00:03.974248   Trusted <integer> = 0x0000000000000001 (1)
00:00:03.974249 
00:00:03.974249 [/Devices/VMMDev/] (level 2)
00:00:03.974249 
00:00:03.974249 [/Devices/VMMDev/0/] (level 3)
00:00:03.974250   PCIBusNo      <integer> = 0x0000000000000000 (0)
00:00:03.974251   PCIDeviceNo   <integer> = 0x0000000000000004 (4)
00:00:03.974251   PCIFunctionNo <integer> = 0x0000000000000000 (0)
00:00:03.974252   Trusted       <integer> = 0x0000000000000001 (1)
00:00:03.974253 
00:00:03.974253 [/Devices/VMMDev/0/Config/] (level 4)
00:00:03.974254   GuestCoreDumpDir <string>  = "C:\Users\44771\Desktop\Cybersecurity\2026-Cybersecurity\Day 1 Setup\HomeLab-AD\VMs\DC01\Snapshots" (cb=98)
00:00:03.974254 
00:00:03.974254 [/Devices/VMMDev/0/LUN#0/] (level 4)
00:00:03.974255   Driver <string>  = "HGCM" (cb=5)
00:00:03.974256 
00:00:03.974256 [/Devices/VMMDev/0/LUN#0/Config/] (level 5)
00:00:03.974257 
00:00:03.974257 [/Devices/VMMDev/0/LUN#999/] (level 4)
00:00:03.974258   Driver <string>  = "MainStatus" (cb=11)
00:00:03.974258 
00:00:03.974258 [/Devices/VMMDev/0/LUN#999/Config/] (level 5)
00:00:03.974260   First                <integer> = 0x0000000000000000 (0)
00:00:03.974260   HasMediumAttachments <integer> = 0x0000000000000000 (0)
00:00:03.974261   Last                 <integer> = 0x0000000000000000 (0)
00:00:03.974261   iLedSet              <integer> = 0x0000000000000005 (5)
00:00:03.974262 
00:00:03.974262 [/Devices/acpi/] (level 2)
00:00:03.974263 
00:00:03.974263 [/Devices/acpi/0/] (level 3)
00:00:03.974264   PCIBusNo      <integer> = 0x0000000000000000 (0)
00:00:03.974264   PCIDeviceNo   <integer> = 0x0000000000000007 (7)
00:00:03.974265   PCIFunctionNo <integer> = 0x0000000000000000 (0)
00:00:03.974265   Trusted       <integer> = 0x0000000000000001 (1)
00:00:03.974266 
00:00:03.974266 [/Devices/acpi/0/Config/] (level 4)
00:00:03.974268   CpuHotPlug          <integer> = 0x0000000000000000 (0)
00:00:03.974268   FdcEnabled          <integer> = 0x0000000000000001 (1)
00:00:03.974269   HostBusPciAddress   <integer> = 0x0000000000000000 (0)
00:00:03.974269   HpetEnabled         <integer> = 0x0000000000000000 (0)
00:00:03.974270   IOAPIC              <integer> = 0x0000000000000001 (1)
00:00:03.974270   IocPciAddress       <integer> = 0x0000000000010000 (65 536)
00:00:03.974271   NumCPUs             <integer> = 0x0000000000000002 (2)
00:00:03.974272   Parallel0IoPortBase <integer> = 0x0000000000000000 (0)
00:00:03.974272   Parallel0Irq        <integer> = 0x0000000000000000 (0)
00:00:03.974272   Parallel1IoPortBase <integer> = 0x0000000000000000 (0)
00:00:03.974273   Parallel1Irq        <integer> = 0x0000000000000000 (0)
00:00:03.974273   Serial0IoPortBase   <integer> = 0x0000000000000000 (0)
00:00:03.974274   Serial0Irq          <integer> = 0x0000000000000000 (0)
00:00:03.974274   Serial1IoPortBase   <integer> = 0x0000000000000000 (0)
00:00:03.974275   Serial1Irq          <integer> = 0x0000000000000000 (0)
00:00:03.974275   ShowCpu             <integer> = 0x0000000000000001 (1)
00:00:03.974276   ShowRtc             <integer> = 0x0000000000000000 (0)
00:00:03.974276   SmcEnabled          <integer> = 0x0000000000000000 (0)
00:00:03.974277 
00:00:03.974277 [/Devices/acpi/0/LUN#0/] (level 4)
00:00:03.974278   Driver <string>  = "ACPIHost" (cb=9)
00:00:03.974278 
00:00:03.974279 [/Devices/acpi/0/LUN#0/Config/] (level 5)
00:00:03.974279 
00:00:03.974280 [/Devices/acpi/0/LUN#1/] (level 4)
00:00:03.974280   Driver <string>  = "ACPICpu" (cb=8)
00:00:03.974281 
00:00:03.974281 [/Devices/acpi/0/LUN#1/Config/] (level 5)
00:00:03.974282 
00:00:03.974282 [/Devices/ahci/] (level 2)
00:00:03.974283 
00:00:03.974283 [/Devices/ahci/0/] (level 3)
00:00:03.974284   PCIBusNo      <integer> = 0x0000000000000000 (0)
00:00:03.974284   PCIDeviceNo   <integer> = 0x000000000000000d (13)
00:00:03.974285   PCIFunctionNo <integer> = 0x0000000000000000 (0)
00:00:03.974285   Trusted       <integer> = 0x0000000000000001 (1)
00:00:03.974285 
00:00:03.974286 [/Devices/ahci/0/Config/] (level 4)
00:00:03.974286   Bootable  <integer> = 0x0000000000000001 (1)
00:00:03.974287   PortCount <integer> = 0x0000000000000002 (2)
00:00:03.974287 
00:00:03.974287 [/Devices/ahci/0/Config/Port0/] (level 5)
00:00:03.974288   Hotpluggable <integer> = 0x0000000000000000 (0)
00:00:03.974289 
00:00:03.974289 [/Devices/ahci/0/Config/Port1/] (level 5)
00:00:03.974290   Hotpluggable <integer> = 0x0000000000000000 (0)
00:00:03.974290 
00:00:03.974290 [/Devices/ahci/0/LUN#0/] (level 4)
00:00:03.974291   Driver <string>  = "VD" (cb=3)
00:00:03.974292 
00:00:03.974292 [/Devices/ahci/0/LUN#0/Config/] (level 5)
00:00:03.974293   BlockCache <integer> = 0x0000000000000001 (1)
00:00:03.974294   Format     <string>  = "VDI" (cb=4)
00:00:03.974294   Mountable  <integer> = 0x0000000000000000 (0)
00:00:03.974295   Path       <string>  = "C:\Users\44771\Desktop\Cybersecurity\2026-Cybersecurity\Day 1 Setup\HomeLab-AD\VMs\DC01\DC01.vdi" (cb=97)
00:00:03.974295   Type       <string>  = "HardDisk" (cb=9)
00:00:03.974296   UseNewIo   <integer> = 0x0000000000000001 (1)
00:00:03.974296 
00:00:03.974296 [/Devices/ahci/0/LUN#0/Config/VDConfig/] (level 6)
00:00:03.974297   AllocationBlockSize <string>  = "1048576" (cb=8)
00:00:03.974298 
00:00:03.974298 [/Devices/ahci/0/LUN#1/] (level 4)
00:00:03.974299   Driver <string>  = "SCSI" (cb=5)
00:00:03.974299 
00:00:03.974299 [/Devices/ahci/0/LUN#1/AttachedDriver/] (level 5)
00:00:03.974300   Driver <string>  = "VD" (cb=3)
00:00:03.974301 
00:00:03.974301 [/Devices/ahci/0/LUN#1/AttachedDriver/Config/] (level 6)
00:00:03.974302   Format    <string>  = "RAW" (cb=4)
00:00:03.974302   Mountable <integer> = 0x0000000000000001 (1)
00:00:03.974303   Path      <string>  = "C:/Users/44771/Desktop/Cybersecurity/2026-Cybersecurity/Day 1 Setup/HomeLab-AD/ISO/SERVER_EVAL_x64FRE_en-us.iso" (cb=112)
00:00:03.974303   ReadOnly  <integer> = 0x0000000000000001 (1)
00:00:03.974304   Type      <string>  = "DVD" (cb=4)
00:00:03.974304   UseNewIo  <integer> = 0x0000000000000001 (1)
00:00:03.974305 
00:00:03.974305 [/Devices/ahci/0/LUN#999/] (level 4)
00:00:03.974306   Driver <string>  = "MainStatus" (cb=11)
00:00:03.974306 
00:00:03.974306 [/Devices/ahci/0/LUN#999/Config/] (level 5)
00:00:03.974307   DeviceInstance       <string>  = "ahci/0" (cb=7)
00:00:03.974308   First                <integer> = 0x0000000000000000 (0)
00:00:03.974308   HasMediumAttachments <integer> = 0x0000000000000001 (1)
00:00:03.974309   Last                 <integer> = 0x0000000000000001 (1)
00:00:03.974309   iLedSet              <integer> = 0x0000000000000002 (2)
00:00:03.974310 
00:00:03.974310 [/Devices/apic/] (level 2)
00:00:03.974311 
00:00:03.974311 [/Devices/apic/0/] (level 3)
00:00:03.974312   Trusted <integer> = 0x0000000000000001 (1)
00:00:03.974312 
00:00:03.974312 [/Devices/apic/0/Config/] (level 4)
00:00:03.974313   IOAPIC  <integer> = 0x0000000000000001 (1)
00:00:03.974313   Mode    <integer> = 0x0000000000000002 (2)
00:00:03.974314   NumCPUs <integer> = 0x0000000000000002 (2)
00:00:03.974314 
00:00:03.974314 [/Devices/dp8390/] (level 2)
00:00:03.974315 
00:00:03.974315 [/Devices/e1000/] (level 2)
00:00:03.974316 
00:00:03.974316 [/Devices/e1000/0/] (level 3)
00:00:03.974317   PCIBusNo      <integer> = 0x0000000000000000 (0)
00:00:03.974317   PCIDeviceNo   <integer> = 0x0000000000000003 (3)
00:00:03.974318   PCIFunctionNo <integer> = 0x0000000000000000 (0)
00:00:03.974318   Trusted       <integer> = 0x0000000000000001 (1)
00:00:03.974319 
00:00:03.974319 [/Devices/e1000/0/Config/] (level 4)
00:00:03.974320   AdapterType    <integer> = 0x0000000000000000 (0)
00:00:03.974321   CableConnected <integer> = 0x0000000000000001 (1)
00:00:03.974321   LineSpeed      <integer> = 0x0000000000000000 (0)
00:00:03.974321   MAC            <bytes>   = "08 00 27 74 e5 8a" (cb=6)
00:00:03.974322 
00:00:03.974323 [/Devices/e1000/0/LUN#0/] (level 4)
00:00:03.974323   Driver <string>  = "NAT" (cb=4)
00:00:03.974324 
00:00:03.974324 [/Devices/e1000/0/LUN#0/Config/] (level 5)
00:00:03.974325   AliasMode          <integer> = 0x0000000000000000 (0)
00:00:03.974325   BootFile           <string>  = "DC01.pxe" (cb=9)
00:00:03.974326   DNSProxy           <integer> = 0x0000000000000000 (0)
00:00:03.974326   ForwardBroadcast   <integer> = 0x0000000000000000 (0)
00:00:03.974327   LocalhostReachable <integer> = 0x0000000000000000 (0)
00:00:03.974327   Network            <string>  = "10.0.2.0/24" (cb=12)
00:00:03.974328   PassDomain         <integer> = 0x0000000000000001 (1)
00:00:03.974328   TFTPPrefix         <string>  = "C:\Users\44771\.VirtualBox\TFTP" (cb=32)
00:00:03.974329   UseHostResolver    <integer> = 0x0000000000000000 (0)
00:00:03.974329 
00:00:03.974330 [/Devices/e1000/0/LUN#999/] (level 4)
00:00:03.974330   Driver <string>  = "MainStatus" (cb=11)
00:00:03.974331 
00:00:03.974331 [/Devices/e1000/0/LUN#999/Config/] (level 5)
00:00:03.974332   First                <integer> = 0x0000000000000000 (0)
00:00:03.974332   HasMediumAttachments <integer> = 0x0000000000000000 (0)
00:00:03.974333   Last                 <integer> = 0x0000000000000000 (0)
00:00:03.974333   iLedSet              <integer> = 0x0000000000000004 (4)
00:00:03.974334 
00:00:03.974334 [/Devices/hda/] (level 2)
00:00:03.974335 
00:00:03.974335 [/Devices/hda/0/] (level 3)
00:00:03.974336   PCIBusNo      <integer> = 0x0000000000000000 (0)
00:00:03.974336   PCIDeviceNo   <integer> = 0x0000000000000005 (5)
00:00:03.974337   PCIFunctionNo <integer> = 0x0000000000000000 (0)
00:00:03.974337   Trusted       <integer> = 0x0000000000000001 (1)
00:00:03.974338 
00:00:03.974338 [/Devices/hda/0/AudioConfig/] (level 4)
00:00:03.974338 
00:00:03.974339 [/Devices/hda/0/Config/] (level 4)
00:00:03.974339   DebugEnabled <integer> = 0x0000000000000000 (0)
00:00:03.974340 
00:00:03.974340 [/Devices/hda/0/LUN#0/] (level 4)
00:00:03.974341   Driver <string>  = "AUDIO" (cb=6)
00:00:03.974341 
00:00:03.974341 [/Devices/hda/0/LUN#0/AttachedDriver/] (level 5)
00:00:03.974342   Driver <string>  = "HostAudioWas" (cb=13)
00:00:03.974343 
00:00:03.974343 [/Devices/hda/0/LUN#0/AttachedDriver/Config/] (level 6)
00:00:03.974344   VmName <string>  = "DC01" (cb=5)
00:00:03.974344   VmUuid <string>  = "728aed2d-78e1-4bde-9a2d-3bfc3ab8d84e" (cb=37)
00:00:03.974344 
00:00:03.974345 [/Devices/hda/0/LUN#0/Config/] (level 5)
00:00:03.974345   DriverName    <string>  = "HostAudioWas" (cb=13)
00:00:03.974346   InputEnabled  <integer> = 0x0000000000000000 (0)
00:00:03.974346   OutputEnabled <integer> = 0x0000000000000001 (1)
00:00:03.974347 
00:00:03.974347 [/Devices/hda/0/LUN#1/] (level 4)
00:00:03.974348   Driver <string>  = "AUDIO" (cb=6)
00:00:03.974348 
00:00:03.974348 [/Devices/hda/0/LUN#2/] (level 4)
00:00:03.974349   Driver <string>  = "AUDIO" (cb=6)
00:00:03.974349 
00:00:03.974349 [/Devices/i82078/] (level 2)
00:00:03.974350 
00:00:03.974350 [/Devices/i82078/0/] (level 3)
00:00:03.974351   Trusted <integer> = 0x0000000000000001 (1)
00:00:03.974351 
00:00:03.974351 [/Devices/i82078/0/Config/] (level 4)
00:00:03.974352   DMA       <integer> = 0x0000000000000002 (2)
00:00:03.974353   IOBase    <integer> = 0x00000000000003f0 (1 008)
00:00:03.974353   IRQ       <integer> = 0x0000000000000006 (6)
00:00:03.974354   MemMapped <integer> = 0x0000000000000000 (0)
00:00:03.974354 
00:00:03.974354 [/Devices/i82078/0/LUN#0/] (level 4)
00:00:03.974355   Driver <string>  = "VD" (cb=3)
00:00:03.974355 
00:00:03.974356 [/Devices/i82078/0/LUN#0/Config/] (level 5)
00:00:03.974357   Format        <string>  = "RAW" (cb=4)
00:00:03.974357   MaybeReadOnly <integer> = 0x0000000000000001 (1)
00:00:03.974358   Mountable     <integer> = 0x0000000000000001 (1)
00:00:03.974358   Path          <string>  = "C:\Users\44771\Desktop\Cybersecurity\2026-Cybersecurity\Day 1 Setup\HomeLab-AD\VMs\DC01\Unattended-728aed2d-78e1-4bde-9a2d-3bfc3ab8d84e-aux-floppy.img" (cb=151)
00:00:03.974359   Type          <string>  = "Floppy 1.44" (cb=12)
00:00:03.974359 
00:00:03.974360 [/Devices/i82078/0/LUN#999/] (level 4)
00:00:03.974360   Driver <string>  = "MainStatus" (cb=11)
00:00:03.974361 
00:00:03.974361 [/Devices/i82078/0/LUN#999/Config/] (level 5)
00:00:03.974362   DeviceInstance       <string>  = "i82078/0" (cb=9)
00:00:03.974362   First                <integer> = 0x0000000000000000 (0)
00:00:03.974363   HasMediumAttachments <integer> = 0x0000000000000001 (1)
00:00:03.974363   Last                 <integer> = 0x0000000000000001 (1)
00:00:03.974364   iLedSet              <integer> = 0x0000000000000003 (3)
00:00:03.974364 
00:00:03.974365 [/Devices/i8254/] (level 2)
00:00:03.974365 
00:00:03.974365 [/Devices/i8254/0/] (level 3)
00:00:03.974366 
00:00:03.974366 [/Devices/i8254/0/Config/] (level 4)
00:00:03.974367 
00:00:03.974367 [/Devices/i8259/] (level 2)
00:00:03.974368 
00:00:03.974368 [/Devices/i8259/0/] (level 3)
00:00:03.974368   Trusted <integer> = 0x0000000000000001 (1)
00:00:03.974369 
00:00:03.974369 [/Devices/i8259/0/Config/] (level 4)
00:00:03.974370 
00:00:03.974370 [/Devices/ioapic/] (level 2)
00:00:03.974371 
00:00:03.974371 [/Devices/ioapic/0/] (level 3)
00:00:03.974371   Trusted <integer> = 0x0000000000000001 (1)
00:00:03.974372 
00:00:03.974372 [/Devices/ioapic/0/Config/] (level 4)
00:00:03.974373   NumCPUs <integer> = 0x0000000000000002 (2)
00:00:03.974373 
00:00:03.974373 [/Devices/mc146818/] (level 2)
00:00:03.974374 
00:00:03.974374 [/Devices/mc146818/0/] (level 3)
00:00:03.974375 
00:00:03.974375 [/Devices/mc146818/0/Config/] (level 4)
00:00:03.974376   UseUTC <integer> = 0x0000000000000000 (0)
00:00:03.974376 
00:00:03.974376 [/Devices/parallel/] (level 2)
00:00:03.974377 
00:00:03.974377 [/Devices/pcarch/] (level 2)
00:00:03.974378 
00:00:03.974378 [/Devices/pcarch/0/] (level 3)
00:00:03.974379   Trusted <integer> = 0x0000000000000001 (1)
00:00:03.974379 
00:00:03.974379 [/Devices/pcarch/0/Config/] (level 4)
00:00:03.974380 
00:00:03.974380 [/Devices/pcbios/] (level 2)
00:00:03.974381 
00:00:03.974381 [/Devices/pcbios/0/] (level 3)
00:00:03.974381   Trusted <integer> = 0x0000000000000001 (1)
00:00:03.974382 
00:00:03.974382 [/Devices/pcbios/0/Config/] (level 4)
00:00:03.974383   APIC               <integer> = 0x0000000000000001 (1)
00:00:03.974384   BootDevice0        <string>  = "IDE" (cb=4)
00:00:03.974384   BootDevice1        <string>  = "DVD" (cb=4)
00:00:03.974385   BootDevice2        <string>  = "FLOPPY" (cb=7)
00:00:03.974385   BootDevice3        <string>  = "NONE" (cb=5)
00:00:03.974386   DmiSystemSerial    <string>  = "VirtualBox-<DmiSystemUuid>" (cb=27)
00:00:03.974386   FloppyDevice       <string>  = "i82078" (cb=7)
00:00:03.974387   HardDiskDevice     <string>  = "piix3ide" (cb=9)
00:00:03.974387   IOAPIC             <integer> = 0x0000000000000001 (1)
00:00:03.974388   McfgBase           <integer> = 0x0000000000000000 (0)
00:00:03.974388   McfgLength         <integer> = 0x0000000000000000 (0)
00:00:03.974389   NumCPUs            <integer> = 0x0000000000000002 (2)
00:00:03.974389   PXEDebug           <integer> = 0x0000000000000000 (0)
00:00:03.974390   SataHardDiskDevice <string>  = "ahci" (cb=5)
00:00:03.974390   SataLUN1           <integer> = 0x0000000000000000 (0)
00:00:03.974391   UUID               <bytes>   = "2d ed 8a 72 e1 78 de 4b 9a 2d 3b fc 3a b8 d8 4e" (cb=16)
00:00:03.974392   UuidLe             <integer> = 0x0000000000000001 (1)
00:00:03.974393 
00:00:03.974393 [/Devices/pcbios/0/Config/NetBoot/] (level 5)
00:00:03.974394 
00:00:03.974394 [/Devices/pcbios/0/Config/NetBoot/0/] (level 6)
00:00:03.974395   NIC           <integer> = 0x0000000000000000 (0)
00:00:03.974395   PCIBusNo      <integer> = 0x0000000000000000 (0)
00:00:03.974396   PCIDeviceNo   <integer> = 0x0000000000000003 (3)
00:00:03.974396   PCIFunctionNo <integer> = 0x0000000000000000 (0)
00:00:03.974397 
00:00:03.974397 [/Devices/pci/] (level 2)
00:00:03.974397 
00:00:03.974397 [/Devices/pci/0/] (level 3)
00:00:03.974398   Trusted <integer> = 0x0000000000000001 (1)
00:00:03.974399 
00:00:03.974399 [/Devices/pci/0/Config/] (level 4)
00:00:03.974399   IOAPIC <integer> = 0x0000000000000001 (1)
00:00:03.974400 
00:00:03.974400 [/Devices/pcibridge/] (level 2)
00:00:03.974401 
00:00:03.974401 [/Devices/pckbd/] (level 2)
00:00:03.974401 
00:00:03.974402 [/Devices/pckbd/0/] (level 3)
00:00:03.974402   Trusted <integer> = 0x0000000000000001 (1)
00:00:03.974403 
00:00:03.974403 [/Devices/pckbd/0/Config/] (level 4)
00:00:03.974404 
00:00:03.974404 [/Devices/pckbd/0/LUN#0/] (level 4)
00:00:03.974405   Driver <string>  = "KeyboardQueue" (cb=14)
00:00:03.974405 
00:00:03.974405 [/Devices/pckbd/0/LUN#0/AttachedDriver/] (level 5)
00:00:03.974406   Driver <string>  = "MainKeyboard" (cb=13)
00:00:03.974406 
00:00:03.974407 [/Devices/pckbd/0/LUN#0/Config/] (level 5)
00:00:03.974407   QueueSize <integer> = 0x0000000000000040 (64, 64 B)
00:00:03.974408 
00:00:03.974408 [/Devices/pckbd/0/LUN#1/] (level 4)
00:00:03.974409   Driver <string>  = "MouseQueue" (cb=11)
00:00:03.974409 
00:00:03.974410 [/Devices/pckbd/0/LUN#1/AttachedDriver/] (level 5)
00:00:03.974410   Driver <string>  = "MainMouse" (cb=10)
00:00:03.974411 
00:00:03.974411 [/Devices/pckbd/0/LUN#1/Config/] (level 5)
00:00:03.974412   QueueSize <integer> = 0x0000000000000080 (128, 128 B)
00:00:03.974412 
00:00:03.974412 [/Devices/pcnet/] (level 2)
00:00:03.974413 
00:00:03.974413 [/Devices/serial/] (level 2)
00:00:03.974414 
00:00:03.974414 [/Devices/usb-xhci/] (level 2)
00:00:03.974415 
00:00:03.974415 [/Devices/usb-xhci/0/] (level 3)
00:00:03.974415   PCIBusNo      <integer> = 0x0000000000000000 (0)
00:00:03.974416   PCIDeviceNo   <integer> = 0x000000000000000c (12)
00:00:03.974416   PCIFunctionNo <integer> = 0x0000000000000000 (0)
00:00:03.974417   Trusted       <integer> = 0x0000000000000001 (1)
00:00:03.974417 
00:00:03.974417 [/Devices/usb-xhci/0/Config/] (level 4)
00:00:03.974418 
00:00:03.974418 [/Devices/usb-xhci/0/LUN#0/] (level 4)
00:00:03.974419   Driver <string>  = "VUSBRootHub" (cb=12)
00:00:03.974420 
00:00:03.974420 [/Devices/usb-xhci/0/LUN#0/Config/] (level 5)
00:00:03.974420 
00:00:03.974421 [/Devices/usb-xhci/0/LUN#1/] (level 4)
00:00:03.974421   Driver <string>  = "VUSBRootHub" (cb=12)
00:00:03.974422 
00:00:03.974422 [/Devices/usb-xhci/0/LUN#1/Config/] (level 5)
00:00:03.974423 
00:00:03.974423 [/Devices/usb-xhci/0/LUN#999/] (level 4)
00:00:03.974424   Driver <string>  = "MainStatus" (cb=11)
00:00:03.974424 
00:00:03.974424 [/Devices/usb-xhci/0/LUN#999/Config/] (level 5)
00:00:03.974425   First                <integer> = 0x0000000000000000 (0)
00:00:03.974425   HasMediumAttachments <integer> = 0x0000000000000000 (0)
00:00:03.974426   Last                 <integer> = 0x0000000000000001 (1)
00:00:03.974426   iLedSet              <integer> = 0x0000000000000001 (1)
00:00:03.974427 
00:00:03.974427 [/Devices/vga/] (level 2)
00:00:03.974428 
00:00:03.974428 [/Devices/vga/0/] (level 3)
00:00:03.974429   PCIBusNo      <integer> = 0x0000000000000000 (0)
00:00:03.974429   PCIDeviceNo   <integer> = 0x0000000000000002 (2)
00:00:03.974429   PCIFunctionNo <integer> = 0x0000000000000000 (0)
00:00:03.974430   Trusted       <integer> = 0x0000000000000001 (1)
00:00:03.974430 
00:00:03.974430 [/Devices/vga/0/Config/] (level 4)
00:00:03.974431   3DEnabled             <integer> = 0x0000000000000000 (0)
00:00:03.974432   CustomVideoModes      <integer> = 0x0000000000000000 (0)
00:00:03.974432   FadeIn                <integer> = 0x0000000000000001 (1)
00:00:03.974433   FadeOut               <integer> = 0x0000000000000001 (1)
00:00:03.974434   HeightReduction       <integer> = 0x0000000000000000 (0)
00:00:03.974434   LogoFile              <string>  = "" (cb=1)
00:00:03.974435   LogoTime              <integer> = 0x0000000000000000 (0)
00:00:03.974435   MonitorCount          <integer> = 0x0000000000000001 (1)
00:00:03.974436   ShowBootMenu          <integer> = 0x0000000000000002 (2)
00:00:03.974436   VMSVGA3dEnabled       <integer> = 0x0000000000000000 (0)
00:00:03.974437   VMSVGAEnabled         <integer> = 0x0000000000000001 (1)
00:00:03.974437   VRamSize              <integer> = 0x0000000008000000 (134 217 728, 128.0 MiB)
00:00:03.974438   VmSvga3               <integer> = 0x0000000000000000 (0)
00:00:03.974439   VmSvgaExposeLegacyVga <integer> = 0x0000000000000001 (1)
00:00:03.974439 
00:00:03.974439 [/Devices/vga/0/LUN#0/] (level 4)
00:00:03.974440   Driver <string>  = "MainDisplay" (cb=12)
00:00:03.974440 
00:00:03.974440 [/Devices/vga/0/LUN#0/Config/] (level 5)
00:00:03.974441 
00:00:03.974441 [/Devices/vga/0/LUN#999/] (level 4)
00:00:03.974442   Driver <string>  = "MainStatus" (cb=11)
00:00:03.974442 
00:00:03.974443 [/Devices/vga/0/LUN#999/Config/] (level 5)
00:00:03.974443   First                <integer> = 0x0000000000000000 (0)
00:00:03.974444   HasMediumAttachments <integer> = 0x0000000000000000 (0)
00:00:03.974444   Last                 <integer> = 0x0000000000000000 (0)
00:00:03.974445   iLedSet              <integer> = 0x0000000000000000 (0)
00:00:03.974446 
00:00:03.974446 [/Devices/virtio-net/] (level 2)
00:00:03.974446 
00:00:03.974447 [/EM/] (level 1)
00:00:03.974447   TripleFaultReset <integer> = 0x0000000000000000 (0)
00:00:03.974447 
00:00:03.974448 [/GCM/] (level 1)
00:00:03.974448 
00:00:03.974448 [/GIM/] (level 1)
00:00:03.974449   Provider <string>  = "HyperV" (cb=7)
00:00:03.974449 
00:00:03.974449 [/HM/] (level 1)
00:00:03.974450   64bitEnabled        <integer> = 0x0000000000000001 (1)
00:00:03.974450   EnableLargePages    <integer> = 0x0000000000000001 (1)
00:00:03.974451   EnableNestedPaging  <integer> = 0x0000000000000001 (1)
00:00:03.974451   EnableUX            <integer> = 0x0000000000000001 (1)
00:00:03.974452   EnableVPID          <integer> = 0x0000000000000001 (1)
00:00:03.974452   Exclusive           <integer> = 0x0000000000000000 (0)
00:00:03.974453   HMForced            <integer> = 0x0000000000000001 (1)
00:00:03.974453   IBPBOnVMEntry       <integer> = 0x0000000000000000 (0)
00:00:03.974454   IBPBOnVMExit        <integer> = 0x0000000000000000 (0)
00:00:03.974454   L1DFlushOnSched     <integer> = 0x0000000000000001 (1)
00:00:03.974455   L1DFlushOnVMEntry   <integer> = 0x0000000000000000 (0)
00:00:03.974455   MDSClearOnSched     <integer> = 0x0000000000000001 (1)
00:00:03.974456   MDSClearOnVMEntry   <integer> = 0x0000000000000000 (0)
00:00:03.974456   SpecCtrlByHost      <integer> = 0x0000000000000000 (0)
00:00:03.974457   SvmVirtVmsaveVmload <integer> = 0x0000000000000001 (1)
00:00:03.974457   UseNEMInstead       <integer> = 0x0000000000000000 (0)
00:00:03.974457 
00:00:03.974458 [/MM/] (level 1)
00:00:03.974458   CanUseLargerHeap <integer> = 0x0000000000000000 (0)
00:00:03.974459 
00:00:03.974459 [/NEM/] (level 1)
00:00:03.974459   Allow64BitGuests  <integer> = 0x0000000000000001 (1)
00:00:03.974460   IBPBOnVMEntry     <integer> = 0x0000000000000000 (0)
00:00:03.974460   IBPBOnVMExit      <integer> = 0x0000000000000000 (0)
00:00:03.974461   L1DFlushOnSched   <integer> = 0x0000000000000001 (1)
00:00:03.974461   L1DFlushOnVMEntry <integer> = 0x0000000000000000 (0)
00:00:03.974461   MDSClearOnSched   <integer> = 0x0000000000000001 (1)
00:00:03.974462   MDSClearOnVMEntry <integer> = 0x0000000000000000 (0)
00:00:03.974462 
00:00:03.974462 [/PDM/] (level 1)
00:00:03.974463 
00:00:03.974463 [/PDM/AsyncCompletion/] (level 2)
00:00:03.974464 
00:00:03.974464 [/PDM/AsyncCompletion/File/] (level 3)
00:00:03.974465 
00:00:03.974465 [/PDM/AsyncCompletion/File/BwGroups/] (level 4)
00:00:03.974465 
00:00:03.974466 [/PDM/BlkCache/] (level 2)
00:00:03.974466   CacheSize <integer> = 0x0000000000500000 (5 242 880, 5.0 MiB)
00:00:03.974467 
00:00:03.974467 [/PDM/Devices/] (level 2)
00:00:03.974468 
00:00:03.974468 [/PDM/Drivers/] (level 2)
00:00:03.974468 
00:00:03.974468 [/PDM/Drivers/VBoxC/] (level 3)
00:00:03.974469   Path <string>  = "VBoxC" (cb=6)
00:00:03.974469 
00:00:03.974470 [/PDM/NetworkShaper/] (level 2)
00:00:03.974470 
00:00:03.974470 [/PDM/NetworkShaper/BwGroups/] (level 3)
00:00:03.974471 
00:00:03.974471 [/TM/] (level 1)
00:00:03.974472   UTCOffset <integer> = 0x0000000000000000 (0)
00:00:03.974472 
00:00:03.974472 [/USB/] (level 1)
00:00:03.974473 
00:00:03.974473 [/USB/HidMouse/] (level 2)
00:00:03.974474 
00:00:03.974474 [/USB/HidMouse/0/] (level 3)
00:00:03.974474 
00:00:03.974474 [/USB/HidMouse/0/Config/] (level 4)
00:00:03.974475   Mode <string>  = "absolute" (cb=9)
00:00:03.974475 
00:00:03.974476 [/USB/HidMouse/0/LUN#0/] (level 4)
00:00:03.974476   Driver <string>  = "MouseQueue" (cb=11)
00:00:03.974477 
00:00:03.974477 [/USB/HidMouse/0/LUN#0/AttachedDriver/] (level 5)
00:00:03.974478   Driver <string>  = "MainMouse" (cb=10)
00:00:03.974478 
00:00:03.974478 [/USB/HidMouse/0/LUN#0/Config/] (level 5)
00:00:03.974479   QueueSize <integer> = 0x0000000000000080 (128, 128 B)
00:00:03.974480 
00:00:03.974480 [/USB/USBProxy/] (level 2)
00:00:03.974480 
00:00:03.974481 [/USB/USBProxy/GlobalConfig/] (level 3)
00:00:03.974481 
00:00:03.974482 ********************* End of CFGM dump **********************
00:00:03.974585 HM: HMR3Init: AMD-V w/ nested paging
00:00:03.974696 CPUM: fXStateHostMask=0x7; initial: 0x7; host XCR0=0x7
00:00:03.975387 CPUM: Matched host CPU AMD 0x17/0x71/0x0 AMD_Zen_Ryzen with CPU DB entry 'AMD Ryzen 7 1800X Eight-Core' (AMD 0x17/0x1/0x1 AMD_Zen_Ryzen)
00:00:03.977510 CPUM: MXCSR_MASK=0x2ffff (host: 0x2ffff)
00:00:03.977564 CPUM: Microcode revision 0x08701013
00:00:03.977584 CPUM: Changing leaf 13[0]: EBX=0x340 -> 0x340, ECX=0x380 -> 0x340
00:00:03.977597 CPUM:
00:00:03.977597 CPUM: Unexpected CPUID sub-leaves for leaf 0x80000020; fSubLeafMask=0xffffffff
00:00:03.977603 CPUM: 80000020/00000000: 00000000 00000002 00000000 00000000; flags=0x0 mask=0xffffffff
00:00:03.977608 CPUM: 80000020/00000001: 0000000b 00000000 00000000 0000000f; flags=0x0 mask=0xffffffff
00:00:03.977613 CPUM: 80000020/00000002: 00000000 00000000 00000000 00000000; flags=0x0 mask=0xffffffff
00:00:03.977618 CPUM:
00:00:03.977635 CPUM: MSR fudge: 0x00000017 IA32_PLATFORM_ID
00:00:03.977684 CPUM: MSR fudge: 0x000001a0 IA32_MISC_ENABLE
00:00:03.977706 CPUM: MSR fudge: 0x000002ff IA32_MTRR_DEF_TYPE
00:00:03.977727 CPUM: MSR fudge: 0x0000002c P4_EBC_FREQUENCY_ID
00:00:03.977803 CPUM: SetGuestCpuIdFeature: Enabled SYSENTER/EXIT
00:00:03.977809 CPUM: SetGuestCpuIdFeature: Enabled SYSCALL/RET
00:00:03.977818 CPUM: SetGuestCpuIdFeature: Enabled PAE
00:00:03.977824 CPUM: SetGuestCpuIdFeature: Enabled LAHF/SAHF
00:00:03.977829 CPUM: SetGuestCpuIdFeature: Enabled NX
00:00:03.977833 CPUM: SetGuestCpuIdFeature: Enabled LONG MODE
00:00:03.977837 CPUM: Set SSBD not required flag for AMD to work around some buggy Linux kernels!
00:00:03.977842 CPUM: Enabled MTRR read-write support
00:00:03.977850 CPUM: Enabled fixed-range MTRRs and 16 (virtualized) variable-range MTRRs
00:00:03.978363 PGM: Host paging mode: AMD64+PGE+NX
00:00:03.978385 PGM: PGMPool: cMaxPages=2304 (u64MaxPages=2084)
00:00:03.978390 PGM: pgmR3PoolInit: cMaxPages=0x900 cMaxUsers=0x1200 cMaxPhysExts=0x1200 fCacheEnable=true
00:00:03.991531 TM: GIP - u32Mode=3 (Invariant) u32UpdateHz=93 u32UpdateIntervalNS=10734900 enmUseTscDelta=2 (Practically Zero) fGetGipCpu=0x3b cCpus=16
00:00:03.991547 TM: GIP - u64CpuHz=3 593 247 304 (0xd62c9a48)  SUPGetCpuHzFromGip => 3 593 247 304
00:00:03.991553 TM: GIP - CPU: iCpuSet=0x0 idCpu=0x0 idApic=0x0 iGipCpu=0x6 i64TSCDelta=0 enmState=3 u64CpuHz=3593247268(*) cErrors=0
00:00:03.991558 TM: GIP - CPU: iCpuSet=0x1 idCpu=0x1 idApic=0x1 iGipCpu=0x3 i64TSCDelta=0 enmState=3 u64CpuHz=3593246694(*) cErrors=0
00:00:03.991562 TM: GIP - CPU: iCpuSet=0x2 idCpu=0x2 idApic=0x2 iGipCpu=0x0 i64TSCDelta=0 enmState=3 u64CpuHz=3593247304(*) cErrors=0
00:00:03.991566 TM: GIP - CPU: iCpuSet=0x3 idCpu=0x3 idApic=0x3 iGipCpu=0x1 i64TSCDelta=0 enmState=3 u64CpuHz=3593245380(*) cErrors=0
00:00:03.991569 TM: GIP - CPU: iCpuSet=0x4 idCpu=0x4 idApic=0x4 iGipCpu=0xf i64TSCDelta=0 enmState=3 u64CpuHz=3593245380(*) cErrors=0
00:00:03.991573 TM: GIP - CPU: iCpuSet=0x5 idCpu=0x5 idApic=0x5 iGipCpu=0x2 i64TSCDelta=0 enmState=3 u64CpuHz=3593245172(*) cErrors=0
00:00:03.991577 TM: GIP - CPU: iCpuSet=0x6 idCpu=0x6 idApic=0x6 iGipCpu=0x5 i64TSCDelta=0 enmState=3 u64CpuHz=3593247165(*) cErrors=0
00:00:03.991580 TM: GIP - CPU: iCpuSet=0x7 idCpu=0x7 idApic=0x7 iGipCpu=0x4 i64TSCDelta=0 enmState=3 u64CpuHz=3593247077(*) cErrors=0
00:00:03.991584 TM: GIP - CPU: iCpuSet=0x8 idCpu=0x8 idApic=0x8 iGipCpu=0xa i64TSCDelta=0 enmState=3 u64CpuHz=3593247259(*) cErrors=0
00:00:03.991588 TM: GIP - CPU: iCpuSet=0x9 idCpu=0x9 idApic=0x9 iGipCpu=0x9 i64TSCDelta=0 enmState=3 u64CpuHz=3593247255(*) cErrors=0
00:00:03.991591 TM: GIP - CPU: iCpuSet=0xa idCpu=0xa idApic=0xa iGipCpu=0xe i64TSCDelta=0 enmState=3 u64CpuHz=3593247304(*) cErrors=0
00:00:03.991595 TM: GIP - CPU: iCpuSet=0xb idCpu=0xb idApic=0xb iGipCpu=0xd i64TSCDelta=0 enmState=3 u64CpuHz=3593247297(*) cErrors=0
00:00:03.991598 TM: GIP - CPU: iCpuSet=0xc idCpu=0xc idApic=0xc iGipCpu=0xb i64TSCDelta=0 enmState=3 u64CpuHz=3593247328(*) cErrors=0
00:00:03.991602 TM: GIP - CPU: iCpuSet=0xd idCpu=0xd idApic=0xd iGipCpu=0xc i64TSCDelta=0 enmState=3 u64CpuHz=3593247315(*) cErrors=0
00:00:03.991606 TM: GIP - CPU: iCpuSet=0xe idCpu=0xe idApic=0xe iGipCpu=0x7 i64TSCDelta=0 enmState=3 u64CpuHz=3593247241(*) cErrors=0
00:00:03.991609 TM: GIP - CPU: iCpuSet=0xf idCpu=0xf idApic=0xf iGipCpu=0x8 i64TSCDelta=31 enmState=3 u64CpuHz=3593247230(*) cErrors=0
00:00:03.991635 TM:     cTSCTicksPerSecond=3 593 247 304 (0xd62c9a48) enmTSCMode=1 (VirtTSCEmulated) TSCMultiplier=1
00:00:03.991636 TM: cTSCTicksPerSecondHost=3 593 247 304 (0xd62c9a48)
00:00:03.991637 TM: TSCTiedToExecution=false TSCNotTiedToHalt=false
00:00:03.992422 EMR3Init: fIemExecutesAll=false fGuruOnTripleFault=true
00:00:03.992606 IEM: TargetCpu=CURRENT, Microarch=AMD_Zen_Ryzen aidxTargetCpuEflFlavour={2,0}
00:00:03.993319 GIM: Using provider 'HyperV' (Implementation version: 0)
00:00:03.993333 GIM: HyperV: Reporting vendor as 'VBoxVBoxVBox'
00:00:03.993341 CPUM: SetGuestCpuIdFeature: Enabled Hypervisor Present bit
00:00:03.993545 GCM: Initialized - Fixer bits: 0x0
00:00:03.993616 AIOMgr: Default manager type is 'Async'
00:00:03.993621 AIOMgr: Default file backend is 'NonBuffered'
00:00:03.993678 BlkCache: Cache successfully initialized. Cache size is 5242880 bytes
00:00:03.993683 BlkCache: Cache commit interval is 10000 ms
00:00:03.993689 BlkCache: Cache commit threshold is 2621440 bytes
00:00:04.272564 PcBios: [SMP] BIOS with 2 CPUs
00:00:04.272595 PcBios: Using the 386+ BIOS image.
00:00:04.272659 PcBios: MPS table at 000e1300
00:00:04.274455 PcBios: fCheckShutdownStatusForSoftReset=true  fClearShutdownStatusOnHardReset=true
00:00:04.334232 SUP: seg #0: R   0x00000000 LB 0x00001000
00:00:04.334244 SUP: seg #1: R X 0x00001000 LB 0x0002c000
00:00:04.334248 SUP: seg #2: R   0x0002d000 LB 0x00011000
00:00:04.334252 SUP: seg #3: RW  0x0003e000 LB 0x00001000
00:00:04.334255 SUP: seg #4: R   0x0003f000 LB 0x00003000
00:00:04.334258 SUP: seg #5: RW  0x00042000 LB 0x00001000
00:00:04.334262 SUP: seg #6: R   0x00043000 LB 0x00001000
00:00:04.334265 SUP: seg #7: R X 0x00044000 LB 0x00001000
00:00:04.334268 SUP: seg #8: R   0x00045000 LB 0x00002000
00:00:04.334357 SUP: Loaded VBoxDDR0.r0 (C:\Program Files\Oracle\VirtualBox/VBoxDDR0.r0) at 0xXXXXXXXXXXXXXXXX - ModuleInit at XXXXXXXXXXXXXXXX and ModuleTerm at XXXXXXXXXXXXXXXX using the native ring-0 loader
00:00:04.334362 SUP: windbg> .reload /f C:\Program Files\Oracle\VirtualBox/VBoxDDR0.r0=0xXXXXXXXXXXXXXXXX
00:00:04.334689 CPUM: SetGuestCpuIdFeature: Enabled xAPIC
00:00:04.335684 IOAPIC: Version=2.0 ChipType=ICH9
00:00:04.335771 PIT: mode=3 count=0x10000 (65536) - 18.20 Hz (ch=0)
00:00:04.336017 VMMDev: cbDefaultBudget: 1 073 741 824 (40000000)
00:00:04.357993 Shared Folders service loaded
00:00:04.375524 Guest Control service loaded
00:00:04.451306 VGA: Using the 386+ BIOS image.
00:00:04.452342 DrvVD: Flushes will be ignored
00:00:04.452362 DrvVD: Async flushes will be passed to the disk
00:00:04.453752 VD: VDInit finished with VINF_SUCCESS
00:00:04.455013 AIOMgr: Endpoint for file 'C:\Users\44771\Desktop\Cybersecurity\2026-Cybersecurity\Day 1 Setup\HomeLab-AD\VMs\DC01\DC01.vdi' (flags 000c0723) created successfully
00:00:04.455491 VD: Opening the disk took 2050765 ns
00:00:04.455577 AHCI: LUN#0: disk, PCHS=16383/16/63, total number of sectors 125829120
00:00:04.455797 DrvVD: Flushes will be ignored
00:00:04.455805 DrvVD: Async flushes will be passed to the disk
00:00:04.457165 AIOMgr: Endpoint for file 'C:/Users/44771/Desktop/Cybersecurity/2026-Cybersecurity/Day 1 Setup/HomeLab-AD/ISO/SERVER_EVAL_x64FRE_en-us.iso' (flags 000c0781) created successfully
00:00:04.457194 VD: Opening the disk took 382946 ns
00:00:04.457281 AHCI: LUN#1: CD/DVD
00:00:04.457522 AHCI#0: Reset the HBA
00:00:04.457537 VD#0: Cancelling all active requests
00:00:04.457633 DrvVD: Flushes will be ignored
00:00:04.457639 DrvVD: Async flushes will be passed to the disk
00:00:04.457820 VD: Opening the disk took 172809 ns
00:00:04.457850 FDC: 1.44 MB 3"1/2 floppy disk (2 h 80 t 18 s) rw
00:00:04.457916 E1000#0: Chip=82540EM LinkUpDelay=5000ms EthernetCRC=on GSO=enabled Itr=disabled ItrRx=enabled TID=disabled R0=enabled RC=disabled
00:00:04.458051 NAT: These CFGM parameters are currently not supported when using NAT:
00:00:04.458051           DNSProxy
00:00:04.458051           UseHostResolver
00:00:04.458051           AliasMode
00:00:04.458052           SockRcv
00:00:04.458052           SockSnd
00:00:04.458052           TcpRcv
00:00:04.458052           TcpSnd
00:00:04.458052           ICMPCacheLimit
00:00:04.458052           HostResolverMappings
00:00:04.492878 WasAPI: Input device is: {Default} (iface 000002074516c0f0)
00:00:04.494542 WasAPI: Output device is: {Default} (iface 000002074516c050)
00:00:04.501587 Audio: Found 9 devices for driver 'WasAPI'
00:00:04.501613 Audio: Device 'Realtek HD Audio 2nd output (Realtek(R) Audio)':
00:00:04.501613 Audio:   ID              = {0.0.0.00000000}.{fd7564b6-1707-4029-bfce-d2b349db6474}
00:00:04.501613 Audio:   Usage           = output
00:00:04.501614 Audio:   Flags           = DEFAULT_OUT
00:00:04.501614 Audio:   Input channels  = 0
00:00:04.501615 Audio:   Output channels = 2
00:00:04.501618 Audio: Device 'Realtek Digital Output (Realtek(R) Audio)':
00:00:04.501618 Audio:   ID              = {0.0.0.00000000}.{05038205-508c-44cc-94f0-44a2644d758e}
00:00:04.501619 Audio:   Usage           = output
00:00:04.501619 Audio:   Flags           = NONE
00:00:04.501619 Audio:   Input channels  = 0
00:00:04.501620 Audio:   Output channels = 2
00:00:04.501628 Audio: Device 'VG270 (NVIDIA High Definition Audio)':
00:00:04.501628 Audio:   ID              = {0.0.0.00000000}.{1eb83d51-890e-4bad-92dc-c7b9404079f6}
00:00:04.501629 Audio:   Usage           = output
00:00:04.501629 Audio:   Flags           = NONE
00:00:04.501629 Audio:   Input channels  = 0
00:00:04.501629 Audio:   Output channels = 2
00:00:04.501636 Audio: Device 'Speakers (2- USB Audio Device)':
00:00:04.501636 Audio:   ID              = {0.0.0.00000000}.{7194b518-1444-407d-9a6c-93873275f695}
00:00:04.501636 Audio:   Usage           = output
00:00:04.501637 Audio:   Flags           = NONE
00:00:04.501637 Audio:   Input channels  = 0
00:00:04.501637 Audio:   Output channels = 2
00:00:04.501640 Audio: Device 'XF270 M3 (NVIDIA High Definition Audio)':
00:00:04.501641 Audio:   ID              = {0.0.0.00000000}.{c666a839-a49a-432c-8234-669f4f0686e1}
00:00:04.501641 Audio:   Usage           = output
00:00:04.501641 Audio:   Flags           = NONE
00:00:04.501641 Audio:   Input channels  = 0
00:00:04.501642 Audio:   Output channels = 2
00:00:04.501645 Audio: Device 'Realtek HD Audio 2nd output (Realtek(R) Audio)':
00:00:04.501645 Audio:   ID              = {0.0.0.00000000}.{fd7564b6-1707-4029-bfce-d2b349db6474}
00:00:04.501645 Audio:   Usage           = output
00:00:04.501645 Audio:   Flags           = NONE
00:00:04.501646 Audio:   Input channels  = 0
00:00:04.501646 Audio:   Output channels = 2
00:00:04.501649 Audio: Device 'Microphone (2- USB Audio Device)':
00:00:04.501649 Audio:   ID              = {0.0.1.00000000}.{fb799b03-642d-4116-b596-a95e3f39c910}
00:00:04.501650 Audio:   Usage           = input
00:00:04.501650 Audio:   Flags           = DEFAULT_IN
00:00:04.501650 Audio:   Input channels  = 1
00:00:04.501650 Audio:   Output channels = 0
00:00:04.501654 Audio: Device 'Stereo Mix (Realtek(R) Audio)':
00:00:04.501654 Audio:   ID              = {0.0.1.00000000}.{57169cd2-ff12-4b9f-8e99-fcfd9b310c74}
00:00:04.501654 Audio:   Usage           = input
00:00:04.501654 Audio:   Flags           = NONE
00:00:04.501654 Audio:   Input channels  = 2
00:00:04.501655 Audio:   Output channels = 0
00:00:04.501658 Audio: Device 'Microphone (2- USB Audio Device)':
00:00:04.501658 Audio:   ID              = {0.0.1.00000000}.{fb799b03-642d-4116-b596-a95e3f39c910}
00:00:04.501658 Audio:   Usage           = input
00:00:04.501658 Audio:   Flags           = NONE
00:00:04.501659 Audio:   Input channels  = 1
00:00:04.501659 Audio:   Output channels = 0
00:00:04.501827 Audio Mixer: Setting master volume of 'HDA Mixer' -- channel volumes: ff ff ff ff ff ff ff ff ff ff ff ff
00:00:04.501842 Audio Mixer: Setting sink 'HDA Mixer/PCM Output' -- channel volumes: ff ff ff ff ff ff ff ff ff ff ff ff
00:00:04.501849 Audio Mixer: Setting sink 'HDA Mixer/Line In' -- channel volumes: ff ff ff ff ff ff ff ff ff ff ff ff
00:00:04.501869 Audio Mixer: MUTING sink 'HDA Mixer/PCM Output' -- channel volumes: 00 00 00 00 00 00 00 00 00 00 00 00
00:00:04.501873 Audio Mixer: MUTING sink 'HDA Mixer/Line In' -- channel volumes: 00 00 00 00 00 00 00 00 00 00 00 00
00:00:04.501896 HDA: Codec reset
00:00:04.501905 HDA: Reset
00:00:04.502543 GIMDev: Registered Hyper-V hypercall page
00:00:04.502561 GIMDev: Registered Hyper-V TSC page
00:00:04.502921 VUSB: Attached 'HidMouse' to port 1 on RootHub#1 (FullSpeed)
00:00:04.502936 PGM: The CPU physical address width is 48 bits
00:00:04.502940 PGM: PGMR3InitFinalize: 4 MB PSE mask 0000ffffffffffff -> VINF_SUCCESS
00:00:04.502949 TM: TMR3InitFinalize: fTSCModeSwitchAllowed=true
00:00:04.503072 CPUM: Mapped 2.0TiB (1048576 bytes) of RAM using fixed-range MTRRs
00:00:04.503078 CPUM: Mapped 4.0GiB (4294967296 bytes) of RAM using 3 variable-range MTRRs
00:00:04.504197 VMM: Thread-context hooks unavailable
00:00:04.504215 VMM: RTThreadPreemptIsPending() can be trusted
00:00:04.504221 VMM: Kernel preemption is possible
00:00:04.508940 HM: fWorldSwitcher=0x0 (fIbpbOnVmExit=false fIbpbOnVmEntry=false fL1dFlushOnVmEntry=false); fL1dFlushOnSched=false fMdsClearOnVmEntry=false
00:00:04.508974 HM: Using AMD-V implementation 2.0
00:00:04.508975 HM: Max resume loops                  = 8192
00:00:04.508975 HM: AMD HWCR MSR                      = 0x109000011
00:00:04.508976 HM: AMD-V revision                    = 0x1
00:00:04.508977 HM: AMD-V max ASID                    = 32768
00:00:04.508977 HM: AMD-V features                    = 0x13bcff
00:00:04.508978 HM:   NESTED_PAGING
00:00:04.508978 HM:   LBR_VIRT
00:00:04.508978 HM:   SVM_LOCK
00:00:04.508978 HM:   NRIP_SAVE
00:00:04.508979 HM:   TSC_RATE_MSR
00:00:04.508979 HM:   VMCB_CLEAN
00:00:04.508979 HM:   FLUSH_BY_ASID
00:00:04.508979 HM:   DECODE_ASSISTS
00:00:04.508980 HM:   PAUSE_FILTER
00:00:04.508980 HM:   PAUSE_FILTER_THRESHOLD
00:00:04.508980 HM:   AVIC
00:00:04.508980 HM:   VIRT_VMSAVE_VMLOAD
00:00:04.508981 HM:   VGIF
00:00:04.508981 HM:   GMET
00:00:04.508981 HM:   SPEC_CTRL
00:00:04.508981 HM:   Reserved bit 11
00:00:04.508997 HM: Enabled SVM
00:00:04.508997 HM:   Enabled nested paging
00:00:04.508998 HM:   Enabled large page support
00:00:04.509001 HM: Disabled TPR patching
00:00:04.509001 HM: Guest support: 32-bit and 64-bit
00:00:04.509001 HM: VT-x/AMD-V init method: Local
00:00:04.509002 EM: Exit history optimizations: enabled=true enabled-r0=true enabled-r0-no-preemption=false
00:00:04.509472 AIOMgr: Async flushes not supported
00:00:04.509487 PcBios: SATA LUN#0 LCHS=1024/255/63
00:00:04.509503 APIC: fPostedIntrsEnabled=false fVirtApicRegsEnabled=false fSupportsTscDeadline=false
00:00:04.509509 TMR3UtcNow: nsNow=1 771 269 416 984 256 100 nsPrev=0 -> cNsDelta=1 771 269 416 984 256 100 (offLag=0 offVirtualSync=0 offVirtualSyncGivenUp=0, NowAgain=1 771 269 416 984 256 100)
00:00:04.509558 VMM: fUsePeriodicPreemptionTimers=true
00:00:04.509572 APIC: Enabling Hyper-V x2APIC compatibility mode
00:00:04.509620 CPUM: Logical host processors: 16 present, 16 max, 16 online, online mask: 000000000000ffff
00:00:04.509622 CPUM: Physical host cores: 8
00:00:04.509622 ************************* CPUID dump ************************
00:00:04.509631          Raw Standard CPUID Leaves
00:00:04.509631      Leaf/sub-leaf  eax      ebx      ecx      edx
00:00:04.509631 Gst: 00000000/0000  00000010 68747541 444d4163 69746e65
00:00:04.509632 Hst:                00000010 68747541 444d4163 69746e65
00:00:04.509633 Gst: 00000001/0000  00870f10 00020800 f6d83203 178bfbff
00:00:04.509634 Hst:                00870f10 04100800 7ed8320b 178bfbff
00:00:04.509634 Gst: 00000002/0000  00000000 00000000 00000000 00000000
00:00:04.509635 Hst:                00000000 00000000 00000000 00000000
00:00:04.509635 Gst: 00000003/0000  00000000 00000000 00000000 00000000
00:00:04.509636 Hst:                00000000 00000000 00000000 00000000
00:00:04.509636 Gst: 00000004/0000  00000000 00000000 00000000 00000000
00:00:04.509637 Hst:                00000000 00000000 00000000 00000000
00:00:04.509637 Gst: 00000005/0000  00000000 00000000 00000000 00000000
00:00:04.509638 Hst:                00000040 00000040 00000003 00000011
00:00:04.509638 Gst: 00000006/0000  00000004 00000000 00000000 00000000
00:00:04.509639 Hst:                00000004 00000000 00000001 00000000
00:00:04.509639 Gst: 00000007/0000  00000000 208c0129 00000000 00000000
00:00:04.509640 Hst:                00000000 219c91a9 00400004 00000000
00:00:04.509640 Gst: 00000007/0001  00000000 00000000 00000000 00000000
00:00:04.509641 Hst:                00000000 00000000 00000000 00000000
00:00:04.509641 Gst: 00000007/0002  00000000 00000000 00000000 00000000
00:00:04.509641 Hst:                00000000 00000000 00000000 00000000
00:00:04.509642 Gst: 00000008/0000  00000000 00000000 00000000 00000000
00:00:04.509642 Hst:                00000000 00000000 00000000 00000000
00:00:04.509643 Gst: 00000009/0000  00000000 00000000 00000000 00000000
00:00:04.509643 Hst:                00000000 00000000 00000000 00000000
00:00:04.509644 Gst: 0000000a/0000  00000000 00000000 00000000 00000000
00:00:04.509644 Hst:                00000000 00000000 00000000 00000000
00:00:04.509645 Gst: 0000000b/0000  00000000 00000001 00000100 00000000
00:00:04.509645 Hst:                00000001 00000002 00000100 00000004
00:00:04.509645 Gst: 0000000b/0001  00000001 00000002 00000201 00000000
00:00:04.509646 Hst:                00000007 00000010 00000201 00000004
00:00:04.509646 Gst: 0000000b/0002  00000000 00000000 00000002 00000000
00:00:04.509647 Hst:                00000000 00000000 00000002 00000004
00:00:04.509647 Gst: 0000000c/0000  00000000 00000000 00000000 00000000
00:00:04.509648 Hst:                00000000 00000000 00000000 00000000
00:00:04.509648 Gst: 0000000d/0000  00000007 00000340 00000340 00000000
00:00:04.509649 Hst:                00000207 00000340 00000380 00000000
00:00:04.509649 Gst: 0000000d/0001  00000000 00000340 00000000 00000000
00:00:04.509649 Hst:                0000000f 00000340 00000000 00000000
00:00:04.509650 Gst: 0000000d/0002  00000100 00000240 00000000 00000000
00:00:04.509650 Hst:                00000100 00000240 00000000 00000000
00:00:04.509651 Gst: 0000000d/0003  00000000 00000000 00000000 00000000
00:00:04.509651 Hst:                00000000 00000000 00000000 00000000
00:00:04.509652 Gst: 0000000d/0004  00000000 00000000 00000000 00000000
00:00:04.509652 Hst:                00000000 00000000 00000000 00000000
00:00:04.509653 Gst: 0000000d/0005  00000000 00000000 00000000 00000000
00:00:04.509653 Hst:                00000000 00000000 00000000 00000000
00:00:04.509653 Gst: 0000000d/0006  00000000 00000000 00000000 00000000
00:00:04.509654 Hst:                00000000 00000000 00000000 00000000
00:00:04.509654 Gst: 0000000d/0007  00000000 00000000 00000000 00000000
00:00:04.509655 Hst:                00000000 00000000 00000000 00000000
00:00:04.509655 Gst: 0000000d/0008  00000000 00000000 00000000 00000000
00:00:04.509656 Hst:                00000000 00000000 00000000 00000000
00:00:04.509656 Gst: 0000000d/0009  00000000 00000000 00000000 00000000
00:00:04.509656 Hst:                00000040 00000340 00000000 00000000
00:00:04.509657 Gst: 0000000d/000a  00000000 00000000 00000000 00000000
00:00:04.509657 Hst:                00000000 00000000 00000000 00000000
00:00:04.509663 Gst: 0000000e/0000  00000000 00000000 00000000 00000000
00:00:04.509663 Hst:                00000000 00000000 00000000 00000000
00:00:04.509663 Gst: 0000000f/0000  00000000 00000000 00000000 00000000
00:00:04.509664 Hst:                00000000 000000ff 00000000 00000002
00:00:04.509664 Hst: 00000010/0000  00000000 00000002 00000000 00000000
00:00:04.509665                                Name: AuthenticAMD
00:00:04.509666                            Supports: 0x00000000-0x00000010
00:00:04.509670                              Family: 15 	Extended: 8 	Effective: 23
00:00:04.509670                               Model:  1 	Extended: 7 	Effective: 113
00:00:04.509671                            Stepping: 0
00:00:04.509672                                Type: 0 (primary)
00:00:04.509672                             APIC ID: 0x00
00:00:04.509673                        Logical CPUs: 2
00:00:04.509674                        CLFLUSH Size: 8
00:00:04.509674                            Brand ID: 0x00
00:00:04.509677 Features
00:00:04.509677   Mnemonic - Description                                  = guest (host)
00:00:04.509678   FPU - x87 FPU on Chip                                   = 1 (1)
00:00:04.509679   VME - Virtual 8086 Mode Enhancements                    = 1 (1)
00:00:04.509680   DE - Debugging extensions                               = 1 (1)
00:00:04.509681   PSE - Page Size Extension                               = 1 (1)
00:00:04.509681   TSC - Time Stamp Counter                                = 1 (1)
00:00:04.509682   MSR - Model Specific Registers                          = 1 (1)
00:00:04.509683   PAE - Physical Address Extension                        = 1 (1)
00:00:04.509683   MCE - Machine Check Exception                           = 1 (1)
00:00:04.509684   CX8 - CMPXCHG8B instruction                             = 1 (1)
00:00:04.509685   APIC - APIC On-Chip                                     = 1 (1)
00:00:04.509686   SEP - SYSENTER and SYSEXIT Present                      = 1 (1)
00:00:04.509686   MTRR - Memory Type Range Registers                      = 1 (1)
00:00:04.509687   PGE - PTE Global Bit                                    = 1 (1)
00:00:04.509688   MCA - Machine Check Architecture                        = 1 (1)
00:00:04.509688   CMOV - Conditional Move instructions                    = 1 (1)
00:00:04.509689   PAT - Page Attribute Table                              = 1 (1)
00:00:04.509690   PSE-36 - 36-bit Page Size Extension                     = 1 (1)
00:00:04.509690   PSN - Processor Serial Number                           = 0 (0)
00:00:04.509691   CLFSH - CLFLUSH instruction                             = 1 (1)
00:00:04.509692   DS - Debug Store                                        = 0 (0)
00:00:04.509693   ACPI - Thermal Mon. & Soft. Clock Ctrl.                 = 0 (0)
00:00:04.509693   MMX - Intel MMX Technology                              = 1 (1)
00:00:04.509694   FXSR - FXSAVE and FXRSTOR instructions                  = 1 (1)
00:00:04.509694   SSE - SSE support                                       = 1 (1)
00:00:04.509695   SSE2 - SSE2 support                                     = 1 (1)
00:00:04.509696   SS - Self Snoop                                         = 0 (0)
00:00:04.509697   HTT - Hyper-Threading Technology                        = 1 (1)
00:00:04.509697   TM - Therm. Monitor                                     = 0 (0)
00:00:04.509698   PBE - Pending Break Enabled                             = 0 (0)
00:00:04.509705   SSE3 - SSE3 support                                     = 1 (1)
00:00:04.509705   PCLMUL - PCLMULQDQ support (for AES-GCM)                = 1 (1)
00:00:04.509706   DTES64 - DS Area 64-bit Layout                          = 0 (0)
00:00:04.509707   MONITOR - MONITOR/MWAIT instructions                    = 0 (1)
00:00:04.509707   CPL-DS - CPL Qualified Debug Store                      = 0 (0)
00:00:04.509708   VMX - Virtual Machine Extensions                        = 0 (0)
00:00:04.509709   SMX - Safer Mode Extensions                             = 0 (0)
00:00:04.509709   EST - Enhanced SpeedStep Technology                     = 0 (0)
00:00:04.509710   TM2 - Terminal Monitor 2                                = 0 (0)
00:00:04.509711   SSSE3 - Supplemental Streaming SIMD Extensions 3        = 1 (1)
00:00:04.509711   CNTX-ID - L1 Context ID                                 = 0 (0)
00:00:04.509712   SDBG - Silicon Debug interface                          = 0 (0)
00:00:04.509713   FMA - Fused Multiply Add extensions                     = 1 (1)
00:00:04.509713   CX16 - CMPXCHG16B instruction                           = 1 (1)
00:00:04.509714   TPRUPDATE - xTPR Update Control                         = 0 (0)
00:00:04.509715   PDCM - Perf/Debug Capability MSR                        = 0 (0)
00:00:04.509715   PCID - Process Context Identifiers                      = 0 (0)
00:00:04.509716   DCA - Direct Cache Access                               = 0 (0)
00:00:04.509717   SSE4_1 - SSE4_1 support                                 = 1 (1)
00:00:04.509718   SSE4_2 - SSE4_2 support                                 = 1 (1)
00:00:04.509718   X2APIC - x2APIC support                                 = 0 (0)
00:00:04.509719   MOVBE - MOVBE instruction                               = 1 (1)
00:00:04.509720   POPCNT - POPCNT instruction                             = 1 (1)
00:00:04.509720   TSCDEADL - Time Stamp Counter Deadline                  = 0 (0)
00:00:04.509721   AES - AES instructions                                  = 1 (1)
00:00:04.509722   XSAVE - XSAVE instruction                               = 1 (1)
00:00:04.509722   OSXSAVE - OSXSAVE instruction                           = 0 (1)
00:00:04.509723   AVX - AVX support                                       = 1 (1)
00:00:04.509724   F16C - 16-bit floating point conversion instructions    = 1 (1)
00:00:04.509724   RDRAND - RDRAND instruction                             = 1 (1)
00:00:04.509725   HVP - Hypervisor Present (we're a guest)                = 1 (0)
00:00:04.509726 Structured Extended Feature Flags Enumeration (leaf 7):
00:00:04.509726 Sub-leaf 0
00:00:04.509726   Mnemonic - Description                                  = guest (host)
00:00:04.509727   FSGSBASE - RDFSBASE/RDGSBASE/WRFSBASE/WRGSBASE instr.   = 1 (1)
00:00:04.509728   TSCADJUST - Supports MSR_IA32_TSC_ADJUST                = 0 (0)
00:00:04.509728   SGX - Supports Software Guard Extensions                = 0 (0)
00:00:04.509729   BMI1 - Advanced Bit Manipulation extension 1            = 1 (1)
00:00:04.509730   HLE - Hardware Lock Elision                             = 0 (0)
00:00:04.509730   AVX2 - Advanced Vector Extensions 2                     = 1 (1)
00:00:04.509731   FDP_EXCPTN_ONLY - FPU DP only updated on exceptions     = 0 (0)
00:00:04.509731   SMEP - Supervisor Mode Execution Prevention             = 0 (1)
00:00:04.509732   BMI2 - Advanced Bit Manipulation extension 2            = 1 (1)
00:00:04.509733   ERMS - Enhanced REP MOVSB/STOSB instructions            = 0 (0)
00:00:04.509733   INVPCID - INVPCID instruction                           = 0 (0)
00:00:04.509734   RTM - Restricted Transactional Memory                   = 0 (0)
00:00:04.509734   PQM - Platform Quality of Service Monitoring            = 0 (1)
00:00:04.509735   DEPFPU_CS_DS - Deprecates FPU CS, FPU DS values if set  = 0 (0)
00:00:04.509736   MPE - Intel Memory Protection Extensions                = 0 (0)
00:00:04.509736   PQE - Platform Quality of Service Enforcement           = 0 (1)
00:00:04.509737   AVX512F - AVX512 Foundation instructions                = 0 (0)
00:00:04.509737   RDSEED - RDSEED instruction                             = 1 (1)
00:00:04.509738   ADX - ADCX/ADOX instructions                            = 1 (1)
00:00:04.509739   SMAP - Supervisor Mode Access Prevention                = 0 (1)
00:00:04.509739   CLFLUSHOPT - CLFLUSHOPT (Cache Line Flush) instruction  = 1 (1)
00:00:04.509740   CLWB - CLWB instruction                                 = 0 (1)
00:00:04.509740   INTEL_PT - Intel Processor Trace                        = 0 (0)
00:00:04.509741   AVX512PF - AVX512 Prefetch instructions                 = 0 (0)
00:00:04.509742   AVX512ER - AVX512 Exponential & Reciprocal instructions = 0 (0)
00:00:04.509742   AVX512CD - AVX512 Conflict Detection instructions       = 0 (0)
00:00:04.509743   SHA - Secure Hash Algorithm extensions                  = 1 (1)
00:00:04.509746   PREFETCHWT1 - PREFETCHWT1 instruction                   = 0 (0)
00:00:04.509747   UMIP - User mode insturction prevention                 = 0 (1)
00:00:04.509748   PKU - Protection Key for Usermode pages                 = 0 (0)
00:00:04.509748   OSPKE - CR4.PKU mirror                                  = 0 (0)
00:00:04.509749   MAWAU - Value used by BNDLDX & BNDSTX                   = 0x0 (0x0)
00:00:04.509750   RDPID - Read processor ID support                       = 0 (1)
00:00:04.509750   SGX_LC - Supports SGX Launch Configuration              = 0 (0)
00:00:04.509751  Sub-leaf 2
00:00:04.509755   Mnemonic - Description                                  = guest (host)
00:00:04.509755   PSFD - Supports IA32_SPEC_CTRL[7] (PSFD)                = 0 (0)
00:00:04.509756   IPRED_CTRL - Supports IA32_SPEC_CTRL[4:3] (IPRED_DIS)   = 0 (0)
00:00:04.509756   RRSBA_CTRL - Supports IA32_SPEC_CTRL[6:5] (RRSBA_DIS)   = 0 (0)
00:00:04.509757   DDPD_U - Supports IA32_SPEC_CTRL[8] (DDPD_U)            = 0 (0)
00:00:04.509758   BHI_CTRL - Supports IA32_SPEC_CTRL[10] (BHI_DIS_S)      = 0 (0)
00:00:04.509758   MCDT_NO - No MXCSR Config Dependent Timing issues       = 0 (0)
00:00:04.509759   UC_LOCK_DIS - Supports UC-lock disable and causing #AC  = 0 (0)
00:00:04.509759   MONITOR_MITG_NO - No MONITOR/UMONITOR power issues      = 0 (0)
00:00:04.509760 Processor Extended State Enumeration (leaf 0xd):
00:00:04.509760    XSAVE area cur/max size by XCR0, guest: 0x340/0x340
00:00:04.509761     XSAVE area cur/max size by XCR0, host: 0x340/0x380
00:00:04.509761                    Valid XCR0 bits, guest: 0x00000000`00000007 ( x87 SSE YMM_Hi128 )
00:00:04.509763                     Valid XCR0 bits, host: 0x00000000`00000207 ( x87 SSE YMM_Hi128 9 )
00:00:04.509764                     XSAVE features, guest:
00:00:04.509765                      XSAVE features, host: XSAVEOPT XSAVEC XGETBC1 XSAVES
00:00:04.509766       XSAVE area cur size XCR0|XSS, guest: 0x340
00:00:04.509766        XSAVE area cur size XCR0|XSS, host: 0x340
00:00:04.509767                Valid IA32_XSS bits, guest: 0x00000000`00000000
00:00:04.509767                 Valid IA32_XSS bits, host: 0x00000000`00000000
00:00:04.509768   State #2, guest: off=0x0240, cb=0x0100 IA32_XSS-bit -- YMM_Hi128
00:00:04.509769   State #2, host:  off=0x0240, cb=0x0100 IA32_XSS-bit -- YMM_Hi128
00:00:04.509770   State #9, host:  off=0x0340, cb=0x0040 IA32_XSS-bit -- 9
00:00:04.509773          Unknown CPUID Leaves
00:00:04.509774      Leaf/sub-leaf  eax      ebx      ecx      edx
00:00:04.509774 Gst: 0000000f/0001  00000000 00000000 00000000 00000000
00:00:04.509774 Hst:                00000000 00000040 000000ff 00000007
00:00:04.509775 Gst: 0000000f/0002  00000000 00000000 00000000 00000000
00:00:04.509775 Hst:                00000000 00000000 00000000 00000000
00:00:04.509776 Gst: 00000010/0000  00000000 00000000 00000000 00000000
00:00:04.509776 Hst:                00000000 00000002 00000000 00000000
00:00:04.509777 Gst: 00000010/0001  00000000 00000000 00000000 00000000
00:00:04.509777 Hst:                0000000f 00000000 00000004 0000000f
00:00:04.509778 Gst: 00000010/0002  00000000 00000000 00000000 00000000
00:00:04.509778 Hst:                00000000 00000000 00000000 00000000
00:00:04.509778          Raw Hypervisor CPUID Leaves
00:00:04.509779      Leaf/sub-leaf  eax      ebx      ecx      edx
00:00:04.509779 Gst: 40000000/0000  40000006 786f4256 786f4256 786f4256
00:00:04.509780 Hst:                00000000 00000000 00000000 00000000
00:00:04.509780 Gst: 40000001/0000  31237648 00000000 00000000 00000000
00:00:04.509781 Hst:                00000000 00000000 00000000 00000000
00:00:04.509781 Gst: 40000002/0000  00000000 00000000 00000000 00000000
00:00:04.509782 Hst:                00000000 00000000 00000000 00000000
00:00:04.509782 Gst: 40000003/0000  00000af2 00100000 00000000 00000500
00:00:04.509783 Hst:                00000000 00000000 00000000 00000000
00:00:04.509783 Gst: 40000004/0000  00000130 ffffffff 00000000 00000000
00:00:04.509783 Hst:                00000000 00000000 00000000 00000000
00:00:04.509784 Gst: 40000005/0000  00000000 00000000 00000000 00000000
00:00:04.509784 Hst:                00000000 00000000 00000000 00000000
00:00:04.509785 Gst: 40000006/0000  0000000a 00000000 00000000 00000000
00:00:04.509785 Hst:                00000000 00000000 00000000 00000000
00:00:04.509786          Raw Extended CPUID Leaves
00:00:04.509786      Leaf/sub-leaf  eax      ebx      ecx      edx
00:00:04.509789 Gst: 80000000/0000  80000020 68747541 444d4163 69746e65
00:00:04.509790 Hst:                80000020 68747541 444d4163 69746e65
00:00:04.509790 Gst: 80000001/0000  00870f10 20000000 000001f3 2bd3fb7f
00:00:04.509791 Hst:                00870f10 20000000 75c237ff 2fd3fbff
00:00:04.509792 Gst: 80000002/0000  20444d41 657a7952 2037206e 30303733
00:00:04.509792 Hst:                20444d41 657a7952 2037206e 30303733
00:00:04.509793 Gst: 80000003/0000  2d382058 65726f43 6f725020 73736563
00:00:04.509794 Hst:                2d382058 65726f43 6f725020 73736563
00:00:04.509794 Gst: 80000004/0000  2020726f 20202020 20202020 00202020
00:00:04.509795 Hst:                2020726f 20202020 20202020 00202020
00:00:04.509796 Gst: 80000005/0000  ff40ff40 ff40ff40 20080140 20080140
00:00:04.509796 Hst:                ff40ff40 ff40ff40 20080140 20080140
00:00:04.509797 Gst: 80000006/0000  48006400 68006400 02006140 01009140
00:00:04.509798 Hst:                48006400 68006400 02006140 01009140
00:00:04.509798 Gst: 80000007/0000  00000000 00000000 00000000 00000100
00:00:04.509799 Hst:                00000000 0000001b 00000000 00006799
00:00:04.509799 Gst: 80000008/0000  00003030 04000000 00000001 00000000
00:00:04.509800 Hst:                00003030 010eb757 0000700f 00010000
00:00:04.509801 Gst: 80000009/0000  00000000 00000000 00000000 00000000
00:00:04.509801 Hst:                00000000 00000000 00000000 00000000
00:00:04.509801 Gst: 8000000a/0000  00000000 00000000 00000000 00000000
00:00:04.509802 Hst:                00000001 00008000 00000000 0013bcff
00:00:04.509802 Gst: 8000000b/0000  00000000 00000000 00000000 00000000
00:00:04.509803 Hst:                00000000 00000000 00000000 00000000
00:00:04.509803 Gst: 8000000c/0000  00000000 00000000 00000000 00000000
00:00:04.509804 Hst:                00000000 00000000 00000000 00000000
00:00:04.509804 Gst: 8000000d/0000  00000000 00000000 00000000 00000000
00:00:04.509805 Hst:                00000000 00000000 00000000 00000000
00:00:04.509805 Gst: 8000000e/0000  00000000 00000000 00000000 00000000
00:00:04.509806 Hst:                00000000 00000000 00000000 00000000
00:00:04.509806 Gst: 8000000f/0000  00000000 00000000 00000000 00000000
00:00:04.509806 Hst:                00000000 00000000 00000000 00000000
00:00:04.509807 Gst: 80000010/0000  00000000 00000000 00000000 00000000
00:00:04.509807 Hst:                00000000 00000000 00000000 00000000
00:00:04.509808 Gst: 80000011/0000  00000000 00000000 00000000 00000000
00:00:04.509808 Hst:                00000000 00000000 00000000 00000000
00:00:04.509809 Gst: 80000012/0000  00000000 00000000 00000000 00000000
00:00:04.509809 Hst:                00000000 00000000 00000000 00000000
00:00:04.509810 Gst: 80000013/0000  00000000 00000000 00000000 00000000
00:00:04.509810 Hst:                00000000 00000000 00000000 00000000
00:00:04.509810 Gst: 80000014/0000  00000000 00000000 00000000 00000000
00:00:04.509811 Hst:                00000000 00000000 00000000 00000000
00:00:04.509811 Gst: 80000015/0000  00000000 00000000 00000000 00000000
00:00:04.509812 Hst:                00000000 00000000 00000000 00000000
00:00:04.509812 Gst: 80000016/0000  00000000 00000000 00000000 00000000
00:00:04.509813 Hst:                00000000 00000000 00000000 00000000
00:00:04.509813 Gst: 80000017/0000  00000000 00000000 00000000 00000000
00:00:04.509814 Hst:                00000000 00000000 00000000 00000000
00:00:04.509814 Gst: 80000018/0000  00000000 00000000 00000000 00000000
00:00:04.509814 Hst:                00000000 00000000 00000000 00000000
00:00:04.509815 Gst: 80000019/0000  f040f040 00000000 00000000 00000000
00:00:04.509815 Hst:                f040f040 00000000 00000000 00000000
00:00:04.509816 Gst: 8000001a/0000  00000002 00000000 00000000 00000000
00:00:04.509816 Hst:                00000006 00000000 00000000 00000000
00:00:04.509817 Gst: 8000001b/0000  00000000 00000000 00000000 00000000
00:00:04.509817 Hst:                000003ff 00000000 00000000 00000000
00:00:04.509818 Gst: 8000001c/0000  00000000 00000000 00000000 00000000
00:00:04.509818 Hst:                00000000 00000000 00000000 00000000
00:00:04.509818 Gst: 8000001d/0000  00004121 01c0003f 0000003f 00000000
00:00:04.509819 Hst:                00004121 01c0003f 0000003f 00000000
00:00:04.509820 Gst: 8000001d/0001  00004122 01c0003f 0000003f 00000000
00:00:04.509820 Hst:                00004122 01c0003f 0000003f 00000000
00:00:04.509821 Gst: 8000001d/0002  00004143 01c0003f 000003ff 00000002
00:00:04.509821 Hst:                00004143 01c0003f 000003ff 00000002
00:00:04.509822 Gst: 8000001d/0003  00004163 03c0003f 00003fff 00000001
00:00:04.509822 Hst:                0001c163 03c0003f 00003fff 00000001
00:00:04.509823 Gst: 8000001d/0004  00000000 00000000 00000000 00000000
00:00:04.509823 Hst:                00000000 00000000 00000000 00000000
00:00:04.509824 Gst: 8000001e/0000  00000000 00000100 00000000 00000000
00:00:04.509824 Hst:                00000004 00000102 00000000 00000000
00:00:04.509825 Gst: 8000001f/0000  0001000f 0000016f 000001fd 00000001
00:00:04.509825 Hst:                0001000f 0000016f 000001fd 00000001
00:00:04.509826 Gst: 80000020/0000  00000000 00000000 00000000 00000000
00:00:04.509826 Hst:                00000000 00000002 00000000 00000000
00:00:04.509827 Ext Name:                        AuthenticAMD
00:00:04.509827 Ext Supports:                    0x80000000-0x80000020
00:00:04.509827 Family:                          15  	Extended: 8 	Effective: 23
00:00:04.509828 Model:                           1  	Extended: 7 	Effective: 113
00:00:04.509828 Stepping:                        0
00:00:04.509829 Brand ID:                        0x000
00:00:04.509829 Ext Features
00:00:04.509829   Mnemonic - Description                                  = guest (host)
00:00:04.509830   FPU - x87 FPU on Chip                                   = 1 (1)
00:00:04.509831   VME - Virtual 8086 Mode Enhancements                    = 1 (1)
00:00:04.509832   DE - Debugging extensions                               = 1 (1)
00:00:04.509832   PSE - Page Size Extension                               = 1 (1)
00:00:04.509833   TSC - Time Stamp Counter                                = 1 (1)
00:00:04.509834   MSR - K86 Model Specific Registers                      = 1 (1)
00:00:04.509834   PAE - Physical Address Extension                        = 1 (1)
00:00:04.509835   MCE - Machine Check Exception                           = 0 (1)
00:00:04.509836   CX8 - CMPXCHG8B instruction                             = 1 (1)
00:00:04.509836   APIC - APIC On-Chip                                     = 1 (1)
00:00:04.509837   SEP - SYSCALL/SYSRET                                    = 1 (1)
00:00:04.509838   MTRR - Memory Type Range Registers                      = 1 (1)
00:00:04.509838   PGE - PTE Global Bit                                    = 1 (1)
00:00:04.509839   MCA - Machine Check Architecture                        = 1 (1)
00:00:04.509840   CMOV - Conditional Move instructions                    = 1 (1)
00:00:04.509840   PAT - Page Attribute Table                              = 1 (1)
00:00:04.509841   PSE-36 - 36-bit Page Size Extension                     = 1 (1)
00:00:04.509842   NX - No-Execute/Execute-Disable                         = 1 (1)
00:00:04.509842   AXMMX - AMD Extensions to MMX instructions              = 1 (1)
00:00:04.509843   MMX - Intel MMX Technology                              = 1 (1)
00:00:04.509844   FXSR - FXSAVE and FXRSTOR Instructions                  = 1 (1)
00:00:04.509847   FFXSR - AMD fast FXSAVE and FXRSTOR instructions        = 1 (1)
00:00:04.509848   Page1GB - 1 GB large page                               = 0 (1)
00:00:04.509849   RDTSCP - RDTSCP instruction                             = 1 (1)
00:00:04.509849   LM - AMD64 Long Mode                                    = 1 (1)
00:00:04.509850   3DNOWEXT - AMD Extensions to 3DNow                      = 0 (0)
00:00:04.509851   3DNOW - AMD 3DNow                                       = 0 (0)
00:00:04.509852   LahfSahf - LAHF/SAHF support in 64-bit mode             = 1 (1)
00:00:04.509852   CmpLegacy - Core multi-processing legacy mode           = 1 (1)
00:00:04.509853   SVM - AMD Secure Virtual Machine extensions             = 0 (1)
00:00:04.509854   EXTAPIC - AMD Extended APIC registers                   = 0 (1)
00:00:04.509854   CR8L - AMD LOCK MOV CR0 means MOV CR8                   = 1 (1)
00:00:04.509855   ABM - AMD Advanced Bit Manipulation                     = 1 (1)
00:00:04.509855   SSE4A - SSE4A instructions                              = 1 (1)
00:00:04.509856   MISALIGNSSE - AMD Misaligned SSE mode                   = 1 (1)
00:00:04.509857   3DNOWPRF - AMD PREFETCH and PREFETCHW instructions      = 1 (1)
00:00:04.509857   OSVW - AMD OS Visible Workaround                        = 0 (1)
00:00:04.509858   IBS - Instruct Based Sampling                           = 0 (1)
00:00:04.509859   XOP - Extended Operation support                        = 0 (0)
00:00:04.509859   SKINIT - SKINIT, STGI, and DEV support                  = 0 (1)
00:00:04.509860   WDT - AMD Watchdog Timer support                        = 0 (1)
00:00:04.509860   LWP - Lightweight Profiling support                     = 0 (0)
00:00:04.509861   FMA4 - Four operand FMA instruction support             = 0 (0)
00:00:04.509862   TCE - Translation Cache Extension support               = 0 (1)
00:00:04.509862   NodeId - NodeId in MSR C001_100C                        = 0 (0)
00:00:04.509863   TBM - Trailing Bit Manipulation instructions            = 0 (0)
00:00:04.509863   TOPOEXT - Topology Extensions                           = 0 (1)
00:00:04.509864   PRFEXTCORE - Performance Counter Extensions support     = 0 (1)
00:00:04.509865   PRFEXTNB - NB Performance Counter Extensions support    = 0 (1)
00:00:04.509865   DATABPEXT - Data-access Breakpoint Extension            = 0 (1)
00:00:04.509866   PERFTSC - Performance Time Stamp Counter                = 0 (0)
00:00:04.509866   PCX_L2I - L2I/L3 Performance Counter Extensions         = 0 (1)
00:00:04.509867   MONITORX - MWAITX and MONITORX instructions             = 0 (1)
00:00:04.509867   AddrMaskExt - BP Addressing masking extended to bit 31  = 0 (1)
00:00:04.509868 SVM Feature Identification (leaf A)
00:00:04.509868   Mnemonic - Description                                  = guest (host)
00:00:04.509869   NP - Nested Paging                                      = 0 (1)
00:00:04.509870   LbrVirt - Last Branch Record Virtualization             = 0 (1)
00:00:04.509870   SVML - SVM Lock                                         = 0 (1)
00:00:04.509871   NRIPS - NextRIP Save                                    = 0 (1)
00:00:04.509872   TscRateMsr - MSR based TSC rate control                 = 0 (1)
00:00:04.509873   VmcbClean - VMCB clean bits                             = 0 (1)
00:00:04.509873   FlushByASID - Flush by ASID                             = 0 (1)
00:00:04.509874   DecodeAssists - Decode Assists                          = 0 (1)
00:00:04.509875   PauseFilter - Pause intercept filter                    = 0 (1)
00:00:04.509875   11 - Reserved                                           = 0 (1)
00:00:04.509876   PauseFilterThreshold - Pause filter threshold           = 0 (1)
00:00:04.509877   AVIC - Advanced Virtual Interrupt Controller            = 0 (1)
00:00:04.509877   VMSAVEVirt - VMSAVE and VMLOAD Virtualization           = 0 (1)
00:00:04.509878   VGIF - Virtual Global-Interrupt Flag                    = 0 (1)
00:00:04.509879   GMET - Guest Mode Execute Trap Extension                = 0 (1)
00:00:04.509879   x2AVIC - AVIC support for x2APIC mode                   = 0 (0)
00:00:04.509880   SSSCheck - SVM supervisor shadow stack restrictions     = 0 (0)
00:00:04.509880   SpecCtrl - SPEC_CTRL virtualization                     = 0 (1)
00:00:04.509881   ROGPT - Read-Only Guest Page Table feature support      = 0 (0)
00:00:04.509881   HOST_MCE_OVERRIDE - Guest #MC can be intercepted        = 0 (0)
00:00:04.509882   TlbiCtl - INVLPGB/TLBSYNC enable and intercept          = 0 (0)
00:00:04.509882   VNMI - NMI Virtualization                               = 0 (0)
00:00:04.509883   IbsVirt - IBS Virtualization                            = 0 (0)
00:00:04.509884   ExtLvtAvicAccessChg - Extended LVT AVIC access changes  = 0 (0)
00:00:04.509884   NestedVirtVmcbAddrChk - Guest VMCB address check        = 0 (0)
00:00:04.509885   BusLockThreshold - Bus Lock Threshold                   = 0 (0)
00:00:04.509886 Full Name:                       "AMD Ryzen 7 3700X 8-Core Processor             "
00:00:04.509886 TLB 2/4M Instr/Uni:              fully  64 entries
00:00:04.509886 TLB 2/4M Data:                   fully  64 entries
00:00:04.509887 TLB 4K Instr/Uni:                fully  64 entries
00:00:04.509887 TLB 4K Data:                     fully  64 entries
00:00:04.509888 L1 Instr Cache Line Size:        64 bytes
00:00:04.509888 L1 Instr Cache Lines Per Tag:    1
00:00:04.509888 L1 Instr Cache Associativity:    8 way
00:00:04.509889 L1 Instr Cache Size:             32 KB
00:00:04.509889 L1 Data Cache Line Size:         64 bytes
00:00:04.509889 L1 Data Cache Lines Per Tag:     1
00:00:04.509890 L1 Data Cache Associativity:     8 way
00:00:04.509890 L1 Data Cache Size:              32 KB
00:00:04.509890 L2 TLB 2/4M Instr/Uni:           8 way  1024 entries
00:00:04.509891 L2 TLB 2/4M Data:                4 way  2048 entries
00:00:04.509894 L2 TLB 4K Instr/Uni:             8 way  1024 entries
00:00:04.509894 L2 TLB 4K Data:                  8 way  2048 entries
00:00:04.509894 L2 Cache Line Size:              64 bytes
00:00:04.509894 L2 Cache Lines Per Tag:          1
00:00:04.509895 L2 Cache Associativity:          8 way 
00:00:04.509895 L2 Cache Size:                   512 KB
00:00:04.509895 L3 Cache Line Size:              64 bytes
00:00:04.509895 L3 Cache Lines Per Tag:          1
00:00:04.509896 L3 Cache Associativity:          tpoext
00:00:04.509896 L3 Cache Size:                   32768 KB
00:00:04.509896 APM Features EDX
00:00:04.509897   Mnemonic - Description                                  = guest (host)
00:00:04.509897   TS - Temperature Sensor                                 = 0 (1)
00:00:04.509898   FID - Frequency ID control                              = 0 (0)
00:00:04.509899   VID - Voltage ID control                                = 0 (0)
00:00:04.509900   TTP - Thermal Trip                                      = 0 (1)
00:00:04.509900   TM - Hardware Thermal Control (HTC)                     = 0 (1)
00:00:04.509901   100MHzSteps - 100 MHz Multiplier control                = 0 (0)
00:00:04.509902   HwPstate - Hardware P-state control                     = 0 (1)
00:00:04.509902   TscInvariant - Invariant Time Stamp Counter             = 1 (1)
00:00:04.509903   CPB - Core Performance Boost                            = 0 (1)
00:00:04.509903   EffFreqRO - Read-only Effective Frequency Interface     = 0 (1)
00:00:04.509904   ProcFdbkIf - Processor Feedback Interface               = 0 (0)
00:00:04.509905   ProcPwrRep - Core power reporting interface support     = 0 (0)
00:00:04.509905   ConnectedStandby - Connected Standby                    = 0 (1)
00:00:04.509907   RAPL - Running average power limit                      = 0 (1)
00:00:04.509908 Ext Features ext IDs EBX
00:00:04.509908   Mnemonic - Description                                  = guest (host)
00:00:04.509909   CLZERO - Clear zero instruction (cacheline)             = 0 (1)
00:00:04.509910   IRPerf - Instructions retired count support             = 0 (1)
00:00:04.509910   XSaveErPtr - Save/restore error pointers (FXSAVE/RSTOR) = 0 (1)
00:00:04.509911   INVLPGB - INVLPGB and TLBSYNC instructions              = 0 (0)
00:00:04.509911   RDPRU - RDPRU instruction                               = 0 (1)
00:00:04.509912   BE - Bandwidth Enforcement extension                    = 0 (1)
00:00:04.509913   MCOMMIT - MCOMMIT instruction                           = 0 (1)
00:00:04.509913   WBNOINVD - WBNOINVD instruction                         = 0 (1)
00:00:04.509914   10 - Reserved                                           = 0 (1)
00:00:04.509915   IBPB - Supports the IBPB command in IA32_PRED_CMD       = 0 (1)
00:00:04.509915   INT_WBINVD - WBINVD/WBNOINVD interruptible              = 0 (1)
00:00:04.509916   IBRS - Indirect Branch Restricted Speculation           = 0 (0)
00:00:04.509916   STIBP - Single Thread Indirect Branch Prediction        = 0 (1)
00:00:04.509917   IbrsAlwaysOn - Processor prefers that IBRS be left on   = 0 (0)
00:00:04.509918   StibpAlwaysOn - Processor prefers that STIBP be left on = 0 (1)
00:00:04.509918   IbrsPreferred - IBRS preferred over software solution   = 0 (1)
00:00:04.509919   IbrsSameMode - IBRS limits same mode speculation        = 0 (1)
00:00:04.509919   EferLmsleUnsupported - EFER.LMSLE is unsupported        = 0 (0)
00:00:04.509920   INVLPGBnestedPages - INVLPGB for nested translation     = 0 (0)
00:00:04.509920   PPIN - Protected processor inventory number             = 0 (0)
00:00:04.509921   SSBD - Speculative Store Bypass Disable                 = 0 (1)
00:00:04.509921   SsbdVirtSpecCtrl - Use VIRT_SPEC_CTL for SSBD           = 0 (0)
00:00:04.509922   SsbdNotRequired - SSBD not needed on this processor     = 1 (0)
00:00:04.509922   CPPC - Collaborative Processor Performance Control      = 0 (0)
00:00:04.509923   PSFD - Predictive Store Forward Disable                 = 0 (0)
00:00:04.509923   BTC_NO - Unaffected by branch type confusion            = 0 (0)
00:00:04.509924   IBPB_RET - Clears RA predictor when PRED_CMD.IBPB set   = 0 (0)
00:00:04.509924 Physical Address Width:          48 bits
00:00:04.509925 Virtual Address Width:           48 bits
00:00:04.509925 Guest Physical Address Width:    48 bits (0)
00:00:04.509925 Physical Core Count:             2
00:00:04.509926 APIC ID size:                    2 (0x2)
00:00:04.509926 Performance TSC size:            40 bits
00:00:04.509926 Max page count for INVLPGB:      0x3030
00:00:04.509927 Max ECX for RDPRU:               0x0
00:00:04.509927 
00:00:04.509927 ******************** End of CPUID dump **********************
00:00:04.508996 HM: fUsePauseFilter=false fUseLbrVirt=false fUseVGif=true fUseVirtVmsaveVmload=true
00:00:04.510059 VMEmt: Halt method global1 (5)
00:00:04.510079 VMEmt: HaltedGlobal1 config: cNsSpinBlockThresholdCfg=50000
00:00:04.510092 Changing the VM state from 'CREATING' to 'CREATED'
00:00:04.511306 NAT: DNS settings changed, triggering update
00:00:04.511468 Changing the VM state from 'CREATED' to 'POWERING_ON'
00:00:04.511612 AIOMgr: Endpoints without assigned bandwidth groups:
00:00:04.511620 AIOMgr:     C:/Users/44771/Desktop/Cybersecurity/2026-Cybersecurity/Day 1 Setup/HomeLab-AD/ISO/SERVER_EVAL_x64FRE_en-us.iso
00:00:04.511623 AIOMgr:     C:\Users\44771\Desktop\Cybersecurity\2026-Cybersecurity\Day 1 Setup\HomeLab-AD\VMs\DC01\DC01.vdi
00:00:04.511712 Changing the VM state from 'POWERING_ON' to 'RUNNING'
00:00:04.511740 Console: Machine state changed to 'Running'
00:00:04.513925 VMMDev: Guest Log: BIOS: VirtualBox 7.1.10
00:00:04.514008 PCI: Setting up resources and interrupts
00:00:04.514967 PIT: mode=2 count=0x10000 (65536) - 18.20 Hz (ch=0)
00:00:04.522945 VMMDev: Guest Log: CPUID EDX: 0x178bfbff
00:00:04.523279 VMMDev: Guest Log: BIOS: No PCI IDE controller, not probing IDE
00:00:04.523461 AHCI#0: Reset the HBA
00:00:04.523467 VD#0: Cancelling all active requests
00:00:04.523497 AHCI#0: Port 0 reset
00:00:04.523526 VD#0: Cancelling all active requests
00:00:04.523887 VMMDev: Guest Log: BIOS: AHCI 0-P#0: PCHS=16383/16/63 LCHS=1024/255/63 0x0000000007800000 sectors
00:00:04.523923 AHCI#0: Port 1 reset
00:00:04.525759 PIT: mode=2 count=0x48d3 (18643) - 64.00 Hz (ch=0)
00:00:04.530710 GUI: UIMachineViewNormal::resendSizeHint: Restoring guest size-hint for screen 0 to 800x600
00:00:04.535401 GUI: UIMachineLogicNormal::sltCheckForRequestedVisualStateType: Requested-state=1, Machine-state=6
00:00:04.546576 Display::i_handleDisplayResize: uScreenId=0 pvVRAM=000002074aec0000 w=640 h=480 bpp=32 cbLine=0xA00 flags=0x0 origin=0,0
00:00:06.999743 PIT: mode=2 count=0x10000 (65536) - 18.20 Hz (ch=0)
00:00:06.999904 VMMDev: Guest Log: BIOS: Boot : bseqnr=1, bootseq=0132
00:00:07.000123 VMMDev: Guest Log: BIOS: Boot from Hard Disk 0 failed
00:00:07.000268 VMMDev: Guest Log: BIOS: Boot : bseqnr=2, bootseq=0013
00:00:07.000855 VMMDev: Guest Log: BIOS: Booting from CD-ROM...
00:00:07.010477 Display::i_handleDisplayResize: uScreenId=0 pvVRAM=0000000000000000 w=720 h=400 bpp=0 cbLine=0x0 flags=0x0 origin=0,0
00:00:07.219759 Display::i_handleDisplayResize: uScreenId=0 pvVRAM=000002074aec0000 w=1024 h=768 bpp=24 cbLine=0xC00 flags=0x0 origin=0,0
00:00:07.538758 GUI: UIMediumEnumerator: Medium-enumeration finished!
00:00:09.256266 VMMDev: Guest Log: BIOS: int13_diskette_function: unsupported AH=41
00:00:10.097803 GIM: HyperV: Guest OS reported ID 0x1040a0000271b
00:00:10.097828 GIM: HyperV: Open-source=false Vendor=0x1 OS=0x4 (Windows NT or derivative) Major=10 Minor=0 ServicePack=0 Build=10011
00:00:10.097853 GIM: HyperV: Enabled hypercall page at 0x00000000002df000
00:00:10.098199 GIM: HyperV: Queried extended hypercall capabilities 0x1 at 0x0000000000007000
00:00:10.098333 GIM: HyperV: Enabled TSC page at 0x000000000000c000 - u64TscScale=0xb662f600000000 u64TscKHz=0x36d41f (3 593 247) Seq=1
00:00:10.098371 TM: Switching TSC mode from 'VirtTSCEmulated' to 'RealTSCOffset'
00:00:10.098439 GIM0: HyperV: Enabled APIC-assist page at 0x000000000000d000
00:00:10.130159 RTC: period=0x10 (16) 2048 Hz
00:00:10.272852 GUI: Request to close active machine-window.
00:00:10.274970 Changing the VM state from 'RUNNING' to 'SUSPENDING'
00:00:10.289246 AIOMgr: Endpoint for file 'C:\Users\44771\Desktop\Cybersecurity\2026-Cybersecurity\Day 1 Setup\HomeLab-AD\VMs\DC01\DC01.vdi' (flags 000c0781) created successfully
00:00:10.290530 PDMR3Suspend: 15 512 050 ns run time
00:00:10.290545 Changing the VM state from 'SUSPENDING' to 'SUSPENDED'
00:00:10.290554 Console: Machine state changed to 'Paused'
00:00:13.234110 GUI: Request for close-action to power VM off.
00:00:13.234356 GUI: Powering VM off..
00:00:13.239860 Console: Machine state changed to 'Stopping'
00:00:13.240345 Console::powerDown(): A request to power off the VM has been issued (mMachineState=Stopping, InUninit=0)
00:00:13.240509 Changing the VM state from 'SUSPENDED' to 'POWERING_OFF'
00:00:13.240543 ****************** Guest state at power off for VCpu 1 ******************
00:00:13.240567 Guest CPUM (VCPU 1) state: 
00:00:13.240573 eax=00000000 ebx=00000000 ecx=00000000 edx=00000600 esi=00000000 edi=00000000
00:00:13.240574 eip=0000fff0 esp=00000000 ebp=00000000 iopl=0         nv up di pl zr na pe nc
00:00:13.240575 cs={f000 base=00000000ffff0000 limit=0000ffff flags=0000009b} dr0=00000000 dr1=00000000
00:00:13.240578 ds={0000 base=0000000000000000 limit=0000ffff flags=00000093} dr2=00000000 dr3=00000000
00:00:13.240579 es={0000 base=0000000000000000 limit=0000ffff flags=00000093} dr4=00000000 dr5=00000000
00:00:13.240579 fs={0000 base=0000000000000000 limit=0000ffff flags=00000093} dr6=ffff0ff0 dr7=00000400
00:00:13.240580 gs={0000 base=0000000000000000 limit=0000ffff flags=00000093} cr0=60000010 cr2=00000000
00:00:13.240581 ss={0000 base=0000000000000000 limit=0000ffff flags=00000093} cr3=00000000 cr4=00000000
00:00:13.240582 gdtr=0000000000000000:ffff  idtr=0000000000000000:ffff  eflags=00000002
00:00:13.240583 ldtr={0000 base=00000000 limit=0000ffff flags=00000082}
00:00:13.240583 tr  ={0000 base=00000000 limit=0000ffff flags=0000008b}
00:00:13.240584 SysEnter={cs=0000 eip=00000000 esp=00000000}
00:00:13.240585 xcr=0000000000000001 xcr1=0000000000000000 xss=0000000000000000 (fXStateMask=0000000000000000)
00:00:13.240586 FCW=037f FSW=0000 FTW=0000 FOP=0000 MXCSR=00001f80 MXCSR_MASK=0002ffff
00:00:13.240587 FPUIP=00000000 CS=0000 Rsrvd1=0000  FPUDP=00000000 DS=0000 Rsvrd2=0000
00:00:13.240588 ST(0)=FPR0={0000'00000000'00000000} t0 +0.0000000000000000000000 * 2 ^ -16383 (*)
00:00:13.240590 ST(1)=FPR1={0000'00000000'00000000} t0 +0.0000000000000000000000 * 2 ^ -16383 (*)
00:00:13.240591 ST(2)=FPR2={0000'00000000'00000000} t0 +0.0000000000000000000000 * 2 ^ -16383 (*)
00:00:13.240592 ST(3)=FPR3={0000'00000000'00000000} t0 +0.0000000000000000000000 * 2 ^ -16383 (*)
00:00:13.240593 ST(4)=FPR4={0000'00000000'00000000} t0 +0.0000000000000000000000 * 2 ^ -16383 (*)
00:00:13.240594 ST(5)=FPR5={0000'00000000'00000000} t0 +0.0000000000000000000000 * 2 ^ -16383 (*)
00:00:13.240595 ST(6)=FPR6={0000'00000000'00000000} t0 +0.0000000000000000000000 * 2 ^ -16383 (*)
00:00:13.240596 ST(7)=FPR7={0000'00000000'00000000} t0 +0.0000000000000000000000 * 2 ^ -16383 (*)
00:00:13.240597 XMM0 =00000000'00000000'00000000'00000000  XMM1 =00000000'00000000'00000000'00000000
00:00:13.240599 XMM2 =00000000'00000000'00000000'00000000  XMM3 =00000000'00000000'00000000'00000000
00:00:13.240600 XMM4 =00000000'00000000'00000000'00000000  XMM5 =00000000'00000000'00000000'00000000
00:00:13.240601 XMM6 =00000000'00000000'00000000'00000000  XMM7 =00000000'00000000'00000000'00000000
00:00:13.240602 XMM8 =00000000'00000000'00000000'00000000  XMM9 =00000000'00000000'00000000'00000000
00:00:13.240604 XMM10=00000000'00000000'00000000'00000000  XMM11=00000000'00000000'00000000'00000000
00:00:13.240605 XMM12=00000000'00000000'00000000'00000000  XMM13=00000000'00000000'00000000'00000000
00:00:13.240606 XMM14=00000000'00000000'00000000'00000000  XMM15=00000000'00000000'00000000'00000000
00:00:13.240611 EFER         =0000000000000000
00:00:13.240612 PAT          =0007040600070406
00:00:13.240612 STAR         =0000000000000000
00:00:13.240612 CSTAR        =0000000000000000
00:00:13.240613 LSTAR        =0000000000000000
00:00:13.240613 SFMASK       =0000000000000000
00:00:13.240613 KERNELGSBASE =0000000000000000
00:00:13.240614 MTRR_CAP          =0000000000000510
00:00:13.240614 MTRR_DEF_TYPE     =0000000000000c00
00:00:13.240614 MTRR_FIX64K_00000 =0606060606060606
00:00:13.240615 MTRR_FIX16K_80000 =0606060606060606
00:00:13.240615 MTRR_FIX16K_A0000 =0000000000000000
00:00:13.240615 MTRR_FIX4K_C0000  =0505050505050505
00:00:13.240616 MTRR_FIX4K_C8000  =0505050505050505
00:00:13.240616 MTRR_FIX4K_D0000  =0505050505050505
00:00:13.240617 MTRR_FIX4K_D8000  =0505050505050505
00:00:13.240617 MTRR_FIX4K_E0000  =0505050505050505
00:00:13.240617 MTRR_FIX4K_E8000  =0505050505050505
00:00:13.240618 MTRR_FIX4K_F0000  =0505050505050505
00:00:13.240618 MTRR_FIX4K_F8000  =0505050505050505
00:00:13.240619 MTRR_PHYSBASE[ 0] =0000000000000006 First=0000000000000000      0 MB [WB]
00:00:13.240620 MTRR_PHYSMASK[ 0] =0000ffff00000800 Last =00000000ffffffff   4095 MB [4096 MB]
00:00:13.240621 MTRR_PHYSBASE[ 1] =00000000e0000000 First=00000000e0000000   3584 MB [UC]
00:00:13.240621 MTRR_PHYSMASK[ 1] =0000ffffe0000800 Last =00000000ffffffff   4095 MB [512 MB]
00:00:13.240622 MTRR_PHYSBASE[ 2] =0000000100000006 First=0000000100000000   4096 MB [WB]
00:00:13.240623 MTRR_PHYSMASK[ 2] =0000ffffe0000800 Last =000000011fffffff   4607 MB [512 MB]
00:00:13.240624 MTRR_PHYSBASE[ 3] =0000000000000000
00:00:13.240624 MTRR_PHYSMASK[ 3] =0000000000000000
00:00:13.240625 MTRR_PHYSBASE[ 4] =0000000000000000
00:00:13.240625 MTRR_PHYSMASK[ 4] =0000000000000000
00:00:13.240625 MTRR_PHYSBASE[ 5] =0000000000000000
00:00:13.240625 MTRR_PHYSMASK[ 5] =0000000000000000
00:00:13.240626 MTRR_PHYSBASE[ 6] =0000000000000000
00:00:13.240626 MTRR_PHYSMASK[ 6] =0000000000000000
00:00:13.240626 MTRR_PHYSBASE[ 7] =0000000000000000
00:00:13.240627 MTRR_PHYSMASK[ 7] =0000000000000000
00:00:13.240627 MTRR_PHYSBASE[ 8] =0000000000000000
00:00:13.240627 MTRR_PHYSMASK[ 8] =0000000000000000
00:00:13.240628 MTRR_PHYSBASE[ 9] =0000000000000000
00:00:13.240628 MTRR_PHYSMASK[ 9] =0000000000000000
00:00:13.240628 MTRR_PHYSBASE[10] =0000000000000000
00:00:13.240629 MTRR_PHYSMASK[10] =0000000000000000
00:00:13.240629 MTRR_PHYSBASE[11] =0000000000000000
00:00:13.240629 MTRR_PHYSMASK[11] =0000000000000000
00:00:13.240629 MTRR_PHYSBASE[12] =0000000000000000
00:00:13.240630 MTRR_PHYSMASK[12] =0000000000000000
00:00:13.240630 MTRR_PHYSBASE[13] =0000000000000000
00:00:13.240630 MTRR_PHYSMASK[13] =0000000000000000
00:00:13.240631 MTRR_PHYSBASE[14] =0000000000000000
00:00:13.240631 MTRR_PHYSMASK[14] =0000000000000000
00:00:13.240631 MTRR_PHYSBASE[15] =0000000000000000
00:00:13.240632 MTRR_PHYSMASK[15] =0000000000000000
00:00:13.240633 ***
00:00:13.240641 VCPU[1] hardware virtualization state:
00:00:13.240642 fSavedInhibit                = 0x0
00:00:13.240642 In nested-guest hwvirt mode  = false
00:00:13.240643 Hwvirt state disabled.
00:00:13.240643 ***
00:00:13.240650 Guest paging mode (VCPU #1):  Real (changed 1 times), A20 enabled (changed 0 times)
00:00:13.240655 Guest SLAT mode (VCPU #1): Direct
00:00:13.240656 Shadow paging mode (VCPU #1): Nested-AMD64
00:00:13.240656 Host paging mode:             AMD64+G+NX
00:00:13.240657 ***
00:00:13.240657 ************** End of Guest state at power off for VCpu 1 ***************
00:00:13.240676 ****************** Guest state at power off for VCpu 0 ******************
00:00:13.240679 Guest CPUM (VCPU 0) state: 
00:00:13.240681 rax=0000000000000000 rbx=ffffdcfb9e1b4366 rcx=003ffff73ee78000 rdx=0000000000000367
00:00:13.240683 rsi=fffff8022a07c378 rdi=0000000000000000 r8 =0000000000000000 r9 =0000000000000000
00:00:13.240684 r10=00000004d246a800 r11=fffff8022a07c378 r12=fffff8022a07c380 r13=0000000000000000
00:00:13.240685 r14=0000000000001000 r15=fffff8022a07c2a0
00:00:13.240685 rip=fffff80221eba034 rsp=fffff8022a07c1e0 rbp=00000000000001b3 iopl=0         nv up ei pl nz na po nc
00:00:13.240687 cs={0010 base=0000000000000000 limit=ffffffff flags=0000a09b}
00:00:13.240688 ds={002b base=0000000000000000 limit=ffffffff flags=0000c0f3}
00:00:13.240688 es={002b base=0000000000000000 limit=ffffffff flags=0000c0f3}
00:00:13.240689 fs={0053 base=0000000000000000 limit=00003c00 flags=000040f3}
00:00:13.240689 gs={002b base=fffff8022187c000 limit=ffffffff flags=0000c0f3}
00:00:13.240690 ss={0000 base=0000000000000000 limit=00000000 flags=00004000}
00:00:13.240690 cr0=0000000080050031 cr2=ffffa08c87005540 cr3=00000000001aa000 cr4=00000000000506b8
00:00:13.240691 dr0=0000000000000000 dr1=0000000000000000 dr2=0000000000000000 dr3=0000000000000000
00:00:13.240692 dr4=0000000000000000 dr5=0000000000000000 dr6=00000000ffff0ff0 dr7=0000000000000400
00:00:13.240692 gdtr=fffff8022a072fb0:0057  idtr=fffff8022a070000:0fff  eflags=00000246
00:00:13.240694 ldtr={0000 base=fffff80200000000 limit=00000000 flags=00000000}
00:00:13.240694 tr  ={0040 base=fffff8022a071000 limit=00000067 flags=0000008b}
00:00:13.240695 SysEnter={cs=0000 eip=0000000000000000 esp=0000000000000000}
00:00:13.240696 xcr=0000000000000007 xcr1=0000000000000000 xss=0000000000000000 (fXStateMask=0000000000000007)
00:00:13.240696 FCW=037f FSW=0000 FTW=0000 FOP=0000 MXCSR=00001f80 MXCSR_MASK=0002ffff
00:00:13.240697 FPUIP=00000000 CS=0000 Rsrvd1=0000  FPUDP=00000000 DS=0000 Rsvrd2=0000
00:00:13.240698 ST(0)=FPR0={0000'00000000'00000000} t0 +0.0000000000000000000000 * 2 ^ -16383 (*)
00:00:13.240700 ST(1)=FPR1={0000'00000000'00000000} t0 +0.0000000000000000000000 * 2 ^ -16383 (*)
00:00:13.240701 ST(2)=FPR2={0000'00000000'00000000} t0 +0.0000000000000000000000 * 2 ^ -16383 (*)
00:00:13.240702 ST(3)=FPR3={0000'00000000'00000000} t0 +0.0000000000000000000000 * 2 ^ -16383 (*)
00:00:13.240702 ST(4)=FPR4={0000'00000000'00000000} t0 +0.0000000000000000000000 * 2 ^ -16383 (*)
00:00:13.240703 ST(5)=FPR5={0000'00000000'00000000} t0 +0.0000000000000000000000 * 2 ^ -16383 (*)
00:00:13.240704 ST(6)=FPR6={0000'00000000'00000000} t0 +0.0000000000000000000000 * 2 ^ -16383 (*)
00:00:13.240705 ST(7)=FPR7={0000'00000000'00000000} t0 +0.0000000000000000000000 * 2 ^ -16383 (*)
00:00:13.240706 YMM0 =00000000'00000000'00000000'00000000'00000000'00000000'00000000'00000000
00:00:13.240707 YMM1 =00000000'00000000'00000000'00000000'00000000'00000000'00000000'00000000
00:00:13.240708 YMM2 =00000000'00000000'00000000'00000000'00000000'00000000'00000000'00000000
00:00:13.240708 YMM3 =00000000'00000000'00000000'00000000'00000000'00000000'fffff802'2b4d0000
00:00:13.240709 YMM4 =00000000'00000000'00000000'00000000'ffffde7c'0115a680'00000000'00000000
00:00:13.240710 YMM5 =00000000'00000000'00000000'00000000'100a10b8'ceac7d40'5b7055e4'160e1597
00:00:13.240712 YMM6 =00000000'00000000'00000000'00000000'ba6cc5ef'd342362f'c225537d'8f3f2d7e
00:00:13.240713 YMM7 =00000000'00000000'00000000'00000000'b1f09c8f'c9da4e70'b019f991'101c3b5c
00:00:13.240714 YMM8 =00000000'00000000'00000000'00000000'00000000'00000000'00000000'00000000
00:00:13.240715 YMM9 =00000000'00000000'00000000'00000000'00000000'00000000'00000000'00000000
00:00:13.240715 YMM10=00000000'00000000'00000000'00000000'00000000'00000000'00000000'00000000
00:00:13.240716 YMM11=00000000'00000000'00000000'00000000'00000000'00000000'00000000'00000000
00:00:13.240717 YMM12=00000000'00000000'00000000'00000000'00000000'00000000'00000000'00000000
00:00:13.240718 YMM13=00000000'00000000'00000000'00000000'00000000'00000000'00000000'00000000
00:00:13.240719 YMM14=00000000'00000000'00000000'00000000'00000000'00000000'00000000'00000000
00:00:13.240720 YMM15=00000000'00000000'00000000'00000000'00000000'00000000'00000000'00000000
00:00:13.240721 EFER         =0000000000004d01
00:00:13.240721 PAT          =0007010600070106
00:00:13.240721 STAR         =0023001000000000
00:00:13.240722 CSTAR        =fffff802220282c0
00:00:13.240722 LSTAR        =fffff80222028780
00:00:13.240723 SFMASK       =0000000000004700
00:00:13.240723 KERNELGSBASE =fffff8022187c000
00:00:13.240724 MTRR_CAP          =0000000000000510
00:00:13.240724 MTRR_DEF_TYPE     =0000000000000c00
00:00:13.240724 MTRR_FIX64K_00000 =0606060606060606
00:00:13.240725 MTRR_FIX16K_80000 =0606060606060606
00:00:13.240725 MTRR_FIX16K_A0000 =0000000000000000
00:00:13.240725 MTRR_FIX4K_C0000  =0505050505050505
00:00:13.240726 MTRR_FIX4K_C8000  =0505050505050505
00:00:13.240726 MTRR_FIX4K_D0000  =0505050505050505
00:00:13.240727 MTRR_FIX4K_D8000  =0505050505050505
00:00:13.240727 MTRR_FIX4K_E0000  =0505050505050505
00:00:13.240727 MTRR_FIX4K_E8000  =0505050505050505
00:00:13.240728 MTRR_FIX4K_F0000  =0505050505050505
00:00:13.240728 MTRR_FIX4K_F8000  =0505050505050505
00:00:13.240729 MTRR_PHYSBASE[ 0] =0000000000000006 First=0000000000000000      0 MB [WB]
00:00:13.240729 MTRR_PHYSMASK[ 0] =0000ffff00000800 Last =00000000ffffffff   4095 MB [4096 MB]
00:00:13.240731 MTRR_PHYSBASE[ 1] =00000000e0000000 First=00000000e0000000   3584 MB [UC]
00:00:13.240731 MTRR_PHYSMASK[ 1] =0000ffffe0000800 Last =00000000ffffffff   4095 MB [512 MB]
00:00:13.240732 MTRR_PHYSBASE[ 2] =0000000100000006 First=0000000100000000   4096 MB [WB]
00:00:13.240733 MTRR_PHYSMASK[ 2] =0000ffffe0000800 Last =000000011fffffff   4607 MB [512 MB]
00:00:13.240734 MTRR_PHYSBASE[ 3] =0000000000000000
00:00:13.240734 MTRR_PHYSMASK[ 3] =0000000000000000
00:00:13.240735 MTRR_PHYSBASE[ 4] =0000000000000000
00:00:13.240735 MTRR_PHYSMASK[ 4] =0000000000000000
00:00:13.240735 MTRR_PHYSBASE[ 5] =0000000000000000
00:00:13.240736 MTRR_PHYSMASK[ 5] =0000000000000000
00:00:13.240736 MTRR_PHYSBASE[ 6] =0000000000000000
00:00:13.240736 MTRR_PHYSMASK[ 6] =0000000000000000
00:00:13.240736 MTRR_PHYSBASE[ 7] =0000000000000000
00:00:13.240737 MTRR_PHYSMASK[ 7] =0000000000000000
00:00:13.240737 MTRR_PHYSBASE[ 8] =0000000000000000
00:00:13.240737 MTRR_PHYSMASK[ 8] =0000000000000000
00:00:13.240738 MTRR_PHYSBASE[ 9] =0000000000000000
00:00:13.240738 MTRR_PHYSMASK[ 9] =0000000000000000
00:00:13.240738 MTRR_PHYSBASE[10] =0000000000000000
00:00:13.240739 MTRR_PHYSMASK[10] =0000000000000000
00:00:13.240739 MTRR_PHYSBASE[11] =0000000000000000
00:00:13.240739 MTRR_PHYSMASK[11] =0000000000000000
00:00:13.240740 MTRR_PHYSBASE[12] =0000000000000000
00:00:13.240740 MTRR_PHYSMASK[12] =0000000000000000
00:00:13.240740 MTRR_PHYSBASE[13] =0000000000000000
00:00:13.240741 MTRR_PHYSMASK[13] =0000000000000000
00:00:13.240741 MTRR_PHYSBASE[14] =0000000000000000
00:00:13.240741 MTRR_PHYSMASK[14] =0000000000000000
00:00:13.240741 MTRR_PHYSBASE[15] =0000000000000000
00:00:13.240742 MTRR_PHYSMASK[15] =0000000000000000
00:00:13.240743 ***
00:00:13.240743 VCPU[0] hardware virtualization state:
00:00:13.240744 fSavedInhibit                = 0x0
00:00:13.240744 In nested-guest hwvirt mode  = false
00:00:13.240745 Hwvirt state disabled.
00:00:13.240745 ***
00:00:13.240747 Guest paging mode (VCPU #0):  AMD64+NX (changed 82758 times), A20 enabled (changed 2 times)
00:00:13.240748 Guest SLAT mode (VCPU #0): Direct
00:00:13.240749 Shadow paging mode (VCPU #0): Nested-AMD64
00:00:13.240749 Host paging mode:             AMD64+G+NX
00:00:13.240750 ***
00:00:13.240751 Active Timers (pVM=0000020748f20000)
00:00:13.240752 pTimerR3         offNext  offPrev  offSched Clock               Time             Expire HzHint State                     Description
00:00:13.240755 000002074a490180 00000007 ffffffff ffffffff Real             8799322            8796357      0 2-ACTIVE                  VGA Refresh
00:00:13.240757 000002074a490380 ffffffff 00000003 ffffffff Real             8799322            8796584      0 2-ACTIVE                  CPU Load Timer
00:00:13.240759 000002074a7d0180 00000005 ffffffff ffffffff VrSy          5757976544         5783223156     18 2-ACTIVE                  i8254 PIT
00:00:13.240761 000002074a7d0280 00000011 00000003 ffffffff VrSy          5757976544         5990000000      0 2-ACTIVE                  MC146818 RTC Second
00:00:13.240762 000002074a7d0880 ffffffff 00000005 ffffffff VrSy          5757976544       599932015941      0 2-ACTIVE                  ACPI PM
00:00:13.240764 ***
00:00:13.240766 Guest GDT (GCAddr=fffff8022a072fb0 limit=57):
00:00:13.240980 0010 - 00000000 00209b00 - base=00000000 limit=00000000 dpl=0 CodeER Accessed Present 16-bit 
00:00:13.240981 0018 - 00000000 00409300 - base=00000000 limit=00000000 dpl=0 DataRW Accessed Present 32-bit 
00:00:13.240982 0020 - 0000ffff 00cffb00 - base=00000000 limit=ffffffff dpl=3 CodeER Accessed Present Page 32-bit 
00:00:13.240983 0028 - 0000ffff 00cff300 - base=00000000 limit=ffffffff dpl=3 DataRW Accessed Present Page 32-bit 
00:00:13.240984 0030 - 00000000 0020fb00 - base=00000000 limit=00000000 dpl=3 CodeER Accessed Present 16-bit 
00:00:13.240985 0040 - 10000067 2a008b07 - base=2a071000 limit=00000067 dpl=0 TSS32Busy Present 16-bit 
00:00:13.240986 0050 - 00003c00 0040f300 - base=00000000 limit=00003c00 dpl=3 DataRW Accessed Present 32-bit 
00:00:13.240987 ************** End of Guest state at power off ***************
00:00:13.241836 PDMR3PowerOff: 831 960 ns run time
00:00:13.241855 Changing the VM state from 'POWERING_OFF' to 'OFF'
00:00:13.246423 Changing the VM state from 'OFF' to 'DESTROYING'
00:00:13.246486 ************************* Statistics *************************
00:00:13.246499 /CPUM/MSR-Totals/Reads                         16571 times
00:00:13.246505 /CPUM/MSR-Totals/ReadsRaisingGP                    0 times
00:00:13.246510 /CPUM/MSR-Totals/ReadsUnknown                      0 times
00:00:13.246514 /CPUM/MSR-Totals/Writes                        11134 times
00:00:13.246519 /CPUM/MSR-Totals/WritesRaisingGP                   0 times
00:00:13.246524 /CPUM/MSR-Totals/WritesToIgnoredBits               0 times
00:00:13.246529 /CPUM/MSR-Totals/WritesUnknown                     0 times
00:00:13.246534 /Devices/8237A/DmaRun                              0 ticks/call (           0 ticks,       0 calls, max         0, min      -1)
00:00:13.246540 /Devices/VMMDev/BalloonChunks                      0 count
00:00:13.246545 /Devices/VMMDev/FastIrqAckR3                       0 count
00:00:13.246549 /Devices/VMMDev/FastIrqAckRZ                       0 count
00:00:13.246553 /Devices/VMMDev/HGCM-Kernel/BudgetAvailable 1073741824 bytes
00:00:13.246558 /Devices/VMMDev/HGCM-Kernel/BudgetConfig   1073741824 bytes
00:00:13.246562 /Devices/VMMDev/HGCM-Kernel/BudgetOverruns         0 bytes
00:00:13.246566 /Devices/VMMDev/HGCM-Kernel/MessageHeapUsage         0 bytes/call (           0 bytes,       0 calls, max         0, min      -1)
00:00:13.246571 /Devices/VMMDev/HGCM-Root/BudgetAvailable  1073741824 bytes
00:00:13.246576 /Devices/VMMDev/HGCM-Root/BudgetConfig     1073741824 bytes
00:00:13.246580 /Devices/VMMDev/HGCM-Root/BudgetOverruns           0 bytes
00:00:13.246585 /Devices/VMMDev/HGCM-Root/MessageHeapUsage         0 bytes/call (           0 bytes,       0 calls, max         0, min      -1)
00:00:13.246589 /Devices/VMMDev/HGCM-User/BudgetAvailable  1073741824 bytes
00:00:13.246593 /Devices/VMMDev/HGCM-User/BudgetConfig     1073741824 bytes
00:00:13.246598 /Devices/VMMDev/HGCM-User/BudgetOverruns           0 bytes
00:00:13.246602 /Devices/VMMDev/HGCM-User/MessageHeapUsage         0 bytes/call (           0 bytes,       0 calls, max         0, min      -1)
00:00:13.246607 /Devices/VMMDev/LargeReqBufAllocs                  0 count
00:00:13.246611 /Devices/VMMDev/SlowIrqAck                         0 count
00:00:13.246616 /Devices/apic/0                                   32 times
00:00:13.246648 /Devices/apic/0/Vectors/d1                        32 times
00:00:13.246661 /Devices/apic/1                                    0 times
00:00:13.246683 /Devices/e1000#0/ReceiveBytes                      0 bytes
00:00:13.246688 /Devices/e1000#0/TransmitBytes                     0 bytes
00:00:13.246693 /Devices/e1000#0/iStatIntLost                      0 ns
00:00:13.246698 /Devices/e1000#0/iStatIntLostOne                   0 ns
00:00:13.246702 /Devices/e1000#0/u64ArmedAt                        0 ns
00:00:13.246706 /Devices/e1000#0/uStatDescCtx                      0 ns
00:00:13.246711 /Devices/e1000#0/uStatDescDat                      0 ns
00:00:13.246715 /Devices/e1000#0/uStatDescLeg                      0 ns
00:00:13.246719 /Devices/e1000#0/uStatInt                          0 ns
00:00:13.246723 /Devices/e1000#0/uStatIntEarly                     0 ns
00:00:13.246727 /Devices/e1000#0/uStatIntICS                       0 ns
00:00:13.246732 /Devices/e1000#0/uStatIntIMS                       0 ns
00:00:13.246737 /Devices/e1000#0/uStatIntLate                      0 ns
00:00:13.246741 /Devices/e1000#0/uStatIntLower                     0 ns
00:00:13.246745 /Devices/e1000#0/uStatIntMasked                    0 ns
00:00:13.246750 /Devices/e1000#0/uStatIntRDTR                      0 ns
00:00:13.246754 /Devices/e1000#0/uStatIntRXDMT0                    0 ns
00:00:13.246759 /Devices/e1000#0/uStatIntRx                        0 ns
00:00:13.246764 /Devices/e1000#0/uStatIntSkip                      0 ns
00:00:13.246769 /Devices/e1000#0/uStatIntTXQE                      0 ns
00:00:13.246774 /Devices/e1000#0/uStatIntTry                       0 ns
00:00:13.246779 /Devices/e1000#0/uStatIntTx                        0 ns
00:00:13.246783 /Devices/e1000#0/uStatMaxTxDelay                   0 ns
00:00:13.246786 /Devices/e1000#0/uStatNoIntICR                     0 ns
00:00:13.246791 /Devices/e1000#0/uStatRAD                          0 ns
00:00:13.246795 /Devices/e1000#0/uStatRID                          0 ns
00:00:13.246799 /Devices/e1000#0/uStatRxFrm                        0 ns
00:00:13.246802 /Devices/e1000#0/uStatTAD                          0 ns
00:00:13.246806 /Devices/e1000#0/uStatTID                          0 ns
00:00:13.246809 /Devices/e1000#0/uStatTx1514                       0 ns
00:00:13.246813 /Devices/e1000#0/uStatTx16384                      0 ns
00:00:13.246816 /Devices/e1000#0/uStatTx2962                       0 ns
00:00:13.246820 /Devices/e1000#0/uStatTx32768                      0 ns
00:00:13.246823 /Devices/e1000#0/uStatTx4410                       0 ns
00:00:13.246826 /Devices/e1000#0/uStatTx5858                       0 ns
00:00:13.246830 /Devices/e1000#0/uStatTx7306                       0 ns
00:00:13.246833 /Devices/e1000#0/uStatTx8754                       0 ns
00:00:13.246837 /Devices/e1000#0/uStatTxDelayExp                   0 ns
00:00:13.246840 /Devices/e1000#0/uStatTxDelayed                    0 ns
00:00:13.246843 /Devices/e1000#0/uStatTxFrm                        0 ns
00:00:13.246846 /Devices/e1000#0/uStatTxIDE                        0 ns
00:00:13.246850 /Devices/e1000#0/uStatTxLarge                      0 ns
00:00:13.246853 /Devices/e1000#0/uStatTxNoRS                       0 ns
00:00:13.246856 /Devices/hda/Codec/LookupsR0                       0 times
00:00:13.246881 /Devices/mc146818/Irq                             59 times
00:00:13.246885 /Devices/mc146818/IrqClear                        32 times
00:00:13.246888 /Devices/mc146818/PiActive                   4356822 ticks/call (   139418330 ticks,      32 calls, max   6468432, min   23543)
00:00:13.246892 /Devices/mc146818/PieFlip                          2 times
00:00:13.246896 /Devices/mc146818/TimerCB                         59 times
00:00:13.246899 /Devices/vga/HgmsiMdaCgaAccesses                   0 times
00:00:13.246903 /Devices/vga/VMSVGA/Cmd/3dActivateSurface          0 times
00:00:13.246906 /Devices/vga/VMSVGA/Cmd/3dBeginQuery               0 times
00:00:13.246912 /Devices/vga/VMSVGA/Cmd/3dBlitSurfaceToScreenProf         0 ticks/call (           0 ticks,       0 calls, max         0, min      -1)
00:00:13.246917 /Devices/vga/VMSVGA/Cmd/3dClear                    0 times
00:00:13.246920 /Devices/vga/VMSVGA/Cmd/3dContextDefine            0 times
00:00:13.246923 /Devices/vga/VMSVGA/Cmd/3dContextDestroy           0 times
00:00:13.246926 /Devices/vga/VMSVGA/Cmd/3dDeactivateSurface         0 times
00:00:13.246930 /Devices/vga/VMSVGA/Cmd/3dDrawPrimitives           0 times
00:00:13.246933 /Devices/vga/VMSVGA/Cmd/3dEndQuery                 0 times
00:00:13.246936 /Devices/vga/VMSVGA/Cmd/3dGenerateMipmaps          0 times
00:00:13.246939 /Devices/vga/VMSVGA/Cmd/3dPresent                  0 times
00:00:13.246943 /Devices/vga/VMSVGA/Cmd/3dPresentReadBack          0 times
00:00:13.246946 /Devices/vga/VMSVGA/Cmd/3dSetClipPlane             0 times
00:00:13.246949 /Devices/vga/VMSVGA/Cmd/3dSetLightData             0 times
00:00:13.246953 /Devices/vga/VMSVGA/Cmd/3dSetLightEnable           0 times
00:00:13.246957 /Devices/vga/VMSVGA/Cmd/3dSetMaterial              0 times
00:00:13.246961 /Devices/vga/VMSVGA/Cmd/3dSetRenderState           0 times
00:00:13.246966 /Devices/vga/VMSVGA/Cmd/3dSetRenderTarget          0 times
00:00:13.246970 /Devices/vga/VMSVGA/Cmd/3dSetScissorRect           0 times
00:00:13.246974 /Devices/vga/VMSVGA/Cmd/3dSetShader                0 times
00:00:13.246978 /Devices/vga/VMSVGA/Cmd/3dSetShaderConst           0 times
00:00:13.246981 /Devices/vga/VMSVGA/Cmd/3dSetTextureState          0 times
00:00:13.246984 /Devices/vga/VMSVGA/Cmd/3dSetTransform             0 times
00:00:13.246987 /Devices/vga/VMSVGA/Cmd/3dSetViewPort              0 times
00:00:13.246991 /Devices/vga/VMSVGA/Cmd/3dSetZRange                0 times
00:00:13.246994 /Devices/vga/VMSVGA/Cmd/3dShaderDefine             0 times
00:00:13.246997 /Devices/vga/VMSVGA/Cmd/3dShaderDestroy            0 times
00:00:13.247000 /Devices/vga/VMSVGA/Cmd/3dSurfaceCopy              0 times
00:00:13.247003 /Devices/vga/VMSVGA/Cmd/3dSurfaceDefine            0 times
00:00:13.247007 /Devices/vga/VMSVGA/Cmd/3dSurfaceDefineV2          0 times
00:00:13.247010 /Devices/vga/VMSVGA/Cmd/3dSurfaceDestroy           0 times
00:00:13.247013 /Devices/vga/VMSVGA/Cmd/3dSurfaceDma               0 times
00:00:13.247016 /Devices/vga/VMSVGA/Cmd/3dSurfaceScreen            0 times
00:00:13.247019 /Devices/vga/VMSVGA/Cmd/3dSurfaceStretchBlt         0 times
00:00:13.247022 /Devices/vga/VMSVGA/Cmd/3dWaitForQuery             0 times
00:00:13.247026 /Devices/vga/VMSVGA/Cmd/AnnotationCopy             0 times
00:00:13.247029 /Devices/vga/VMSVGA/Cmd/AnnotationFill             0 times
00:00:13.247032 /Devices/vga/VMSVGA/Cmd/BlitGmrFbToScreen          0 times
00:00:13.247035 /Devices/vga/VMSVGA/Cmd/BlitScreentoGmrFb          0 times
00:00:13.247038 /Devices/vga/VMSVGA/Cmd/DefineAlphaCursor          0 times
00:00:13.247042 /Devices/vga/VMSVGA/Cmd/DefineCursor               0 times
00:00:13.247045 /Devices/vga/VMSVGA/Cmd/DefineGmr2                 0 times
00:00:13.247048 /Devices/vga/VMSVGA/Cmd/DefineGmr2/Free            0 times
00:00:13.247051 /Devices/vga/VMSVGA/Cmd/DefineGmr2/Modify          0 times
00:00:13.247054 /Devices/vga/VMSVGA/Cmd/DefineGmrFb                0 times
00:00:13.247058 /Devices/vga/VMSVGA/Cmd/DefineScreen               0 times
00:00:13.247061 /Devices/vga/VMSVGA/Cmd/DestroyScreen              0 times
00:00:13.247064 /Devices/vga/VMSVGA/Cmd/DisplayCursor              0 times
00:00:13.247067 /Devices/vga/VMSVGA/Cmd/Escape                     0 times
00:00:13.247071 /Devices/vga/VMSVGA/Cmd/Fence                      0 times
00:00:13.247074 /Devices/vga/VMSVGA/Cmd/InvalidCmd                 0 times
00:00:13.247077 /Devices/vga/VMSVGA/Cmd/MoveCursor                 0 times
00:00:13.247080 /Devices/vga/VMSVGA/Cmd/RectCopy                   0 times
00:00:13.247083 /Devices/vga/VMSVGA/Cmd/RectFill                   0 times
00:00:13.247087 /Devices/vga/VMSVGA/Cmd/RectRopCopy                0 times
00:00:13.247093 /Devices/vga/VMSVGA/Cmd/RemapGmr2                  0 times
00:00:13.247097 /Devices/vga/VMSVGA/Cmd/RemapGmr2/Modify           0 times
00:00:13.247100 /Devices/vga/VMSVGA/Cmd/Update                     0 times
00:00:13.247103 /Devices/vga/VMSVGA/Cmd/UpdateVerbose              0 times
00:00:13.247107 /Devices/vga/VMSVGA/EmtDelayOnBusyFifo             0 ticks/call (           0 ticks,       0 calls, max         0, min      -1)
00:00:13.247110 /Devices/vga/VMSVGA/FifoCommands                   0 times
00:00:13.247114 /Devices/vga/VMSVGA/FifoCursorFetchAgain           0 times
00:00:13.247117 /Devices/vga/VMSVGA/FifoCursorNoChange             0 times
00:00:13.247120 /Devices/vga/VMSVGA/FifoCursorPosition             0 times
00:00:13.247123 /Devices/vga/VMSVGA/FifoCursorVisiblity            0 times
00:00:13.247127 /Devices/vga/VMSVGA/FifoErrors                     0 times
00:00:13.247130 /Devices/vga/VMSVGA/FifoExtendedSleep      10382153471 ticks/call ( 20764306943 ticks,       2 calls, max 20764291967, min   14976)
00:00:13.247134 /Devices/vga/VMSVGA/FifoStalls                     0 ticks/call (           0 ticks,       0 calls, max         0, min      -1)
00:00:13.247138 /Devices/vga/VMSVGA/FifoTodoTimeout                0 times
00:00:13.247141 /Devices/vga/VMSVGA/FifoTodoWoken                  0 times
00:00:13.247145 /Devices/vga/VMSVGA/FifoUnknownCommands            0 times
00:00:13.247148 /Devices/vga/VMSVGA/FifoWatchdogWakeUps            0 times
00:00:13.247152 /Devices/vga/VMSVGA/Reg/BitsPerPixelRead           0 times
00:00:13.247156 /Devices/vga/VMSVGA/Reg/BitsPerPixelWrite          0 times
00:00:13.247162 /Devices/vga/VMSVGA/Reg/BlueMaskRead               0 times
00:00:13.247166 /Devices/vga/VMSVGA/Reg/BusyRead                   0 times
00:00:13.247170 /Devices/vga/VMSVGA/Reg/BusyWrite                  0 times
00:00:13.247174 /Devices/vga/VMSVGA/Reg/BytesPerLineRead           0 times
00:00:13.247179 /Devices/vga/VMSVGA/Reg/CapabilitesRead            0 times
00:00:13.247183 /Devices/vga/VMSVGA/Reg/CmdPrependHighRead         0 times
00:00:13.247188 /Devices/vga/VMSVGA/Reg/CmdPrependHighWrite         0 times
00:00:13.247192 /Devices/vga/VMSVGA/Reg/CmdPrependLowRead          0 times
00:00:13.247196 /Devices/vga/VMSVGA/Reg/CmdPrependLowWrite         0 times
00:00:13.247199 /Devices/vga/VMSVGA/Reg/CommandHighRead            0 times
00:00:13.247202 /Devices/vga/VMSVGA/Reg/CommandHighWrite           0 times
00:00:13.247205 /Devices/vga/VMSVGA/Reg/CommandLowRead             0 times
00:00:13.247208 /Devices/vga/VMSVGA/Reg/CommandLowWrite            0 times
00:00:13.247212 /Devices/vga/VMSVGA/Reg/ConfigDoneRead             0 times
00:00:13.247215 /Devices/vga/VMSVGA/Reg/ConfigDoneWrite            0 times
00:00:13.247219 /Devices/vga/VMSVGA/Reg/CursorIdRead               0 times
00:00:13.247223 /Devices/vga/VMSVGA/Reg/CursorIdWrite              0 times
00:00:13.247227 /Devices/vga/VMSVGA/Reg/CursorOnRead               0 times
00:00:13.247231 /Devices/vga/VMSVGA/Reg/CursorOnWrite              0 times
00:00:13.247236 /Devices/vga/VMSVGA/Reg/CursorXRead                0 times
00:00:13.247240 /Devices/vga/VMSVGA/Reg/CursorXWrite               0 times
00:00:13.247244 /Devices/vga/VMSVGA/Reg/CursorYRead                0 times
00:00:13.247248 /Devices/vga/VMSVGA/Reg/CursorYWrite               0 times
00:00:13.247252 /Devices/vga/VMSVGA/Reg/DepthRead                  0 times
00:00:13.247256 /Devices/vga/VMSVGA/Reg/DepthWrite                 0 times
00:00:13.247260 /Devices/vga/VMSVGA/Reg/DevCapRead                 0 times
00:00:13.247265 /Devices/vga/VMSVGA/Reg/DevCapWrite                0 times
00:00:13.247269 /Devices/vga/VMSVGA/Reg/DisplayHeightRead          0 times
00:00:13.247273 /Devices/vga/VMSVGA/Reg/DisplayHeightWrite         0 times
00:00:13.247277 /Devices/vga/VMSVGA/Reg/DisplayIdRead              0 times
00:00:13.247281 /Devices/vga/VMSVGA/Reg/DisplayIdWrite             0 times
00:00:13.247285 /Devices/vga/VMSVGA/Reg/DisplayIsPrimaryRead         0 times
00:00:13.247292 /Devices/vga/VMSVGA/Reg/DisplayIsPrimaryWrite         0 times
00:00:13.247297 /Devices/vga/VMSVGA/Reg/DisplayPositionXRead         0 times
00:00:13.247301 /Devices/vga/VMSVGA/Reg/DisplayPositionXWrite         0 times
00:00:13.247305 /Devices/vga/VMSVGA/Reg/DisplayPositionYRead         0 times
00:00:13.247309 /Devices/vga/VMSVGA/Reg/DisplayPositionYWrite         0 times
00:00:13.247314 /Devices/vga/VMSVGA/Reg/DisplayWidthRead           0 times
00:00:13.247318 /Devices/vga/VMSVGA/Reg/DisplayWidthWrite          0 times
00:00:13.247322 /Devices/vga/VMSVGA/Reg/EnableRead                 0 times
00:00:13.247326 /Devices/vga/VMSVGA/Reg/EnableWrite                0 times
00:00:13.247330 /Devices/vga/VMSVGA/Reg/FbOffsetRead               0 times
00:00:13.247334 /Devices/vga/VMSVGA/Reg/FbSizeRead                 0 times
00:00:13.247339 /Devices/vga/VMSVGA/Reg/FbStartRead                0 times
00:00:13.247343 /Devices/vga/VMSVGA/Reg/GBMemSizeRead              0 times
00:00:13.247347 /Devices/vga/VMSVGA/Reg/GmrDescriptorWrite         0 times
00:00:13.247351 /Devices/vga/VMSVGA/Reg/GmrDescriptorWrite/Errors         0 times
00:00:13.247356 /Devices/vga/VMSVGA/Reg/GmrDescriptorWrite/Free         0 times
00:00:13.247360 /Devices/vga/VMSVGA/Reg/GmrIdRead                  0 times
00:00:13.247365 /Devices/vga/VMSVGA/Reg/GmrIdWrite                 0 times
00:00:13.247369 /Devices/vga/VMSVGA/Reg/GmrMaxDescriptorLengthRead         0 times
00:00:13.247372 /Devices/vga/VMSVGA/Reg/GmrMaxIdsRead              0 times
00:00:13.247375 /Devices/vga/VMSVGA/Reg/GmrsMaxPagesRead           0 times
00:00:13.247379 /Devices/vga/VMSVGA/Reg/GreenMaskRead              0 times
00:00:13.247382 /Devices/vga/VMSVGA/Reg/GuestIdRead                0 times
00:00:13.247386 /Devices/vga/VMSVGA/Reg/GuestIdWrite               0 times
00:00:13.247390 /Devices/vga/VMSVGA/Reg/HeightRead                 0 times
00:00:13.247394 /Devices/vga/VMSVGA/Reg/HeightWrite                0 times
00:00:13.247399 /Devices/vga/VMSVGA/Reg/HostBitsPerPixelRead         0 times
00:00:13.247403 /Devices/vga/VMSVGA/Reg/IdRead                     0 times
00:00:13.247407 /Devices/vga/VMSVGA/Reg/IdWrite                    0 times
00:00:13.247412 /Devices/vga/VMSVGA/Reg/IrqMaskRead                0 times
00:00:13.247416 /Devices/vga/VMSVGA/Reg/IrqMaskWrite               0 times
00:00:13.247420 /Devices/vga/VMSVGA/Reg/MaxHeightRead              0 times
00:00:13.247425 /Devices/vga/VMSVGA/Reg/MaxPrimBBMemRead           0 times
00:00:13.247429 /Devices/vga/VMSVGA/Reg/MaxWidthRead               0 times
00:00:13.247434 /Devices/vga/VMSVGA/Reg/MemRegsRead                0 times
00:00:13.247439 /Devices/vga/VMSVGA/Reg/MemSizeRead                0 times
00:00:13.247443 /Devices/vga/VMSVGA/Reg/MemStartRead               0 times
00:00:13.247448 /Devices/vga/VMSVGA/Reg/MemorySizeRead             0 times
00:00:13.247452 /Devices/vga/VMSVGA/Reg/MobMaxSizeRead             0 times
00:00:13.247456 /Devices/vga/VMSVGA/Reg/NumDisplaysRead            0 times
00:00:13.247460 /Devices/vga/VMSVGA/Reg/NumDisplaysWrite           0 times
00:00:13.247466 /Devices/vga/VMSVGA/Reg/NumGuestDisplaysRead         0 times
00:00:13.247470 /Devices/vga/VMSVGA/Reg/NumGuestDisplaysWrite         0 times
00:00:13.247474 /Devices/vga/VMSVGA/Reg/PaletteRead                0 times
00:00:13.247478 /Devices/vga/VMSVGA/Reg/PaletteWrite               0 times
00:00:13.247482 /Devices/vga/VMSVGA/Reg/PitchLockRead              0 times
00:00:13.247487 /Devices/vga/VMSVGA/Reg/PitchLockWrite             0 times
00:00:13.247491 /Devices/vga/VMSVGA/Reg/PseudoColorWrite           0 times
00:00:13.247496 /Devices/vga/VMSVGA/Reg/PsuedoColorRead            0 times
00:00:13.247500 /Devices/vga/VMSVGA/Reg/ReadOnlyWrite              0 times
00:00:13.247505 /Devices/vga/VMSVGA/Reg/RedMaskRead                0 times
00:00:13.247509 /Devices/vga/VMSVGA/Reg/ScratchRead                0 times
00:00:13.247513 /Devices/vga/VMSVGA/Reg/ScratchSizeRead            0 times
00:00:13.247517 /Devices/vga/VMSVGA/Reg/ScratchWrite               0 times
00:00:13.247524 /Devices/vga/VMSVGA/Reg/ScrnTgtMaxHeightRead         0 times
00:00:13.247530 /Devices/vga/VMSVGA/Reg/ScrnTgtMaxWidthRead         0 times
00:00:13.247534 /Devices/vga/VMSVGA/Reg/SyncRead                   0 times
00:00:13.247539 /Devices/vga/VMSVGA/Reg/SyncWrite                  0 times
00:00:13.247543 /Devices/vga/VMSVGA/Reg/TopRead                    0 times
00:00:13.247547 /Devices/vga/VMSVGA/Reg/TopWrite                   0 times
00:00:13.247552 /Devices/vga/VMSVGA/Reg/TracesRead                 0 times
00:00:13.247556 /Devices/vga/VMSVGA/Reg/TracesWrite                0 times
00:00:13.247561 /Devices/vga/VMSVGA/Reg/UnknownRead                0 times
00:00:13.247565 /Devices/vga/VMSVGA/Reg/UnknownWrite               0 times
00:00:13.247569 /Devices/vga/VMSVGA/Reg/VramSizeRead               0 times
00:00:13.247573 /Devices/vga/VMSVGA/Reg/WidthRead                  0 times
00:00:13.247577 /Devices/vga/VMSVGA/Reg/WidthWrite                 0 times
00:00:13.247582 /Devices/vga/VMSVGA/Reg/WriteOnlyRead              0 times
00:00:13.247586 /Drivers/AUDIO-0/TotalStreamsCreated               0 count
00:00:13.247590 /Drivers/AUDIO-1/TotalStreamsCreated               0 count
00:00:13.247595 /Drivers/AUDIO-2/TotalStreamsCreated               0 count
00:00:13.247603 /EM/CPU0/ExitHashing/Used                          0 times
00:00:13.247609 /EM/CPU0/ExitOpt/Exec                              0 ticks/call (           0 ticks,       0 calls, max         0, min      -1)
00:00:13.247614 /EM/CPU0/ExitOpt/ExecInstructions                  0 times
00:00:13.247619 /EM/CPU0/ExitOpt/ExecSavedExit                     0 times
00:00:13.247624 /EM/CPU0/ExitOpt/Probe                             0 ticks/call (           0 ticks,       0 calls, max         0, min      -1)
00:00:13.247628 /EM/CPU0/ExitOpt/ProbeInstructions                 0 times
00:00:13.247633 /EM/CPU0/ExitOpt/ProbedExecWithMax                 0 times
00:00:13.247637 /EM/CPU0/ExitOpt/ProbedNormal                      0 times
00:00:13.247641 /EM/CPU0/ExitOpt/ProbedToRing3                     0 times
00:00:13.247650 /EM/CPU1/ExitHashing/Used                          0 times
00:00:13.247655 /EM/CPU1/ExitOpt/Exec                              0 ticks/call (           0 ticks,       0 calls, max         0, min      -1)
00:00:13.247660 /EM/CPU1/ExitOpt/ExecInstructions                  0 times
00:00:13.247665 /EM/CPU1/ExitOpt/ExecSavedExit                     0 times
00:00:13.247669 /EM/CPU1/ExitOpt/Probe                             0 ticks/call (           0 ticks,       0 calls, max         0, min      -1)
00:00:13.247674 /EM/CPU1/ExitOpt/ProbeInstructions                 0 times
00:00:13.247679 /EM/CPU1/ExitOpt/ProbedExecWithMax                 0 times
00:00:13.247683 /EM/CPU1/ExitOpt/ProbedNormal                      0 times
00:00:13.247687 /EM/CPU1/ExitOpt/ProbedToRing3                     0 times
00:00:13.247693 /GIM/HyperV/0/Stimer0_Fired                        0 times
00:00:13.247699 /GIM/HyperV/0/Stimer1_Fired                        0 times
00:00:13.247703 /GIM/HyperV/0/Stimer2_Fired                        0 times
00:00:13.247708 /GIM/HyperV/0/Stimer3_Fired                        0 times
00:00:13.247712 /GIM/HyperV/1/Stimer0_Fired                        0 times
00:00:13.247717 /GIM/HyperV/1/Stimer1_Fired                        0 times
00:00:13.247723 /GIM/HyperV/1/Stimer2_Fired                        0 times
00:00:13.247727 /GIM/HyperV/1/Stimer3_Fired                        0 times
00:00:13.247732 /GIM/Hypercalls                                    1 times
00:00:13.247737 /GMM/ChunkTlbHits                               9587 times
00:00:13.247743 /GMM/ChunkTlbMisses                                8 times
00:00:13.247752 /GMM/VM/Allocated/cBasePages                  149031 pages
00:00:13.247757 /GMM/VM/Allocated/cFixedPages                      0 pages
00:00:13.247761 /GMM/VM/Allocated/cShadowPages                     0 pages
00:00:13.247766 /GMM/VM/Reserved/cBasePages                  1048679 pages
00:00:13.247772 /GMM/VM/Reserved/cFixedPages                   34310 pages
00:00:13.247778 /GMM/VM/Reserved/cShadowPages                      1 pages
00:00:13.247783 /GMM/VM/cBalloonedPages                            0 pages
00:00:13.247788 /GMM/VM/cMaxBalloonedPages                         0 pages
00:00:13.247792 /GMM/VM/cPrivatePages                         149031 pages
00:00:13.247797 /GMM/VM/cReqActuallyBalloonedPages                 0 pages
00:00:13.247801 /GMM/VM/cReqBalloonedPages                         0 pages
00:00:13.247805 /GMM/VM/cReqDeflatePages                           0 pages
00:00:13.247810 /GMM/VM/cShareableModules                          0 count
00:00:13.247814 /GMM/VM/cSharedPages                               0 pages
00:00:13.247819 /GMM/VM/enmPolicy                                  1 
00:00:13.247824 /GMM/VM/enmPriority                                2 
00:00:13.247828 /GMM/VM/fBallooningEnabled                 false    
00:00:13.247833 /GMM/VM/fMayAllocate                       true     
00:00:13.247837 /GMM/VM/fSharedPagingEnabled               false    
00:00:13.247841 /GMM/cAllocatedPages                          149031 pages
00:00:13.247846 /GMM/cBalloonedPages                               0 pages
00:00:13.247851 /GMM/cChunks                                     292 count
00:00:13.247856 /GMM/cDuplicatePages                               0 pages
00:00:13.247861 /GMM/cFreedChunks                                  0 count
00:00:13.247865 /GMM/cLeftBehindSharedPages                        0 pages
00:00:13.247870 /GMM/cMaxPages                             4294967295 pages
00:00:13.247874 /GMM/cOverCommittedPages                           0 pages
00:00:13.247878 /GMM/cReservedPages                          1082990 pages
00:00:13.247883 /GMM/cShareableModules                             0 count
00:00:13.247888 /GMM/cSharedPages                                  0 pages
00:00:13.247893 /GMM/idFreeGeneration                      4611686018427387775 
00:00:13.248039 /GVMM/EMTs                                         2 count
00:00:13.248045 /GVMM/HostCPUs                                    16 count
00:00:13.248049 /GVMM/HostCpus/0                                   0 
00:00:13.248052 /GVMM/HostCpus/0/CurTimerHz                        0 Hz
00:00:13.248056 /GVMM/HostCpus/0/DesiredHz                         0 Hz
00:00:13.248059 /GVMM/HostCpus/0/PPTChanges                        0 times
00:00:13.248063 /GVMM/HostCpus/0/PPTStarts                         1 times
00:00:13.248066 /GVMM/HostCpus/0/idxCpuSet                         0 
00:00:13.248069 /GVMM/HostCpus/1                                   1 
00:00:13.248073 /GVMM/HostCpus/1/CurTimerHz                        0 Hz
00:00:13.248076 /GVMM/HostCpus/1/DesiredHz                         0 Hz
00:00:13.248080 /GVMM/HostCpus/1/PPTChanges                        0 times
00:00:13.248083 /GVMM/HostCpus/1/PPTStarts                         2 times
00:00:13.248087 /GVMM/HostCpus/1/idxCpuSet                         1 
00:00:13.248090 /GVMM/HostCpus/10                                 10 
00:00:13.248094 /GVMM/HostCpus/10/CurTimerHz                       0 Hz
00:00:13.248097 /GVMM/HostCpus/10/DesiredHz                        0 Hz
00:00:13.248101 /GVMM/HostCpus/10/PPTChanges                       0 times
00:00:13.248104 /GVMM/HostCpus/10/PPTStarts                        1 times
00:00:13.248108 /GVMM/HostCpus/10/idxCpuSet                       10 
00:00:13.248111 /GVMM/HostCpus/11                                 11 
00:00:13.248115 /GVMM/HostCpus/11/CurTimerHz                       0 Hz
00:00:13.248118 /GVMM/HostCpus/11/DesiredHz                        0 Hz
00:00:13.248122 /GVMM/HostCpus/11/PPTChanges                       0 times
00:00:13.248125 /GVMM/HostCpus/11/PPTStarts                        1 times
00:00:13.248129 /GVMM/HostCpus/11/idxCpuSet                       11 
00:00:13.248135 /GVMM/HostCpus/12                                 12 
00:00:13.248139 /GVMM/HostCpus/12/CurTimerHz                       0 Hz
00:00:13.248148 /GVMM/HostCpus/12/DesiredHz                        0 Hz
00:00:13.248154 /GVMM/HostCpus/12/PPTChanges                       0 times
00:00:13.248158 /GVMM/HostCpus/12/PPTStarts                        1 times
00:00:13.248162 /GVMM/HostCpus/12/idxCpuSet                       12 
00:00:13.248166 /GVMM/HostCpus/13                                 13 
00:00:13.248171 /GVMM/HostCpus/13/CurTimerHz                       0 Hz
00:00:13.248175 /GVMM/HostCpus/13/DesiredHz                        0 Hz
00:00:13.248179 /GVMM/HostCpus/13/PPTChanges                       0 times
00:00:13.248183 /GVMM/HostCpus/13/PPTStarts                        1 times
00:00:13.248187 /GVMM/HostCpus/13/idxCpuSet                       13 
00:00:13.248192 /GVMM/HostCpus/14                                 14 
00:00:13.248197 /GVMM/HostCpus/14/CurTimerHz                       0 Hz
00:00:13.248201 /GVMM/HostCpus/14/DesiredHz                        0 Hz
00:00:13.248205 /GVMM/HostCpus/14/PPTChanges                       0 times
00:00:13.248210 /GVMM/HostCpus/14/PPTStarts                        0 times
00:00:13.248214 /GVMM/HostCpus/14/idxCpuSet                       14 
00:00:13.248219 /GVMM/HostCpus/15                                 15 
00:00:13.248223 /GVMM/HostCpus/15/CurTimerHz                       0 Hz
00:00:13.248227 /GVMM/HostCpus/15/DesiredHz                        0 Hz
00:00:13.248230 /GVMM/HostCpus/15/PPTChanges                       0 times
00:00:13.248233 /GVMM/HostCpus/15/PPTStarts                        0 times
00:00:13.248237 /GVMM/HostCpus/15/idxCpuSet                       15 
00:00:13.248240 /GVMM/HostCpus/2                                   2 
00:00:13.248244 /GVMM/HostCpus/2/CurTimerHz                        0 Hz
00:00:13.248247 /GVMM/HostCpus/2/DesiredHz                         0 Hz
00:00:13.248251 /GVMM/HostCpus/2/PPTChanges                        0 times
00:00:13.248256 /GVMM/HostCpus/2/PPTStarts                         1 times
00:00:13.248260 /GVMM/HostCpus/2/idxCpuSet                         2 
00:00:13.248265 /GVMM/HostCpus/3                                   3 
00:00:13.248270 /GVMM/HostCpus/3/CurTimerHz                        0 Hz
00:00:13.248274 /GVMM/HostCpus/3/DesiredHz                         0 Hz
00:00:13.248278 /GVMM/HostCpus/3/PPTChanges                        0 times
00:00:13.248281 /GVMM/HostCpus/3/PPTStarts                         1 times
00:00:13.248284 /GVMM/HostCpus/3/idxCpuSet                         3 
00:00:13.248288 /GVMM/HostCpus/4                                   4 
00:00:13.248291 /GVMM/HostCpus/4/CurTimerHz                        0 Hz
00:00:13.248295 /GVMM/HostCpus/4/DesiredHz                         0 Hz
00:00:13.248298 /GVMM/HostCpus/4/PPTChanges                        0 times
00:00:13.248301 /GVMM/HostCpus/4/PPTStarts                         1 times
00:00:13.248305 /GVMM/HostCpus/4/idxCpuSet                         4 
00:00:13.248308 /GVMM/HostCpus/5                                   5 
00:00:13.248311 /GVMM/HostCpus/5/CurTimerHz                        0 Hz
00:00:13.248315 /GVMM/HostCpus/5/DesiredHz                         0 Hz
00:00:13.248318 /GVMM/HostCpus/5/PPTChanges                        0 times
00:00:13.248321 /GVMM/HostCpus/5/PPTStarts                         1 times
00:00:13.248325 /GVMM/HostCpus/5/idxCpuSet                         5 
00:00:13.248328 /GVMM/HostCpus/6                                   6 
00:00:13.248331 /GVMM/HostCpus/6/CurTimerHz                        0 Hz
00:00:13.248335 /GVMM/HostCpus/6/DesiredHz                         0 Hz
00:00:13.248338 /GVMM/HostCpus/6/PPTChanges                        0 times
00:00:13.248341 /GVMM/HostCpus/6/PPTStarts                         1 times
00:00:13.248345 /GVMM/HostCpus/6/idxCpuSet                         6 
00:00:13.248348 /GVMM/HostCpus/7                                   7 
00:00:13.248352 /GVMM/HostCpus/7/CurTimerHz                        0 Hz
00:00:13.248355 /GVMM/HostCpus/7/DesiredHz                         0 Hz
00:00:13.248358 /GVMM/HostCpus/7/PPTChanges                        0 times
00:00:13.248363 /GVMM/HostCpus/7/PPTStarts                         0 times
00:00:13.248368 /GVMM/HostCpus/7/idxCpuSet                         7 
00:00:13.248371 /GVMM/HostCpus/8                                   8 
00:00:13.248375 /GVMM/HostCpus/8/CurTimerHz                        0 Hz
00:00:13.248378 /GVMM/HostCpus/8/DesiredHz                         0 Hz
00:00:13.248381 /GVMM/HostCpus/8/PPTChanges                        0 times
00:00:13.248384 /GVMM/HostCpus/8/PPTStarts                         2 times
00:00:13.248388 /GVMM/HostCpus/8/idxCpuSet                         8 
00:00:13.248391 /GVMM/HostCpus/9                                   9 
00:00:13.248394 /GVMM/HostCpus/9/CurTimerHz                        0 Hz
00:00:13.248398 /GVMM/HostCpus/9/DesiredHz                         0 Hz
00:00:13.248401 /GVMM/HostCpus/9/PPTChanges                        0 times
00:00:13.248404 /GVMM/HostCpus/9/PPTStarts                         0 times
00:00:13.248408 /GVMM/HostCpus/9/idxCpuSet                         9 
00:00:13.248411 /GVMM/Sum/HaltBlocking                           529 calls
00:00:13.248414 /GVMM/Sum/HaltCalls                              529 calls
00:00:13.248418 /GVMM/Sum/HaltNotBlocking                          0 calls
00:00:13.248421 /GVMM/Sum/HaltTimeouts                           339 calls
00:00:13.248425 /GVMM/Sum/HaltWakeUps                              0 calls
00:00:13.248428 /GVMM/Sum/PokeCalls                               22 calls
00:00:13.248432 /GVMM/Sum/PokeNotBusy                              5 calls
00:00:13.248436 /GVMM/Sum/PollCalls                                0 calls
00:00:13.248439 /GVMM/Sum/PollHalts                                0 calls
00:00:13.248443 /GVMM/Sum/PollWakeUps                              0 calls
00:00:13.248446 /GVMM/Sum/WakeUpCalls                            191 calls
00:00:13.248450 /GVMM/Sum/WakeUpNotHalted                          2 calls
00:00:13.248453 /GVMM/Sum/WakeUpWakeUps                            0 calls
00:00:13.248457 /GVMM/VCpus/0/Start                                0 ticks/call (           0 ticks,       0 calls, max         0, min       0)
00:00:13.248461 /GVMM/VCpus/0/Stop                                 0 ticks/call (           0 ticks,       0 calls, max         0, min       0)
00:00:13.248465 /GVMM/VCpus/0/cWakeUpTimerCanceled                 0 times
00:00:13.248469 /GVMM/VCpus/0/cWakeUpTimerHits                     0 times
00:00:13.248472 /GVMM/VCpus/0/cWakeUpTimerMisses                   0 times
00:00:13.248476 /GVMM/VCpus/0/cWakeUpTimerSameCpu                  0 times
00:00:13.248479 /GVMM/VCpus/1/Start                                0 ticks/call (           0 ticks,       0 calls, max         0, min       0)
00:00:13.248483 /GVMM/VCpus/1/Stop                                 0 ticks/call (           0 ticks,       0 calls, max         0, min       0)
00:00:13.248486 /GVMM/VCpus/1/cWakeUpTimerCanceled                 0 times
00:00:13.248490 /GVMM/VCpus/1/cWakeUpTimerHits                     0 times
00:00:13.248493 /GVMM/VCpus/1/cWakeUpTimerMisses                   0 times
00:00:13.248497 /GVMM/VCpus/1/cWakeUpTimerSameCpu                  0 times
00:00:13.248500 /GVMM/VM/HaltBlocking                            529 calls
00:00:13.248504 /GVMM/VM/HaltCalls                               529 calls
00:00:13.248507 /GVMM/VM/HaltNotBlocking                           0 calls
00:00:13.248511 /GVMM/VM/HaltTimeouts                            339 calls
00:00:13.248514 /GVMM/VM/HaltWakeUps                               0 calls
00:00:13.248517 /GVMM/VM/PokeCalls                                22 calls
00:00:13.248521 /GVMM/VM/PokeNotBusy                               5 calls
00:00:13.248524 /GVMM/VM/PollCalls                                 0 calls
00:00:13.248528 /GVMM/VM/PollHalts                                 0 calls
00:00:13.248531 /GVMM/VM/PollWakeUps                               0 calls
00:00:13.248535 /GVMM/VM/WakeUpCalls                             191 calls
00:00:13.248539 /GVMM/VM/WakeUpNotHalted                           2 calls
00:00:13.248544 /GVMM/VM/WakeUpWakeUps                             0 calls
00:00:13.248548 /GVMM/VMs                                          1 count
00:00:13.248553 /HGCM/FailedPageListLocking                        0 count
00:00:13.248557 /HGCM/LargeCmdAllocs                               0 count
00:00:13.248562 /HGCM/MsgArrival                                   0 ticks/call (           0 ticks,       0 calls, max         0, min      -1)
00:00:13.248567 /HGCM/MsgCompletion                                0 ticks/call (           0 ticks,       0 calls, max         0, min      -1)
00:00:13.248572 /HGCM/MsgTotal                                     0 ticks/call (           0 ticks,       0 calls, max         0, min      -1)
00:00:13.248577 /HM/CPU0/Exit/HostNmiInGC                          0 times
00:00:13.248582 /HM/CPU0/Exit/HostNmiInGCIpi                       0 times
00:00:13.248586 /HM/CPU0/Exit/PreemptTimer                         0 times
00:00:13.248591 /HM/CPU0/Exit/Trap/Gst/#AC                         0 times
00:00:13.248595 /HM/CPU0/ImportGuestStateFallback                  0 times
00:00:13.248600 /HM/CPU0/ReadToTransientFallback                   0 times
00:00:13.248604 /HM/CPU0/Switch/Preempting                      1793 times
00:00:13.248609 /HM/CPU1/Exit/HostNmiInGC                          0 times
00:00:13.248614 /HM/CPU1/Exit/HostNmiInGCIpi                       0 times
00:00:13.248619 /HM/CPU1/Exit/PreemptTimer                         0 times
00:00:13.248624 /HM/CPU1/Exit/Trap/Gst/#AC                         0 times
00:00:13.248629 /HM/CPU1/ImportGuestStateFallback                  0 times
00:00:13.248633 /HM/CPU1/ReadToTransientFallback                   0 times
00:00:13.248637 /HM/CPU1/Switch/Preempting                         0 times
00:00:13.248659 /IEM/CPU0/Tlb/Code/InvlPg                          0 
00:00:13.248669 /IEM/CPU0/Tlb/Code/InvlPg/LargeGlobal              0 
00:00:13.248674 /IEM/CPU0/Tlb/Code/InvlPg/LargeNonGlobal           0 
00:00:13.248678 /IEM/CPU0/Tlb/Code/LargePageGlobalCurLoads         0 count
00:00:13.248683 /IEM/CPU0/Tlb/Code/LargePageGlobalFirstTag ffffffffffffffff count
00:00:13.248687 /IEM/CPU0/Tlb/Code/LargePageGlobalLastTag          0 count
00:00:13.248691 /IEM/CPU0/Tlb/Code/LargePageNonGlobalCurLoads         0 count
00:00:13.248695 /IEM/CPU0/Tlb/Code/LargePageNonGlobalFirstTag ffffffffffffffff count
00:00:13.248700 /IEM/CPU0/Tlb/Code/LargePageNonGlobalLastTag         0 count
00:00:13.248705 /IEM/CPU0/Tlb/Code/Misses                          0 count
00:00:13.248709 /IEM/CPU0/Tlb/Code/Misses/GlobalLoads              0 count
00:00:13.248714 /IEM/CPU0/Tlb/Code/PhysicalRevision        fffffffffffce000 
00:00:13.248720 /IEM/CPU0/Tlb/Code/PhysicalRevisionFlushes         0 
00:00:13.248724 /IEM/CPU0/Tlb/Code/PhysicalRevisionRollovers         0 
00:00:13.248728 /IEM/CPU0/Tlb/Code/RevisionGlobal          fffff38000000000 
00:00:13.248733 /IEM/CPU0/Tlb/Code/RevisionGlobalFlushes           0 
00:00:13.248739 /IEM/CPU0/Tlb/Code/RevisionNonGlobal       fffff38000000000 
00:00:13.248747 /IEM/CPU0/Tlb/Code/RevisionNonGlobalFlushes         0 
00:00:13.248752 /IEM/CPU0/Tlb/Code/RevisionRollovers               0 
00:00:13.248756 /IEM/CPU0/Tlb/Code/SlowReads                       0 count
00:00:13.248761 /IEM/CPU0/Tlb/Data/InvlPg                          0 
00:00:13.248765 /IEM/CPU0/Tlb/Data/InvlPg/LargeGlobal              0 
00:00:13.248770 /IEM/CPU0/Tlb/Data/InvlPg/LargeNonGlobal           0 
00:00:13.248774 /IEM/CPU0/Tlb/Data/LargePageGlobalCurLoads         0 count
00:00:13.248779 /IEM/CPU0/Tlb/Data/LargePageGlobalFirstTag ffffffffffffffff count
00:00:13.248783 /IEM/CPU0/Tlb/Data/LargePageGlobalLastTag          0 count
00:00:13.248787 /IEM/CPU0/Tlb/Data/LargePageNonGlobalCurLoads         0 count
00:00:13.248791 /IEM/CPU0/Tlb/Data/LargePageNonGlobalFirstTag ffffffffffffffff count
00:00:13.248794 /IEM/CPU0/Tlb/Data/LargePageNonGlobalLastTag         0 count
00:00:13.248799 /IEM/CPU0/Tlb/Data/Misses                          0 count
00:00:13.248806 /IEM/CPU0/Tlb/Data/Misses/Core                     0 count
00:00:13.248811 /IEM/CPU0/Tlb/Data/Misses/Core/GlobalLoads         0 count
00:00:13.248815 /IEM/CPU0/Tlb/Data/Misses/Safe                     0 count
00:00:13.248818 /IEM/CPU0/Tlb/Data/Misses/Safe/Reads               0 count
00:00:13.248822 /IEM/CPU0/Tlb/Data/Misses/Safe/SubPartHits         0 count
00:00:13.248825 /IEM/CPU0/Tlb/Data/Misses/Safe/SubPartMisses         0 count
00:00:13.248828 /IEM/CPU0/Tlb/Data/Misses/Safe/SubPartMisses/GlobalLoads         0 count
00:00:13.248832 /IEM/CPU0/Tlb/Data/Misses/Safe/Writes              0 count
00:00:13.248835 /IEM/CPU0/Tlb/Data/PhysicalRevision        fffffffffffce000 
00:00:13.248838 /IEM/CPU0/Tlb/Data/PhysicalRevisionFlushes         0 
00:00:13.248842 /IEM/CPU0/Tlb/Data/PhysicalRevisionRollovers         0 
00:00:13.248845 /IEM/CPU0/Tlb/Data/RevisionGlobal          fffff38000000000 
00:00:13.248848 /IEM/CPU0/Tlb/Data/RevisionGlobalFlushes           0 
00:00:13.248852 /IEM/CPU0/Tlb/Data/RevisionNonGlobal       fffff38000000000 
00:00:13.248855 /IEM/CPU0/Tlb/Data/RevisionNonGlobalFlushes         0 
00:00:13.248858 /IEM/CPU0/Tlb/Data/RevisionRollovers               0 
00:00:13.248862 /IEM/CPU0/cInstructions                        10930 count
00:00:13.248865 /IEM/CPU0/cLongJumps                               0 bytes
00:00:13.248869 /IEM/CPU0/cMisalignedAtomics                       0 bytes
00:00:13.248872 /IEM/CPU0/cPendingCommit                           0 bytes
00:00:13.248875 /IEM/CPU0/cPotentialExits                      52224 count
00:00:13.248879 /IEM/CPU0/cRetAspectNotImplemented                 0 count
00:00:13.248882 /IEM/CPU0/cRetErrStatuses                          0 count
00:00:13.248885 /IEM/CPU0/cRetInfStatuses                        162 count
00:00:13.248889 /IEM/CPU0/cRetInstrNotImplemented                  0 count
00:00:13.248892 /IEM/CPU0/cbWritten                            74970 bytes
00:00:13.248909 /IEM/CPU1/Tlb/Code/InvlPg                          0 
00:00:13.248914 /IEM/CPU1/Tlb/Code/InvlPg/LargeGlobal              0 
00:00:13.248919 /IEM/CPU1/Tlb/Code/InvlPg/LargeNonGlobal           0 
00:00:13.248923 /IEM/CPU1/Tlb/Code/LargePageGlobalCurLoads         0 count
00:00:13.248927 /IEM/CPU1/Tlb/Code/LargePageGlobalFirstTag ffffffffffffffff count
00:00:13.248931 /IEM/CPU1/Tlb/Code/LargePageGlobalLastTag          0 count
00:00:13.248934 /IEM/CPU1/Tlb/Code/LargePageNonGlobalCurLoads         0 count
00:00:13.248938 /IEM/CPU1/Tlb/Code/LargePageNonGlobalFirstTag ffffffffffffffff count
00:00:13.248941 /IEM/CPU1/Tlb/Code/LargePageNonGlobalLastTag         0 count
00:00:13.248945 /IEM/CPU1/Tlb/Code/Misses                          0 count
00:00:13.248948 /IEM/CPU1/Tlb/Code/Misses/GlobalLoads              0 count
00:00:13.248952 /IEM/CPU1/Tlb/Code/PhysicalRevision        fffffffffffce000 
00:00:13.248955 /IEM/CPU1/Tlb/Code/PhysicalRevisionFlushes         0 
00:00:13.248958 /IEM/CPU1/Tlb/Code/PhysicalRevisionRollovers         0 
00:00:13.248962 /IEM/CPU1/Tlb/Code/RevisionGlobal          fffff38000000000 
00:00:13.248965 /IEM/CPU1/Tlb/Code/RevisionGlobalFlushes           0 
00:00:13.248968 /IEM/CPU1/Tlb/Code/RevisionNonGlobal       fffff38000000000 
00:00:13.248972 /IEM/CPU1/Tlb/Code/RevisionNonGlobalFlushes         0 
00:00:13.248975 /IEM/CPU1/Tlb/Code/RevisionRollovers               0 
00:00:13.248978 /IEM/CPU1/Tlb/Code/SlowReads                       0 count
00:00:13.248982 /IEM/CPU1/Tlb/Data/InvlPg                          0 
00:00:13.248985 /IEM/CPU1/Tlb/Data/InvlPg/LargeGlobal              0 
00:00:13.248988 /IEM/CPU1/Tlb/Data/InvlPg/LargeNonGlobal           0 
00:00:13.248992 /IEM/CPU1/Tlb/Data/LargePageGlobalCurLoads         0 count
00:00:13.248995 /IEM/CPU1/Tlb/Data/LargePageGlobalFirstTag ffffffffffffffff count
00:00:13.248999 /IEM/CPU1/Tlb/Data/LargePageGlobalLastTag          0 count
00:00:13.249002 /IEM/CPU1/Tlb/Data/LargePageNonGlobalCurLoads         0 count
00:00:13.249005 /IEM/CPU1/Tlb/Data/LargePageNonGlobalFirstTag ffffffffffffffff count
00:00:13.249074 /IEM/CPU1/Tlb/Data/LargePageNonGlobalLastTag         0 count
00:00:13.249079 /IEM/CPU1/Tlb/Data/Misses                          0 count
00:00:13.249082 /IEM/CPU1/Tlb/Data/Misses/Core                     0 count
00:00:13.249086 /IEM/CPU1/Tlb/Data/Misses/Core/GlobalLoads         0 count
00:00:13.249089 /IEM/CPU1/Tlb/Data/Misses/Safe                     0 count
00:00:13.249093 /IEM/CPU1/Tlb/Data/Misses/Safe/Reads               0 count
00:00:13.249096 /IEM/CPU1/Tlb/Data/Misses/Safe/SubPartHits         0 count
00:00:13.249099 /IEM/CPU1/Tlb/Data/Misses/Safe/SubPartMisses         0 count
00:00:13.249102 /IEM/CPU1/Tlb/Data/Misses/Safe/SubPartMisses/GlobalLoads         0 count
00:00:13.249106 /IEM/CPU1/Tlb/Data/Misses/Safe/Writes              0 count
00:00:13.249112 /IEM/CPU1/Tlb/Data/PhysicalRevision        fffffffffffce000 
00:00:13.249116 /IEM/CPU1/Tlb/Data/PhysicalRevisionFlushes         0 
00:00:13.249119 /IEM/CPU1/Tlb/Data/PhysicalRevisionRollovers         0 
00:00:13.249122 /IEM/CPU1/Tlb/Data/RevisionGlobal          fffff38000000000 
00:00:13.249126 /IEM/CPU1/Tlb/Data/RevisionGlobalFlushes           0 
00:00:13.249129 /IEM/CPU1/Tlb/Data/RevisionNonGlobal       fffff38000000000 
00:00:13.249133 /IEM/CPU1/Tlb/Data/RevisionNonGlobalFlushes         0 
00:00:13.249136 /IEM/CPU1/Tlb/Data/RevisionRollovers               0 
00:00:13.249139 /IEM/CPU1/cInstructions                            0 count
00:00:13.249143 /IEM/CPU1/cLongJumps                               0 bytes
00:00:13.249146 /IEM/CPU1/cMisalignedAtomics                       0 bytes
00:00:13.249149 /IEM/CPU1/cPendingCommit                           0 bytes
00:00:13.249153 /IEM/CPU1/cPotentialExits                          0 count
00:00:13.249156 /IEM/CPU1/cRetAspectNotImplemented                 0 count
00:00:13.249159 /IEM/CPU1/cRetErrStatuses                          0 count
00:00:13.249163 /IEM/CPU1/cRetInfStatuses                          0 count
00:00:13.249166 /IEM/CPU1/cRetInstrNotImplemented                  0 count
00:00:13.249170 /IEM/CPU1/cbWritten                                0 bytes
00:00:13.249173 /IOM/MmioMappingsStale                             0 ticks/call
00:00:13.249177 /IOM/MmioTooDeepRecursion                          0 times
00:00:13.249180 /PDM/BlkCache/cbCached                             0 bytes
00:00:13.249184 /PDM/BlkCache/cbCachedFru                          0 bytes
00:00:13.249187 /PDM/BlkCache/cbCachedMruIn                        0 bytes
00:00:13.249190 /PDM/BlkCache/cbCachedMruOut                       0 bytes
00:00:13.249194 /PDM/BlkCache/cbMax                          5242880 bytes
00:00:13.249197 /PDM/CritSects/00-AbortedEnters                    0 times
00:00:13.249201 /PDM/CritSects/00-EntersWhileAborting              0 times
00:00:13.249204 /PDM/CritSects/00-Non-interruptible-Waits-VINF_SUCCESS         0 times
00:00:13.249207 /PDM/CritSects/00-QueuedLeaves                     0 times
00:00:13.249211 /PDM/CritSects/00-VERR_INTERRUPTED                 0 times
00:00:13.249214 /PDM/CritSects/00-VERR_TIMEOUT                     0 times
00:00:13.249218 /PDM/CritSects/8237A#0Auto/ContentionR3            0 times
00:00:13.249221 /PDM/CritSects/8237A#0Auto/ContentionR3Wait         0 ticks/time (           0 ticks,       0 times, max         0, min      -1)
00:00:13.249226 /PDM/CritSects/8237A#0Auto/ContentionRZLock         0 times
00:00:13.249230 /PDM/CritSects/8237A#0Auto/ContentionRZLockBusy         0 times
00:00:13.249235 /PDM/CritSects/8237A#0Auto/ContentionRZUnlock         0 times
00:00:13.249239 /PDM/CritSects/8237A#0Auto/ContentionRZWait         0 ticks/time (           0 ticks,       0 times, max         0, min      -1)
00:00:13.249244 /PDM/CritSects/AHCI#0/ContentionR3                 0 times
00:00:13.249249 /PDM/CritSects/AHCI#0/ContentionR3Wait             0 ticks/time (           0 ticks,       0 times, max         0, min      -1)
00:00:13.249253 /PDM/CritSects/AHCI#0/ContentionRZLock             0 times
00:00:13.249258 /PDM/CritSects/AHCI#0/ContentionRZLockBusy         0 times
00:00:13.249262 /PDM/CritSects/AHCI#0/ContentionRZUnlock           0 times
00:00:13.249265 /PDM/CritSects/AHCI#0/ContentionRZWait             0 ticks/time (           0 ticks,       0 times, max         0, min      -1)
00:00:13.249269 /PDM/CritSects/E1000#0/ContentionR3                0 times
00:00:13.249273 /PDM/CritSects/E1000#0/ContentionR3Wait            0 ticks/time (           0 ticks,       0 times, max         0, min      -1)
00:00:13.249276 /PDM/CritSects/E1000#0/ContentionRZLock            0 times
00:00:13.249279 /PDM/CritSects/E1000#0/ContentionRZLockBusy         0 times
00:00:13.249283 /PDM/CritSects/E1000#0/ContentionRZUnlock          0 times
00:00:13.249287 /PDM/CritSects/E1000#0/ContentionRZWait            0 ticks/time (           0 ticks,       0 times, max         0, min      -1)
00:00:13.249291 /PDM/CritSects/E1000#0RX/ContentionR3              0 times
00:00:13.249296 /PDM/CritSects/E1000#0RX/ContentionR3Wait          0 ticks/time (           0 ticks,       0 times, max         0, min      -1)
00:00:13.249301 /PDM/CritSects/E1000#0RX/ContentionRZLock          0 times
00:00:13.249305 /PDM/CritSects/E1000#0RX/ContentionRZLockBusy         0 times
00:00:13.249309 /PDM/CritSects/E1000#0RX/ContentionRZUnlock         0 times
00:00:13.249313 /PDM/CritSects/E1000#0RX/ContentionRZWait          0 ticks/time (           0 ticks,       0 times, max         0, min      -1)
00:00:13.249318 /PDM/CritSects/E1000#0TX/ContentionR3              0 times
00:00:13.249322 /PDM/CritSects/E1000#0TX/ContentionR3Wait          0 ticks/time (           0 ticks,       0 times, max         0, min      -1)
00:00:13.249326 /PDM/CritSects/E1000#0TX/ContentionRZLock          0 times
00:00:13.249330 /PDM/CritSects/E1000#0TX/ContentionRZLockBusy         0 times
00:00:13.249334 /PDM/CritSects/E1000#0TX/ContentionRZUnlock         0 times
00:00:13.249338 /PDM/CritSects/E1000#0TX/ContentionRZWait          0 ticks/time (           0 ticks,       0 times, max         0, min      -1)
00:00:13.249344 /PDM/CritSects/GIMDev#0Auto/ContentionR3           0 times
00:00:13.249348 /PDM/CritSects/GIMDev#0Auto/ContentionR3Wait         0 ticks/time (           0 ticks,       0 times, max         0, min      -1)
00:00:13.249353 /PDM/CritSects/GIMDev#0Auto/ContentionRZLock         0 times
00:00:13.249356 /PDM/CritSects/GIMDev#0Auto/ContentionRZLockBusy         0 times
00:00:13.249359 /PDM/CritSects/GIMDev#0Auto/ContentionRZUnlock         0 times
00:00:13.249363 /PDM/CritSects/GIMDev#0Auto/ContentionRZWait         0 ticks/time (           0 ticks,       0 times, max         0, min      -1)
00:00:13.249366 /PDM/CritSects/HDA/ContentionR3                    0 times
00:00:13.249370 /PDM/CritSects/HDA/ContentionR3Wait                0 ticks/time (           0 ticks,       0 times, max         0, min      -1)
00:00:13.249374 /PDM/CritSects/HDA/ContentionRZLock                0 times
00:00:13.249377 /PDM/CritSects/HDA/ContentionRZLockBusy            0 times
00:00:13.249380 /PDM/CritSects/HDA/ContentionRZUnlock              0 times
00:00:13.249383 /PDM/CritSects/HDA/ContentionRZWait                0 ticks/time (           0 ticks,       0 times, max         0, min      -1)
00:00:13.249387 /PDM/CritSects/NOP/ContentionR3                    0 times
00:00:13.249391 /PDM/CritSects/NOP/ContentionR3Wait                0 ticks/time (           0 ticks,       0 times, max         0, min      -1)
00:00:13.249394 /PDM/CritSects/NOP/ContentionRZLock                0 times
00:00:13.249397 /PDM/CritSects/NOP/ContentionRZLockBusy            0 times
00:00:13.249401 /PDM/CritSects/NOP/ContentionRZUnlock              0 times
00:00:13.249404 /PDM/CritSects/NOP/ContentionRZWait                0 ticks/time (           0 ticks,       0 times, max         0, min      -1)
00:00:13.249408 /PDM/CritSects/PDM/ContentionR3                    0 times
00:00:13.249411 /PDM/CritSects/PDM/ContentionR3Wait                0 ticks/time (           0 ticks,       0 times, max         0, min      -1)
00:00:13.249416 /PDM/CritSects/PDM/ContentionRZLock                0 times
00:00:13.249420 /PDM/CritSects/PDM/ContentionRZLockBusy            0 times
00:00:13.249424 /PDM/CritSects/PDM/ContentionRZUnlock              0 times
00:00:13.249427 /PDM/CritSects/PDM/ContentionRZWait                0 ticks/time (           0 ticks,       0 times, max         0, min      -1)
00:00:13.249431 /PDM/CritSects/PGM/ContentionR3                   23 times
00:00:13.249434 /PDM/CritSects/PGM/ContentionR3Wait           998516 ticks/time (    22965877 ticks,      23 times, max   6209244, min   32148)
00:00:13.249438 /PDM/CritSects/PGM/ContentionRZLock               11 times
00:00:13.249441 /PDM/CritSects/PGM/ContentionRZLockBusy            0 times
00:00:13.249445 /PDM/CritSects/PGM/ContentionRZUnlock              0 times
00:00:13.249448 /PDM/CritSects/PGM/ContentionRZWait           166489 ticks/time (     1831387 ticks,      11 times, max    258048, min   44706)
00:00:13.249452 /PDM/CritSects/TM VirtualSync Lock/ContentionR3         0 times
00:00:13.249455 /PDM/CritSects/TM VirtualSync Lock/ContentionR3Wait         0 ticks/time (           0 ticks,       0 times, max         0, min      -1)
00:00:13.249459 /PDM/CritSects/TM VirtualSync Lock/ContentionRZLock         0 times
00:00:13.249463 /PDM/CritSects/TM VirtualSync Lock/ContentionRZLockBusy         0 times
00:00:13.249466 /PDM/CritSects/TM VirtualSync Lock/ContentionRZUnlock         0 times
00:00:13.249469 /PDM/CritSects/TM VirtualSync Lock/ContentionRZWait         0 ticks/time (           0 ticks,       0 times, max         0, min      -1)
00:00:13.249473 /PDM/CritSects/TM real queue timer lock/ContentionR3         0 times
00:00:13.249476 /PDM/CritSects/TM real queue timer lock/ContentionR3Wait         0 ticks/time (           0 ticks,       0 times, max         0, min      -1)
00:00:13.249480 /PDM/CritSects/TM real queue timer lock/ContentionRZLock         0 times
00:00:13.249483 /PDM/CritSects/TM real queue timer lock/ContentionRZLockBusy         0 times
00:00:13.249487 /PDM/CritSects/TM real queue timer lock/ContentionRZUnlock         0 times
00:00:13.249490 /PDM/CritSects/TM real queue timer lock/ContentionRZWait         0 ticks/time (           0 ticks,       0 times, max         0, min      -1)
00:00:13.249494 /PDM/CritSects/TM tsc queue timer lock/ContentionR3         0 times
00:00:13.249497 /PDM/CritSects/TM tsc queue timer lock/ContentionR3Wait         0 ticks/time (           0 ticks,       0 times, max         0, min      -1)
00:00:13.249501 /PDM/CritSects/TM tsc queue timer lock/ContentionRZLock         0 times
00:00:13.249505 /PDM/CritSects/TM tsc queue timer lock/ContentionRZLockBusy         0 times
00:00:13.249508 /PDM/CritSects/TM tsc queue timer lock/ContentionRZUnlock         0 times
00:00:13.249511 /PDM/CritSects/TM tsc queue timer lock/ContentionRZWait         0 ticks/time (           0 ticks,       0 times, max         0, min      -1)
00:00:13.249515 /PDM/CritSects/TM virtual queue timer lock/ContentionR3         0 times
00:00:13.249518 /PDM/CritSects/TM virtual queue timer lock/ContentionR3Wait         0 ticks/time (           0 ticks,       0 times, max         0, min      -1)
00:00:13.249522 /PDM/CritSects/TM virtual queue timer lock/ContentionRZLock         0 times
00:00:13.249525 /PDM/CritSects/TM virtual queue timer lock/ContentionRZLockBusy         0 times
00:00:13.249528 /PDM/CritSects/TM virtual queue timer lock/ContentionRZUnlock         0 times
00:00:13.249531 /PDM/CritSects/TM virtual queue timer lock/ContentionRZWait         0 ticks/time (           0 ticks,       0 times, max         0, min      -1)
00:00:13.249535 /PDM/CritSects/TM virtual_sync queue timer lock/ContentionR3         0 times
00:00:13.249538 /PDM/CritSects/TM virtual_sync queue timer lock/ContentionR3Wait         0 ticks/time (           0 ticks,       0 times, max         0, min      -1)
00:00:13.249542 /PDM/CritSects/TM virtual_sync queue timer lock/ContentionRZLock         0 times
00:00:13.249545 /PDM/CritSects/TM virtual_sync queue timer lock/ContentionRZLockBusy         0 times
00:00:13.249551 /PDM/CritSects/TM virtual_sync queue timer lock/ContentionRZUnlock         0 times
00:00:13.249555 /PDM/CritSects/TM virtual_sync queue timer lock/ContentionRZWait         0 ticks/time (           0 ticks,       0 times, max         0, min      -1)
00:00:13.249561 /PDM/CritSects/VGA#0/ContentionR3                 18 times
00:00:13.249565 /PDM/CritSects/VGA#0/ContentionR3Wait         507961 ticks/time (     9143305 ticks,      18 times, max   4265280, min   37008)
00:00:13.249571 /PDM/CritSects/VGA#0/ContentionRZLock              0 times
00:00:13.249575 /PDM/CritSects/VGA#0/ContentionRZLockBusy          0 times
00:00:13.249579 /PDM/CritSects/VGA#0/ContentionRZUnlock            0 times
00:00:13.249582 /PDM/CritSects/VGA#0/ContentionRZWait              0 ticks/time (           0 ticks,       0 times, max         0, min      -1)
00:00:13.249586 /PDM/CritSects/VGA#0_IRQ/ContentionR3              0 times
00:00:13.249589 /PDM/CritSects/VGA#0_IRQ/ContentionR3Wait          0 ticks/time (           0 ticks,       0 times, max         0, min      -1)
00:00:13.249593 /PDM/CritSects/VGA#0_IRQ/ContentionRZLock          0 times
00:00:13.249596 /PDM/CritSects/VGA#0_IRQ/ContentionRZLockBusy         0 times
00:00:13.249599 /PDM/CritSects/VGA#0_IRQ/ContentionRZUnlock         0 times
00:00:13.249603 /PDM/CritSects/VGA#0_IRQ/ContentionRZWait          0 ticks/time (           0 ticks,       0 times, max         0, min      -1)
00:00:13.249606 /PDM/CritSects/VMMDev#0/ContentionR3               0 times
00:00:13.249609 /PDM/CritSects/VMMDev#0/ContentionR3Wait           0 ticks/time (           0 ticks,       0 times, max         0, min      -1)
00:00:13.249613 /PDM/CritSects/VMMDev#0/ContentionRZLock           0 times
00:00:13.249617 /PDM/CritSects/VMMDev#0/ContentionRZLockBusy         0 times
00:00:13.249620 /PDM/CritSects/VMMDev#0/ContentionRZUnlock         0 times
00:00:13.249623 /PDM/CritSects/VMMDev#0/ContentionRZWait           0 ticks/time (           0 ticks,       0 times, max         0, min      -1)
00:00:13.249627 /PDM/CritSects/acpi#0/ContentionR3                 0 times
00:00:13.249630 /PDM/CritSects/acpi#0/ContentionR3Wait             0 ticks/time (           0 ticks,       0 times, max         0, min      -1)
00:00:13.249634 /PDM/CritSects/acpi#0/ContentionRZLock             0 times
00:00:13.249637 /PDM/CritSects/acpi#0/ContentionRZLockBusy         0 times
00:00:13.249641 /PDM/CritSects/acpi#0/ContentionRZUnlock           0 times
00:00:13.249644 /PDM/CritSects/acpi#0/ContentionRZWait             0 ticks/time (           0 ticks,       0 times, max         0, min      -1)
00:00:13.249648 /PDM/CritSects/i82078#0Auto/ContentionR3           0 times
00:00:13.249651 /PDM/CritSects/i82078#0Auto/ContentionR3Wait         0 ticks/time (           0 ticks,       0 times, max         0, min      -1)
00:00:13.249655 /PDM/CritSects/i82078#0Auto/ContentionRZLock         0 times
00:00:13.249658 /PDM/CritSects/i82078#0Auto/ContentionRZLockBusy         0 times
00:00:13.249661 /PDM/CritSects/i82078#0Auto/ContentionRZUnlock         0 times
00:00:13.249664 /PDM/CritSects/i82078#0Auto/ContentionRZWait         0 ticks/time (           0 ticks,       0 times, max         0, min      -1)
00:00:13.249668 /PDM/CritSects/mc146818#0Auto/ContentionR3         0 times
00:00:13.249671 /PDM/CritSects/mc146818#0Auto/ContentionR3Wait         0 ticks/time (           0 ticks,       0 times, max         0, min      -1)
00:00:13.249675 /PDM/CritSects/mc146818#0Auto/ContentionRZLock         0 times
00:00:13.249678 /PDM/CritSects/mc146818#0Auto/ContentionRZLockBusy         0 times
00:00:13.249682 /PDM/CritSects/mc146818#0Auto/ContentionRZUnlock         0 times
00:00:13.249685 /PDM/CritSects/mc146818#0Auto/ContentionRZWait         0 ticks/time (           0 ticks,       0 times, max         0, min      -1)
00:00:13.249689 /PDM/CritSects/pcarch#0Auto/ContentionR3           0 times
00:00:13.249692 /PDM/CritSects/pcarch#0Auto/ContentionR3Wait         0 ticks/time (           0 ticks,       0 times, max         0, min      -1)
00:00:13.249698 /PDM/CritSects/pcarch#0Auto/ContentionRZLock         0 times
00:00:13.249703 /PDM/CritSects/pcarch#0Auto/ContentionRZLockBusy         0 times
00:00:13.249707 /PDM/CritSects/pcarch#0Auto/ContentionRZUnlock         0 times
00:00:13.249710 /PDM/CritSects/pcarch#0Auto/ContentionRZWait         0 ticks/time (           0 ticks,       0 times, max         0, min      -1)
00:00:13.249714 /PDM/CritSects/pcbios#0Auto/ContentionR3           0 times
00:00:13.249718 /PDM/CritSects/pcbios#0Auto/ContentionR3Wait         0 ticks/time (           0 ticks,       0 times, max         0, min      -1)
00:00:13.249723 /PDM/CritSects/pcbios#0Auto/ContentionRZLock         0 times
00:00:13.249726 /PDM/CritSects/pcbios#0Auto/ContentionRZLockBusy         0 times
00:00:13.249729 /PDM/CritSects/pcbios#0Auto/ContentionRZUnlock         0 times
00:00:13.249733 /PDM/CritSects/pcbios#0Auto/ContentionRZWait         0 ticks/time (           0 ticks,       0 times, max         0, min      -1)
00:00:13.249736 /PDM/CritSects/pckbd#0Auto/ContentionR3            0 times
00:00:13.249739 /PDM/CritSects/pckbd#0Auto/ContentionR3Wait         0 ticks/time (           0 ticks,       0 times, max         0, min      -1)
00:00:13.249743 /PDM/CritSects/pckbd#0Auto/ContentionRZLock         0 times
00:00:13.249746 /PDM/CritSects/pckbd#0Auto/ContentionRZLockBusy         0 times
00:00:13.249749 /PDM/CritSects/pckbd#0Auto/ContentionRZUnlock         0 times
00:00:13.249753 /PDM/CritSects/pckbd#0Auto/ContentionRZWait         0 ticks/time (           0 ticks,       0 times, max         0, min      -1)
00:00:13.249757 /PDM/CritSects/pit#0/ContentionR3                  0 times
00:00:13.249762 /PDM/CritSects/pit#0/ContentionR3Wait              0 ticks/time (           0 ticks,       0 times, max         0, min      -1)
00:00:13.249766 /PDM/CritSects/pit#0/ContentionRZLock              0 times
00:00:13.249769 /PDM/CritSects/pit#0/ContentionRZLockBusy          0 times
00:00:13.249772 /PDM/CritSects/pit#0/ContentionRZUnlock            0 times
00:00:13.249776 /PDM/CritSects/pit#0/ContentionRZWait              0 ticks/time (           0 ticks,       0 times, max         0, min      -1)
00:00:13.249782 /PDM/CritSects/usb-xhci#0Auto/ContentionR3         0 times
00:00:13.249786 /PDM/CritSects/usb-xhci#0Auto/ContentionR3Wait         0 ticks/time (           0 ticks,       0 times, max         0, min      -1)
00:00:13.249789 /PDM/CritSects/usb-xhci#0Auto/ContentionRZLock         0 times
00:00:13.249793 /PDM/CritSects/usb-xhci#0Auto/ContentionRZLockBusy         0 times
00:00:13.249796 /PDM/CritSects/usb-xhci#0Auto/ContentionRZUnlock         0 times
00:00:13.249799 /PDM/CritSects/usb-xhci#0Auto/ContentionRZWait         0 ticks/time (           0 ticks,       0 times, max         0, min      -1)
00:00:13.249803 /PDM/CritSects/xHCIIntr#0/ContentionR3             0 times
00:00:13.249806 /PDM/CritSects/xHCIIntr#0/ContentionR3Wait         0 ticks/time (           0 ticks,       0 times, max         0, min      -1)
00:00:13.249810 /PDM/CritSects/xHCIIntr#0/ContentionRZLock         0 times
00:00:13.249813 /PDM/CritSects/xHCIIntr#0/ContentionRZLockBusy         0 times
00:00:13.249816 /PDM/CritSects/xHCIIntr#0/ContentionRZUnlock         0 times
00:00:13.249820 /PDM/CritSects/xHCIIntr#0/ContentionRZWait         0 ticks/time (           0 ticks,       0 times, max         0, min      -1)
00:00:13.249823 /PDM/CritSects/xHCIIntr#1/ContentionR3             0 times
00:00:13.249827 /PDM/CritSects/xHCIIntr#1/ContentionR3Wait         0 ticks/time (           0 ticks,       0 times, max         0, min      -1)
00:00:13.249830 /PDM/CritSects/xHCIIntr#1/ContentionRZLock         0 times
00:00:13.249833 /PDM/CritSects/xHCIIntr#1/ContentionRZLockBusy         0 times
00:00:13.249837 /PDM/CritSects/xHCIIntr#1/ContentionRZUnlock         0 times
00:00:13.249840 /PDM/CritSects/xHCIIntr#1/ContentionRZWait         0 ticks/time (           0 ticks,       0 times, max         0, min      -1)
00:00:13.249844 /PDM/CritSects/xHCIIntr#2/ContentionR3             0 times
00:00:13.249849 /PDM/CritSects/xHCIIntr#2/ContentionR3Wait         0 ticks/time (           0 ticks,       0 times, max         0, min      -1)
00:00:13.249853 /PDM/CritSects/xHCIIntr#2/ContentionRZLock         0 times
00:00:13.249856 /PDM/CritSects/xHCIIntr#2/ContentionRZLockBusy         0 times
00:00:13.249860 /PDM/CritSects/xHCIIntr#2/ContentionRZUnlock         0 times
00:00:13.249863 /PDM/CritSects/xHCIIntr#2/ContentionRZWait         0 ticks/time (           0 ticks,       0 times, max         0, min      -1)
00:00:13.249867 /PDM/CritSects/xHCIIntr#3/ContentionR3             0 times
00:00:13.249870 /PDM/CritSects/xHCIIntr#3/ContentionR3Wait         0 ticks/time (           0 ticks,       0 times, max         0, min      -1)
00:00:13.249875 /PDM/CritSects/xHCIIntr#3/ContentionRZLock         0 times
00:00:13.249879 /PDM/CritSects/xHCIIntr#3/ContentionRZLockBusy         0 times
00:00:13.249884 /PDM/CritSects/xHCIIntr#3/ContentionRZUnlock         0 times
00:00:13.249888 /PDM/CritSects/xHCIIntr#3/ContentionRZWait         0 ticks/time (           0 ticks,       0 times, max         0, min      -1)
00:00:13.249893 /PDM/CritSects/xHCIIntr#4/ContentionR3             0 times
00:00:13.249897 /PDM/CritSects/xHCIIntr#4/ContentionR3Wait         0 ticks/time (           0 ticks,       0 times, max         0, min      -1)
00:00:13.249900 /PDM/CritSects/xHCIIntr#4/ContentionRZLock         0 times
00:00:13.249904 /PDM/CritSects/xHCIIntr#4/ContentionRZLockBusy         0 times
00:00:13.249907 /PDM/CritSects/xHCIIntr#4/ContentionRZUnlock         0 times
00:00:13.249910 /PDM/CritSects/xHCIIntr#4/ContentionRZWait         0 ticks/time (           0 ticks,       0 times, max         0, min      -1)
00:00:13.249914 /PDM/CritSects/xHCIIntr#5/ContentionR3             0 times
00:00:13.249918 /PDM/CritSects/xHCIIntr#5/ContentionR3Wait         0 ticks/time (           0 ticks,       0 times, max         0, min      -1)
00:00:13.249922 /PDM/CritSects/xHCIIntr#5/ContentionRZLock         0 times
00:00:13.249925 /PDM/CritSects/xHCIIntr#5/ContentionRZLockBusy         0 times
00:00:13.249928 /PDM/CritSects/xHCIIntr#5/ContentionRZUnlock         0 times
00:00:13.249932 /PDM/CritSects/xHCIIntr#5/ContentionRZWait         0 ticks/time (           0 ticks,       0 times, max         0, min      -1)
00:00:13.249936 /PDM/CritSects/xHCIIntr#6/ContentionR3             0 times
00:00:13.249939 /PDM/CritSects/xHCIIntr#6/ContentionR3Wait         0 ticks/time (           0 ticks,       0 times, max         0, min      -1)
00:00:13.249943 /PDM/CritSects/xHCIIntr#6/ContentionRZLock         0 times
00:00:13.249947 /PDM/CritSects/xHCIIntr#6/ContentionRZLockBusy         0 times
00:00:13.249951 /PDM/CritSects/xHCIIntr#6/ContentionRZUnlock         0 times
00:00:13.249956 /PDM/CritSects/xHCIIntr#6/ContentionRZWait         0 ticks/time (           0 ticks,       0 times, max         0, min      -1)
00:00:13.249960 /PDM/CritSects/xHCIIntr#7/ContentionR3             0 times
00:00:13.249964 /PDM/CritSects/xHCIIntr#7/ContentionR3Wait         0 ticks/time (           0 ticks,       0 times, max         0, min      -1)
00:00:13.249968 /PDM/CritSects/xHCIIntr#7/ContentionRZLock         0 times
00:00:13.249971 /PDM/CritSects/xHCIIntr#7/ContentionRZLockBusy         0 times
00:00:13.249974 /PDM/CritSects/xHCIIntr#7/ContentionRZUnlock         0 times
00:00:13.249978 /PDM/CritSects/xHCIIntr#7/ContentionRZWait         0 ticks/time (           0 ticks,       0 times, max         0, min      -1)
00:00:13.249981 /PDM/CritSectsRw/00-EnterSharedWhileAborting         0 times
00:00:13.249985 /PDM/CritSectsRw/00-Excl-Non-interruptible-Waits-VINF_SUCCESS         0 times
00:00:13.249988 /PDM/CritSectsRw/00-Excl-VERR_INTERRUPTED          0 times
00:00:13.249991 /PDM/CritSectsRw/00-Excl-VERR_TIMEOUT              0 times
00:00:13.249995 /PDM/CritSectsRw/00-Shared-Non-interruptible-Waits-VINF_SUCCESS         0 times
00:00:13.249998 /PDM/CritSectsRw/00-Shared-VERR_INTERRUPTED         0 times
00:00:13.250001 /PDM/CritSectsRw/00-Shared-VERR_TIMEOUT            0 times
00:00:13.250007 /PDM/CritSectsRw/IOM Lock/ContentionR3EnterExcl         0 times
00:00:13.250011 /PDM/CritSectsRw/IOM Lock/ContentionR3EnterShared         0 times
00:00:13.250014 /PDM/CritSectsRw/IOM Lock/ContentionR3LeaveExcl         0 times
00:00:13.250018 /PDM/CritSectsRw/IOM Lock/ContentionRZEnterExcl         0 times
00:00:13.250021 /PDM/CritSectsRw/IOM Lock/ContentionRZEnterShared         0 times
00:00:13.250024 /PDM/CritSectsRw/IOM Lock/ContentionRZLeaveExcl         0 times
00:00:13.250027 /PDM/CritSectsRw/IOM Lock/ContentionRZLeaveShared         0 times
00:00:13.250031 /PDM/CritSectsRw/IOM Lock/R3EnterExcl             71 times
00:00:13.250034 /PDM/CritSectsRw/IOM Lock/R3EnterShared         9020 times
00:00:13.250038 /PDM/CritSectsRw/IOM Lock/RZEnterExcl              0 times
00:00:13.250041 /PDM/CritSectsRw/IOM Lock/RZEnterShared      1768712 times
00:00:13.250045 /PDM/CritSectsRw/TM real queue alloc lock/ContentionR3EnterExcl         0 times
00:00:13.250048 /PDM/CritSectsRw/TM real queue alloc lock/ContentionR3EnterShared         0 times
00:00:13.250051 /PDM/CritSectsRw/TM real queue alloc lock/ContentionR3LeaveExcl         0 times
00:00:13.250054 /PDM/CritSectsRw/TM real queue alloc lock/ContentionRZEnterExcl         0 times
00:00:13.250058 /PDM/CritSectsRw/TM real queue alloc lock/ContentionRZEnterShared         0 times
00:00:13.250061 /PDM/CritSectsRw/TM real queue alloc lock/ContentionRZLeaveExcl         0 times
00:00:13.250064 /PDM/CritSectsRw/TM real queue alloc lock/ContentionRZLeaveShared         0 times
00:00:13.250068 /PDM/CritSectsRw/TM real queue alloc lock/R3EnterExcl         8 times
00:00:13.250071 /PDM/CritSectsRw/TM real queue alloc lock/R3EnterShared         1 times
00:00:13.250074 /PDM/CritSectsRw/TM real queue alloc lock/RZEnterExcl         0 times
00:00:13.250077 /PDM/CritSectsRw/TM real queue alloc lock/RZEnterShared         0 times
00:00:13.250081 /PDM/CritSectsRw/TM tsc queue alloc lock/ContentionR3EnterExcl         0 times
00:00:13.250087 /PDM/CritSectsRw/TM tsc queue alloc lock/ContentionR3EnterShared         0 times
00:00:13.250091 /PDM/CritSectsRw/TM tsc queue alloc lock/ContentionR3LeaveExcl         0 times
00:00:13.250095 /PDM/CritSectsRw/TM tsc queue alloc lock/ContentionRZEnterExcl         0 times
00:00:13.250099 /PDM/CritSectsRw/TM tsc queue alloc lock/ContentionRZEnterShared         0 times
00:00:13.250103 /PDM/CritSectsRw/TM tsc queue alloc lock/ContentionRZLeaveExcl         0 times
00:00:13.250107 /PDM/CritSectsRw/TM tsc queue alloc lock/ContentionRZLeaveShared         0 times
00:00:13.250111 /PDM/CritSectsRw/TM tsc queue alloc lock/R3EnterExcl         0 times
00:00:13.250115 /PDM/CritSectsRw/TM tsc queue alloc lock/R3EnterShared         1 times
00:00:13.250118 /PDM/CritSectsRw/TM tsc queue alloc lock/RZEnterExcl         0 times
00:00:13.250121 /PDM/CritSectsRw/TM tsc queue alloc lock/RZEnterShared         0 times
00:00:13.250124 /PDM/CritSectsRw/TM virtual queue alloc lock/ContentionR3EnterExcl         0 times
00:00:13.250128 /PDM/CritSectsRw/TM virtual queue alloc lock/ContentionR3EnterShared         0 times
00:00:13.250131 /PDM/CritSectsRw/TM virtual queue alloc lock/ContentionR3LeaveExcl         0 times
00:00:13.250134 /PDM/CritSectsRw/TM virtual queue alloc lock/ContentionRZEnterExcl         0 times
00:00:13.250138 /PDM/CritSectsRw/TM virtual queue alloc lock/ContentionRZEnterShared         0 times
00:00:13.250141 /PDM/CritSectsRw/TM virtual queue alloc lock/ContentionRZLeaveExcl         0 times
00:00:13.250144 /PDM/CritSectsRw/TM virtual queue alloc lock/ContentionRZLeaveShared         0 times
00:00:13.250147 /PDM/CritSectsRw/TM virtual queue alloc lock/R3EnterExcl        13 times
00:00:13.250151 /PDM/CritSectsRw/TM virtual queue alloc lock/R3EnterShared         1 times
00:00:13.250154 /PDM/CritSectsRw/TM virtual queue alloc lock/RZEnterExcl         0 times
00:00:13.250158 /PDM/CritSectsRw/TM virtual queue alloc lock/RZEnterShared         0 times
00:00:13.250161 /PDM/CritSectsRw/TM virtual_sync queue alloc lock/ContentionR3EnterExcl         0 times
00:00:13.250166 /PDM/CritSectsRw/TM virtual_sync queue alloc lock/ContentionR3EnterShared         0 times
00:00:13.250170 /PDM/CritSectsRw/TM virtual_sync queue alloc lock/ContentionR3LeaveExcl         0 times
00:00:13.250173 /PDM/CritSectsRw/TM virtual_sync queue alloc lock/ContentionRZEnterExcl         0 times
00:00:13.250176 /PDM/CritSectsRw/TM virtual_sync queue alloc lock/ContentionRZEnterShared         0 times
00:00:13.250180 /PDM/CritSectsRw/TM virtual_sync queue alloc lock/ContentionRZLeaveExcl         0 times
00:00:13.250183 /PDM/CritSectsRw/TM virtual_sync queue alloc lock/ContentionRZLeaveShared         0 times
00:00:13.250187 /PDM/CritSectsRw/TM virtual_sync queue alloc lock/R3EnterExcl        17 times
00:00:13.250190 /PDM/CritSectsRw/TM virtual_sync queue alloc lock/R3EnterShared         1 times
00:00:13.250194 /PDM/CritSectsRw/TM virtual_sync queue alloc lock/RZEnterExcl         0 times
00:00:13.250197 /PDM/CritSectsRw/TM virtual_sync queue alloc lock/RZEnterShared         0 times
00:00:13.250202 /PDM/Queue/DevHlp/AllocFailures                    0 times
00:00:13.250207 /PDM/Queue/DevHlp/Flush                            0 calls
00:00:13.250212 /PDM/Queue/DevHlp/FlushLeftovers                   0 times
00:00:13.250217 /PDM/Queue/DevHlp/Insert                           0 calls
00:00:13.250221 /PDM/Queue/DevHlp/cItems                          16 count
00:00:13.250225 /PDM/Queue/DevHlp/cbItem                          56 bytes
00:00:13.250228 /PDM/Queue/DevHlp/rcOkay                           0 
00:00:13.250232 /PDM/Queue/Keyboard/AllocFailures                  0 times
00:00:13.250236 /PDM/Queue/Keyboard/Flush                          0 calls
00:00:13.250240 /PDM/Queue/Keyboard/FlushLeftovers                 0 times
00:00:13.250243 /PDM/Queue/Keyboard/Insert                         0 calls
00:00:13.250247 /PDM/Queue/Keyboard/cItems                        64 count
00:00:13.250250 /PDM/Queue/Keyboard/cbItem                        16 bytes
00:00:13.250253 /PDM/Queue/Keyboard/rcOkay                         0 
00:00:13.250257 /PDM/Queue/Mouse/AllocFailures                     0 times
00:00:13.250260 /PDM/Queue/Mouse/Flush                             0 calls
00:00:13.250264 /PDM/Queue/Mouse/FlushLeftovers                    0 times
00:00:13.250268 /PDM/Queue/Mouse/Insert                            0 calls
00:00:13.250271 /PDM/Queue/Mouse/cItems                          128 count
00:00:13.250275 /PDM/Queue/Mouse/cbItem                           32 bytes
00:00:13.250278 /PDM/Queue/Mouse/rcOkay                            0 
00:00:13.250282 /PDM/Queue/Mouse_1/AllocFailures                   0 times
00:00:13.250286 /PDM/Queue/Mouse_1/Flush                           0 calls
00:00:13.250289 /PDM/Queue/Mouse_1/FlushLeftovers                  0 times
00:00:13.250293 /PDM/Queue/Mouse_1/Insert                          0 calls
00:00:13.250296 /PDM/Queue/Mouse_1/cItems                        128 count
00:00:13.250300 /PDM/Queue/Mouse_1/cbItem                         32 bytes
00:00:13.250304 /PDM/Queue/Mouse_1/rcOkay                          0 
00:00:13.250308 /PDM/Queue/SCSI-Eject/AllocFailures                0 times
00:00:13.250312 /PDM/Queue/SCSI-Eject/Flush                        0 calls
00:00:13.250316 /PDM/Queue/SCSI-Eject/FlushLeftovers               0 times
00:00:13.250319 /PDM/Queue/SCSI-Eject/Insert                       0 calls
00:00:13.250322 /PDM/Queue/SCSI-Eject/cItems                       1 count
00:00:13.250326 /PDM/Queue/SCSI-Eject/cbItem                      24 bytes
00:00:13.250329 /PDM/Queue/SCSI-Eject/rcOkay                       0 
00:00:13.250333 /PDM/Tasks/000-E1000-Xmit-retriggered              0 times
00:00:13.250336 /PDM/Tasks/000-E1000-Xmit-runs                     0 times
00:00:13.250339 /PDM/Tasks/001-HDA CORB DMA-retriggered            0 times
00:00:13.250343 /PDM/Tasks/001-HDA CORB DMA-runs                   0 times
00:00:13.250347 /PGM/CPU0/R3/Page/MapTlbMisses                    10 times
00:00:13.250352 /PGM/CPU0/R3/RamRange/TlbLocking                   0 times
00:00:13.250356 /PGM/CPU0/R3/RamRange/TlbMisses                    3 times
00:00:13.250360 /PGM/CPU0/RZ/Page/MapTlbMisses                     0 times
00:00:13.250364 /PGM/CPU0/RZ/RamRange/TlbLocking                   0 times
00:00:13.250367 /PGM/CPU0/RZ/RamRange/TlbMisses                    5 times
00:00:13.250370 /PGM/CPU0/cA20Changes                              2 times
00:00:13.250374 /PGM/CPU0/cGuestModeChanges                    82758 times
00:00:13.250377 /PGM/CPU1/R3/Page/MapTlbMisses                     0 times
00:00:13.250381 /PGM/CPU1/R3/RamRange/TlbLocking                   0 times
00:00:13.250384 /PGM/CPU1/R3/RamRange/TlbMisses                    0 times
00:00:13.250387 /PGM/CPU1/RZ/Page/MapTlbMisses                     0 times
00:00:13.250391 /PGM/CPU1/RZ/RamRange/TlbLocking                   0 times
00:00:13.250394 /PGM/CPU1/RZ/RamRange/TlbMisses                    0 times
00:00:13.250397 /PGM/CPU1/cA20Changes                              0 times
00:00:13.250401 /PGM/CPU1/cGuestModeChanges                        1 times
00:00:13.250404 /PGM/ChunkR3Map/Mapped                             6 count
00:00:13.250408 /PGM/ChunkR3Map/Unmapped                           0 count
00:00:13.250412 /PGM/ChunkR3Map/c                                  6 count
00:00:13.250415 /PGM/ChunkR3Map/cMax                       4294967295 count
00:00:13.250419 /PGM/LargePage/Alloc                           13045 ns/call (     7540194 ns,     578 calls, max    119076, min    3201)
00:00:13.250423 /PGM/LargePage/AllocFailed                       578 times
00:00:13.250427 /PGM/LargePage/Overflow                            0 times
00:00:13.250431 /PGM/LargePage/Recheck                             0 times
00:00:13.250434 /PGM/LargePage/Refused                             2 times
00:00:13.250437 /PGM/LargePage/Reused                              0 times
00:00:13.250441 /PGM/LargePage/TlbFlush                            0 times
00:00:13.250444 /PGM/LargePage/ZeroEvict                           0 times
00:00:13.250449 /PGM/Mmio2QueryAndResetDirtyBitmap                 0 ticks/call (           0 ticks,       0 calls, max         0, min      -1)
00:00:13.250453 /PGM/Page/cAllPages                          1082949 count
00:00:13.250457 /PGM/Page/cBalloonedPages                          0 count
00:00:13.250460 /PGM/Page/cHandyPages                             64 count
00:00:13.250464 /PGM/Page/cLargePages                              0 count
00:00:13.250467 /PGM/Page/cLargePagesDisabled                      0 count
00:00:13.250471 /PGM/Page/cMonitoredPages                          0 count
00:00:13.250474 /PGM/Page/cPrivatePages                       183277 count
00:00:13.250477 /PGM/Page/cPureMmioPages                          88 count
00:00:13.250481 /PGM/Page/cReadLockedPages                         0 count
00:00:13.250484 /PGM/Page/cReusedSharedPages                       0 count
00:00:13.250487 /PGM/Page/cSharedPages                             0 count
00:00:13.250491 /PGM/Page/cWriteLockedPages                        0 count
00:00:13.250494 /PGM/Page/cWrittenToPages                          0 count
00:00:13.250498 /PGM/Page/cZeroPages                          899584 count
00:00:13.250501 /PGM/PhysHandlerTree/ErrorsAllocatorR3             0 times
00:00:13.250505 /PGM/PhysHandlerTree/ErrorsTree                    0 times
00:00:13.250508 /PGM/PhysHandlerTree/Inserts                      14 times
00:00:13.250512 /PGM/PhysHandlerTree/MaxHandlers                6144 times
00:00:13.250515 /PGM/PhysHandlerTree/RebalancingOperations         6 times
00:00:13.250518 /PGM/PhysHandlerTree/Removals                      0 times
00:00:13.250523 /PGM/Pool/Grow                              18394783 ticks/call (    18394783 ticks,       1 calls, max  18394783, min 18394783)
00:00:13.250529 /PGM/ShMod/Check                                   0 ticks/call (           0 ticks,       0 calls, max         0, min      -1)
00:00:13.250534 /PROF/CPU0/EM/Capped                               0 ticks/call (           0 ticks,       0 calls, max         0, min      -1)
00:00:13.250542 /PROF/CPU0/EM/ForcedActions                     1875 times
00:00:13.250547 /PROF/CPU0/EM/HMExec                          732634 ticks/call ( 20273449885 ticks,   27672 calls, max 3562277832, min    7128)
00:00:13.250551 /PROF/CPU0/EM/HMExecuteCalled                     33 times
00:00:13.250555 /PROF/CPU0/EM/Halted                               4 times
00:00:13.250558 /PROF/CPU0/EM/NEMExec                              0 ticks/call (           0 ticks,       0 calls, max         0, min      -1)
00:00:13.250562 /PROF/CPU0/EM/NEMExecuteCalled                     0 times
00:00:13.250566 /PROF/CPU0/EM/REMTotal                             0 times
00:00:13.250570 /PROF/CPU0/EM/RecordedExits                  2193523 times
00:00:13.250573 /PROF/CPU0/EM/Total                        20764683576 ticks/call ( 20764683576 ticks,       1 calls, max 20764683576, min 20764683576)
00:00:13.250577 /PROF/CPU0/VM/Halt/Block                     3555774 ns/call (    14223096 ns,       4 calls, max   8303378, min   16165)
00:00:13.250582 /PROF/CPU0/VM/Halt/BlockInsomnia             3555774 ns/call (    14223096 ns,       4 calls, max   8303378, min   16165)
00:00:13.250586 /PROF/CPU0/VM/Halt/BlockOnTime                     0 ns/call (           0 ns,       0 calls, max         0, min      -1)
00:00:13.250589 /PROF/CPU0/VM/Halt/BlockOverslept                  0 ns/call (           0 ns,       0 calls, max         0, min      -1)
00:00:13.250593 /PROF/CPU0/VM/Halt/R0HaltBlock              15394194 ns/call (  2432282793 ns,     158 calls, max  20000139, min 7188038)
00:00:13.250597 /PROF/CPU0/VM/Halt/R0HaltBlockInsomnia      15394194 ns/call (  2432282793 ns,     158 calls, max  20000139, min 7188038)
00:00:13.250601 /PROF/CPU0/VM/Halt/R0HaltBlockOnTime               0 ns/call (           0 ns,       0 calls, max         0, min      -1)
00:00:13.250605 /PROF/CPU0/VM/Halt/R0HaltBlockOverslept            0 ns/call (           0 ns,       0 calls, max         0, min      -1)
00:00:13.250608 /PROF/CPU0/VM/Halt/R0HaltExec                    155 times
00:00:13.250612 /PROF/CPU0/VM/Halt/R0HaltExec/FromBlock          155 times
00:00:13.250615 /PROF/CPU0/VM/Halt/R0HaltExec/FromSpin             0 times
00:00:13.250618 /PROF/CPU0/VM/Halt/R0HaltHistoryCounter          158 times
00:00:13.250622 /PROF/CPU0/VM/Halt/R0HaltHistorySucceeded        155 times
00:00:13.250625 /PROF/CPU0/VM/Halt/R0HaltHistoryToRing3            3 times
00:00:13.250628 /PROF/CPU0/VM/Halt/R0HaltToR3                      3 times
00:00:13.250632 /PROF/CPU0/VM/Halt/R0HaltToR3/FromSpin             0 times
00:00:13.250635 /PROF/CPU0/VM/Halt/R0HaltToR3/Other                0 times
00:00:13.250639 /PROF/CPU0/VM/Halt/R0HaltToR3/PendingFF            0 times
00:00:13.250642 /PROF/CPU0/VM/Halt/R0HaltToR3/PostWaitNoInt         0 times
00:00:13.250645 /PROF/CPU0/VM/Halt/R0HaltToR3/PostWaitPendingFF         3 times
00:00:13.250648 /PROF/CPU0/VM/Halt/R0HaltToR3/SmallDelta           0 times
00:00:13.250652 /PROF/CPU0/VM/Halt/Timers                        417 ns/call (        3340 ns,       8 calls, max       760, min      50)
00:00:13.250656 /PROF/CPU0/VM/Halt/Yield                           0 ns/call (           0 ns,       0 calls, max         0, min      -1)
00:00:13.250660 /PROF/CPU1/EM/Capped                               0 ticks/call (           0 ticks,       0 calls, max         0, min      -1)
00:00:13.250664 /PROF/CPU1/EM/ForcedActions                       10 times
00:00:13.250667 /PROF/CPU1/EM/HMExec                               0 ticks/call (           0 ticks,       0 calls, max         0, min      -1)
00:00:13.250671 /PROF/CPU1/EM/HMExecuteCalled                      0 times
00:00:13.250675 /PROF/CPU1/EM/Halted                              10 times
00:00:13.250678 /PROF/CPU1/EM/NEMExec                              0 ticks/call (           0 ticks,       0 calls, max         0, min      -1)
00:00:13.250682 /PROF/CPU1/EM/NEMExecuteCalled                     0 times
00:00:13.250686 /PROF/CPU1/EM/REMTotal                             0 times
00:00:13.250691 /PROF/CPU1/EM/RecordedExits                        0 times
00:00:13.250695 /PROF/CPU1/EM/Total                        20764702366 ticks/call ( 20764702366 ticks,       1 calls, max 20764702366, min 20764702366)
00:00:13.250700 /PROF/CPU1/VM/Halt/Block                    16448748 ns/call (  5740613226 ns,     349 calls, max  55877189, min  224880)
00:00:13.250705 /PROF/CPU1/VM/Halt/BlockInsomnia            20137790 ns/call (   543720352 ns,      27 calls, max  54732655, min  224880)
00:00:13.250709 /PROF/CPU1/VM/Halt/BlockOnTime              13146136 ns/call (   289215006 ns,      22 calls, max  54959630, min  335775)
00:00:13.250714 /PROF/CPU1/VM/Halt/BlockOverslept             285488 ns/call (    85646403 ns,     300 calls, max   1302940, min   58207)
00:00:13.250719 /PROF/CPU1/VM/Halt/R0HaltBlock                     0 ns/call (           0 ns,       0 calls, max         0, min      -1)
00:00:13.250723 /PROF/CPU1/VM/Halt/R0HaltBlockInsomnia             0 ns/call (           0 ns,       0 calls, max         0, min      -1)
00:00:13.250727 /PROF/CPU1/VM/Halt/R0HaltBlockOnTime               0 ns/call (           0 ns,       0 calls, max         0, min      -1)
00:00:13.250730 /PROF/CPU1/VM/Halt/R0HaltBlockOverslept            0 ns/call (           0 ns,       0 calls, max         0, min      -1)
00:00:13.250734 /PROF/CPU1/VM/Halt/R0HaltExec                      0 times
00:00:13.250738 /PROF/CPU1/VM/Halt/R0HaltExec/FromBlock            0 times
00:00:13.250741 /PROF/CPU1/VM/Halt/R0HaltExec/FromSpin             0 times
00:00:13.250744 /PROF/CPU1/VM/Halt/R0HaltHistoryCounter            0 times
00:00:13.250748 /PROF/CPU1/VM/Halt/R0HaltHistorySucceeded          0 times
00:00:13.250751 /PROF/CPU1/VM/Halt/R0HaltHistoryToRing3            0 times
00:00:13.250754 /PROF/CPU1/VM/Halt/R0HaltToR3                      0 times
00:00:13.250757 /PROF/CPU1/VM/Halt/R0HaltToR3/FromSpin             0 times
00:00:13.250761 /PROF/CPU1/VM/Halt/R0HaltToR3/Other                0 times
00:00:13.250764 /PROF/CPU1/VM/Halt/R0HaltToR3/PendingFF            0 times
00:00:13.250767 /PROF/CPU1/VM/Halt/R0HaltToR3/PostWaitNoInt         0 times
00:00:13.250770 /PROF/CPU1/VM/Halt/R0HaltToR3/PostWaitPendingFF         0 times
00:00:13.250774 /PROF/CPU1/VM/Halt/R0HaltToR3/SmallDelta           0 times
00:00:13.250777 /PROF/CPU1/VM/Halt/Timers                      30972 ns/call (    19203194 ns,     620 calls, max   1905974, min       2)
00:00:13.250781 /PROF/CPU1/VM/Halt/Yield                           0 ns/call (           0 ns,       0 calls, max         0, min      -1)
00:00:13.250785 /Public/NetAdapter/0/BytesReceived                 0 bytes
00:00:13.250788 /Public/NetAdapter/0/BytesTransmitted              0 bytes
00:00:13.250792 /Public/NetAdapter/0/e1000                         0 
00:00:13.250796 /Public/Storage/AHCI0/Port0/BytesRead           3072 bytes
00:00:13.250799 /Public/Storage/AHCI0/Port0/BytesWritten         512 bytes
00:00:13.250803 /Public/Storage/AHCI0/Port0/QueryBufAttempts         0 count
00:00:13.250806 /Public/Storage/AHCI0/Port0/QueryBufSuccess         0 count
00:00:13.250810 /Public/Storage/AHCI0/Port0/ReqsRead               6 count
00:00:13.250813 /Public/Storage/AHCI0/Port0/ReqsSubmitted          7 count
00:00:13.250816 /Public/Storage/AHCI0/Port0/ReqsSucceeded          7 count
00:00:13.250819 /Public/Storage/AHCI0/Port0/ReqsWrite              1 count
00:00:13.250823 /Public/Storage/AHCI0/Port1/BytesRead      418920448 bytes
00:00:13.250826 /Public/Storage/AHCI0/Port1/QueryBufAttempts         0 count
00:00:13.250830 /Public/Storage/AHCI0/Port1/QueryBufSuccess         0 count
00:00:13.250833 /Public/Storage/AHCI0/Port1/ReqsRead            6876 count
00:00:13.250837 /Public/Storage/AHCI0/Port1/ReqsSubmitted       6876 count
00:00:13.250840 /Public/Storage/AHCI0/Port1/ReqsSucceeded       6876 count
00:00:13.250844 /Public/Storage/I820780/Port0/QueryBufAttempts         0 count
00:00:13.250850 /Public/Storage/I820780/Port0/QueryBufSuccess         0 count
00:00:13.250856 /SELM/LoadHidSel/GstReadErrors                     0 times
00:00:13.250860 /SELM/LoadHidSel/NoGoodGuest                       0 times
00:00:13.250865 /TM/CPU/00/cNsExecuting                    1806424500 ns
00:00:13.250869 /TM/CPU/00/cNsHalted                        14232556 ns
00:00:13.250873 /TM/CPU/00/cNsOther                        3958144368 ns
00:00:13.250877 /TM/CPU/00/cNsTotal                        5778801424 ns
00:00:13.250880 /TM/CPU/00/cPeriodsExecuting                 2193523 count
00:00:13.250884 /TM/CPU/00/cPeriodsHalted                          4 count
00:00:13.250887 /TM/CPU/00/pctExecuting                           53 %
00:00:13.250891 /TM/CPU/00/pctHalted                               0 %
00:00:13.250894 /TM/CPU/00/pctOther                               46 %
00:00:13.250898 /TM/CPU/01/cNsExecuting                            0 ns
00:00:13.250902 /TM/CPU/01/cNsHalted                       5760249757 ns
00:00:13.250906 /TM/CPU/01/cNsOther                         18557518 ns
00:00:13.250909 /TM/CPU/01/cNsTotal                        5778807275 ns
00:00:13.250913 /TM/CPU/01/cPeriodsExecuting                       0 count
00:00:13.250916 /TM/CPU/01/cPeriodsHalted                         10 count
00:00:13.250920 /TM/CPU/01/pctExecuting                            0 %
00:00:13.250923 /TM/CPU/01/pctHalted                              98 %
00:00:13.250927 /TM/CPU/01/pctOther                                1 %
00:00:13.250930 /TM/CPU/pctExecuting                              26 %
00:00:13.250934 /TM/CPU/pctHalted                                 63 %
00:00:13.250937 /TM/CPU/pctOther                                   9 %
00:00:13.250941 /TM/MaxHzHint                                      0 Hz
00:00:13.250945 /TM/MaxHzHint/real                                 0 Hz
00:00:13.250948 /TM/MaxHzHint/tsc                                  0 Hz
00:00:13.250952 /TM/MaxHzHint/virtual                              0 Hz
00:00:13.250956 /TM/MaxHzHint/virtual_sync                         0 Hz
00:00:13.250959 /TM/PIT/Handler                                    0 ticks/call (           0 ticks,       0 calls, max         0, min      -1)
00:00:13.250963 /TM/PIT/Irq                                        0 times
00:00:13.250967 /TM/R3/1nsSteps                                   11 times
00:00:13.250971 /TM/TSC/offCPU0                            31660693645042 ticks
00:00:13.250974 /TM/TSC/offCPU1                            31660693645042 ticks
00:00:13.250978 /TM/VirtualSync/CurrentOffset                5091091 ns
00:00:13.250992 /TRPM/ForwardRaw/IRQ/D1                           28 times
00:00:13.250997 /TRPM/ForwardRaw/TRAP/08                           4 times
00:00:13.251002 /VMM/EmtHashCollisions/Emt00                       0 times
00:00:13.251006 /VMM/EmtHashCollisions/Emt01                       0 times
00:00:13.251009 /VMM/LogFlush/00-Flushes                           0 times
00:00:13.251012 /VMM/LogFlush/00-NoWakups                          0 times
00:00:13.251016 /VMM/LogFlush/CPU0/Rel/cbBuf                    4096 bytes
00:00:13.251021 /VMM/LogFlush/CPU1/Rel/cbBuf                    4096 bytes
00:00:13.251024 /VUSB/0/cUrbsInPool                                0 count
00:00:13.251028 /VUSB/1/cUrbsInPool                                0 count
00:00:13.251033 ********************* End of statistics **********************
00:00:13.251115 VUSB: Detached 'HidMouse' from port 1 on RootHub#1
00:00:13.252303 E1000#0: Interrupt attempts: 0
00:00:13.252311 E1000#0: Interrupts raised : 0
00:00:13.252314 E1000#0: Interrupts lowered: 0
00:00:13.252318 E1000#0: ICR outside ISR   : 0
00:00:13.252321 E1000#0: IMS raised ints   : 0
00:00:13.252324 E1000#0: Interrupts skipped: 0
00:00:13.252327 E1000#0: Masked interrupts : 0
00:00:13.252330 E1000#0: Early interrupts  : 0
00:00:13.252333 E1000#0: Late interrupts   : 0
00:00:13.252336 E1000#0: Lost interrupts   : 0
00:00:13.252339 E1000#0: Interrupts by RX  : 0
00:00:13.252413 E1000#0: Interrupts by TX  : 0
00:00:13.252418 E1000#0: Interrupts by ICS : 0
00:00:13.252421 E1000#0: Interrupts by RDTR: 0
00:00:13.252425 E1000#0: Interrupts by RDMT: 0
00:00:13.252428 E1000#0: Interrupts by TXQE: 0
00:00:13.252431 E1000#0: TX int delay asked: 0
00:00:13.252434 E1000#0: TX delayed:         0
00:00:13.252437 E1000#0: TX delay expired:   0
00:00:13.252441 E1000#0: TX no report asked: 0
00:00:13.252444 E1000#0: TX abs timer expd : 0
00:00:13.252447 E1000#0: TX int timer expd : 0
00:00:13.252450 E1000#0: RX abs timer expd : 0
00:00:13.252453 E1000#0: RX int timer expd : 0
00:00:13.252456 E1000#0: TX CTX descriptors: 0
00:00:13.252459 E1000#0: TX DAT descriptors: 0
00:00:13.252469 E1000#0: TX LEG descriptors: 0
00:00:13.252472 E1000#0: Received frames   : 0
00:00:13.252475 E1000#0: Transmitted frames: 0
00:00:13.252478 E1000#0: TX frames up to 1514: 0
00:00:13.252482 E1000#0: TX frames up to 2962: 0
00:00:13.252484 E1000#0: TX frames up to 4410: 0
00:00:13.252488 E1000#0: TX frames up to 5858: 0
00:00:13.252491 E1000#0: TX frames up to 7306: 0
00:00:13.252494 E1000#0: TX frames up to 8754: 0
00:00:13.252497 E1000#0: TX frames up to 16384: 0
00:00:13.252500 E1000#0: TX frames up to 32768: 0
00:00:13.252503 E1000#0: Larger TX frames    : 0
00:00:13.252506 E1000#0: Max TX Delay        : 0
00:00:13.253237 GIM: HyperV: Resetting MMIO2 regions and MSRs
00:00:13.255069 vmmR3LogFlusher: Terminating (VERR_OBJECT_DESTROYED)
00:00:13.255156 Changing the VM state from 'DESTROYING' to 'TERMINATED'
00:00:13.255175 Console: Machine state changed to 'PoweredOff'
00:00:13.265684 GUI: UIMediumEnumerator: Medium-enumeration finished!
00:00:13.318999 GUI: Request for async QApp quit.
00:00:13.321387 GUI: Cannot notify guest about VM window out-of-focus event
00:00:13.333098 GUI: UICommon: Handling aboutToQuit request..
00:00:14.257526 End of log file - Log started 2026-02-16T19:16:56.078748000Z
