5eb8.4080: \SystemRoot\System32\ntdll.dll:
5eb8.4080:     CreationTime:    2025-10-15T16:03:13.723022300Z
5eb8.4080:     LastWriteTime:   2025-10-15T16:03:13.769899800Z
5eb8.4080:     ChangeTime:      2025-11-12T18:07:58.964841900Z
5eb8.4080:     FileAttributes:  0x20
5eb8.4080:     Size:            0x1ef7b8
5eb8.4080:     NT Headers:      0xe8
5eb8.4080:     Timestamp:       0x7ec9c15d
5eb8.4080:     Machine:         0x8664 - amd64
5eb8.4080:     Timestamp:       0x7ec9c15d
5eb8.4080:     Image Version:   10.0
5eb8.4080:     SizeOfImage:     0x1f8000 (2064384)
5eb8.4080:     Resource Dir:    0x186000 LB 0x70508
5eb8.4080:     [Version info resource found at 0xd8! (ID/Name: 0x1; SubID/SubName: 0x409)]
5eb8.4080:     [Raw version resource data: 0x1860f0 LB 0x380, codepage 0x0 (reserved 0x0)]
5eb8.4080:     ProductName:     Microsoft® Windows® Operating System
5eb8.4080:     ProductVersion:  10.0.19041.6456
5eb8.4080:     FileVersion:     10.0.19041.6456 (WinBuild.160101.0800)
5eb8.4080:     FileDescription: NT Layer DLL
5eb8.4080: \SystemRoot\System32\kernel32.dll:
5eb8.4080:     CreationTime:    2025-06-11T15:57:31.787839600Z
5eb8.4080:     LastWriteTime:   2025-06-11T15:57:31.851072200Z
5eb8.4080:     ChangeTime:      2025-11-12T18:07:59.025000800Z
5eb8.4080:     FileAttributes:  0x20
5eb8.4080:     Size:            0xbf568
5eb8.4080:     NT Headers:      0xf8
5eb8.4080:     Timestamp:       0xeee0fc1a
5eb8.4080:     Machine:         0x8664 - amd64
5eb8.4080:     Timestamp:       0xeee0fc1a
5eb8.4080:     Image Version:   10.0
5eb8.4080:     SizeOfImage:     0xc2000 (794624)
5eb8.4080:     Resource Dir:    0xc0000 LB 0x520
5eb8.4080:     [Version info resource found at 0x90! (ID/Name: 0x1; SubID/SubName: 0x409)]
5eb8.4080:     [Raw version resource data: 0xc00b0 LB 0x3a4, codepage 0x0 (reserved 0x0)]
5eb8.4080:     ProductName:     Microsoft® Windows® Operating System
5eb8.4080:     ProductVersion:  10.0.19041.5915
5eb8.4080:     FileVersion:     10.0.19041.5915 (WinBuild.160101.0800)
5eb8.4080:     FileDescription: Windows NT BASE API Client DLL
5eb8.4080: \SystemRoot\System32\KernelBase.dll:
5eb8.4080:     CreationTime:    2025-09-10T15:20:32.089000500Z
5eb8.4080:     LastWriteTime:   2025-09-10T15:20:32.214009200Z
5eb8.4080:     ChangeTime:      2025-11-12T18:07:58.963842000Z
5eb8.4080:     FileAttributes:  0x20
5eb8.4080:     Size:            0x2f7a40
5eb8.4080:     NT Headers:      0x100
5eb8.4080:     Timestamp:       0x56511854
5eb8.4080:     Machine:         0x8664 - amd64
5eb8.4080:     Timestamp:       0x56511854
5eb8.4080:     Image Version:   10.0
5eb8.4080:     SizeOfImage:     0x2f6000 (3104768)
5eb8.4080:     Resource Dir:    0x2cc000 LB 0x548
5eb8.4080:     [Version info resource found at 0x90! (ID/Name: 0x1; SubID/SubName: 0x409)]
5eb8.4080:     [Raw version resource data: 0x2cc0b0 LB 0x3bc, codepage 0x0 (reserved 0x0)]
5eb8.4080:     ProductName:     Microsoft® Windows® Operating System
5eb8.4080:     ProductVersion:  10.0.19041.6280
5eb8.4080:     FileVersion:     10.0.19041.6280 (WinBuild.160101.0800)
5eb8.4080:     FileDescription: Windows NT BASE API Client DLL
5eb8.4080: \SystemRoot\System32\apisetschema.dll:
5eb8.4080:     CreationTime:    2025-06-11T15:56:55.222150700Z
5eb8.4080:     LastWriteTime:   2025-06-11T15:56:55.227456500Z
5eb8.4080:     ChangeTime:      2025-11-12T18:07:58.915969100Z
5eb8.4080:     FileAttributes:  0x20
5eb8.4080:     Size:            0x1f9c8
5eb8.4080:     NT Headers:      0xd0
5eb8.4080:     Timestamp:       0x85f6b378
5eb8.4080:     Machine:         0x8664 - amd64
5eb8.4080:     Timestamp:       0x85f6b378
5eb8.4080:     Image Version:   10.0
5eb8.4080:     SizeOfImage:     0x20000 (131072)
5eb8.4080:     Resource Dir:    0x1f000 LB 0x408
5eb8.4080:     [Version info resource found at 0x48! (ID/Name: 0x1; SubID/SubName: 0x409)]
5eb8.4080:     [Raw version resource data: 0x1f060 LB 0x3a8, codepage 0x0 (reserved 0x0)]
5eb8.4080:     ProductName:     Microsoft® Windows® Operating System
5eb8.4080:     ProductVersion:  10.0.19041.5915
5eb8.4080:     FileVersion:     10.0.19041.5915 (WinBuild.160101.0800)
5eb8.4080:     FileDescription: ApiSet Schema DLL
5eb8.4080: NtOpenDirectoryObject failed on \Driver: 0xc0000022
5eb8.4080: supR3HardenedWinFindAdversaries: 0x0
5eb8.4080: supR3HardenedWinInitAppBin(0x0): '\Device\HarddiskVolume2\Program Files\Oracle\VirtualBox'
5eb8.4080: Calling main()
5eb8.4080: SUPR3HardenedMain: pszProgName=VirtualBoxVM fFlags=0x2
5eb8.4080: supR3HardenedWinInitAppBin(0x2): '\Device\HarddiskVolume2\Program Files\Oracle\VirtualBox'
5eb8.4080: SUPR3HardenedMain: Respawn #1
5eb8.4080: System32:  \Device\HarddiskVolume2\Windows\System32
5eb8.4080: WinSxS:    \Device\HarddiskVolume2\Windows\WinSxS
5eb8.4080: KnownDllPath: C:\WINDOWS\System32
5eb8.4080: supR3HardenedWinInit: Performing a limited self purification...
5eb8.4080: supHardNtVpScanVirtualMemory: enmKind=SELF_PURIFICATION
5eb8.4080:  *0000000000000000-000000007ffdffff 0x0001/0x0000 0x0000000
5eb8.4080:  *000000007ffe0000-000000007ffe0fff 0x0002/0x0002 0x0020000
5eb8.4080:   000000007ffe1000-000000007ffe1fff 0x0001/0x0000 0x0000000
5eb8.4080:  *000000007ffe2000-000000007ffe2fff 0x0002/0x0002 0x0020000
5eb8.4080:   000000007ffe3000-000000f67e7fffff 0x0001/0x0000 0x0000000
5eb8.4080:  *000000f67e800000-000000f67e982fff 0x0000/0x0004 0x0020000
5eb8.4080:   000000f67e983000-000000f67e985fff 0x0004/0x0004 0x0020000
5eb8.4080:   000000f67e986000-000000f67e9fffff 0x0000/0x0004 0x0020000
5eb8.4080:  *000000f67ea00000-000000f67eab8fff 0x0000/0x0004 0x0020000
5eb8.4080:   000000f67eab9000-000000f67eabbfff 0x0104/0x0004 0x0020000
5eb8.4080:   000000f67eabc000-000000f67eafffff 0x0004/0x0004 0x0020000
5eb8.4080:   000000f67eb00000-0000025a00fdffff 0x0001/0x0000 0x0000000
5eb8.4080:  *0000025a00fe0000-0000025a00feffff 0x0004/0x0004 0x0040000
5eb8.4080:  *0000025a00ff0000-0000025a00ff1fff 0x0002/0x0002 0x0040000
5eb8.4080:   0000025a00ff2000-0000025a00ffffff 0x0001/0x0000 0x0000000
5eb8.4080:  *0000025a01000000-0000025a0101cfff 0x0002/0x0002 0x0040000
5eb8.4080:   0000025a0101d000-0000025a0101ffff 0x0001/0x0000 0x0000000
5eb8.4080:  *0000025a01020000-0000025a01023fff 0x0002/0x0002 0x0040000
5eb8.4080:   0000025a01024000-0000025a0102ffff 0x0001/0x0000 0x0000000
5eb8.4080:  *0000025a01030000-0000025a01030fff 0x0002/0x0002 0x0040000
5eb8.4080:   0000025a01031000-0000025a0103ffff 0x0001/0x0000 0x0000000
5eb8.4080:  *0000025a01040000-0000025a01041fff 0x0004/0x0004 0x0020000
5eb8.4080:   0000025a01042000-0000025a0104ffff 0x0001/0x0000 0x0000000
5eb8.4080:  *0000025a01050000-0000025a01118fff 0x0002/0x0002 0x0040000
5eb8.4080:   0000025a01119000-0000025a0111ffff 0x0001/0x0000 0x0000000
5eb8.4080:  *0000025a01120000-0000025a01121fff 0x0002/0x0002 0x0040000
5eb8.4080:   0000025a01122000-0000025a0112ffff 0x0001/0x0000 0x0000000
5eb8.4080:  *0000025a01130000-0000025a01130fff 0x0002/0x0002 0x0040000
5eb8.4080:   0000025a01131000-0000025a0117ffff 0x0001/0x0000 0x0000000
5eb8.4080:  *0000025a01180000-0000025a01186fff 0x0004/0x0004 0x0020000
5eb8.4080:   0000025a01187000-0000025a0127ffff 0x0000/0x0004 0x0020000
5eb8.4080:  *0000025a01280000-0000025a01281fff 0x0004/0x0004 0x0020000
5eb8.4080:   0000025a01282000-0000025a012e1fff 0x0000/0x0004 0x0020000
5eb8.4080:   0000025a012e2000-0000025a012fffff 0x0001/0x0000 0x0000000
5eb8.4080:  *0000025a01300000-0000025a0130efff 0x0004/0x0004 0x0020000
5eb8.4080:   0000025a0130f000-0000025a0130ffff 0x0000/0x0004 0x0020000
5eb8.4080:  *0000025a01310000-0000025a01313fff 0x0000/0x0004 0x0020000
5eb8.4080:   0000025a01314000-0000025a0150cfff 0x0004/0x0004 0x0020000
5eb8.4080:   0000025a0150d000-0000025a0150dfff 0x0000/0x0004 0x0020000
5eb8.4080:   0000025a0150e000-0000025a0150ffff 0x0001/0x0000 0x0000000
5eb8.4080:  *0000025a01510000-0000025a01540fff 0x0004/0x0004 0x0020000
5eb8.4080:   0000025a01541000-0000025a0160ffff 0x0000/0x0004 0x0020000
5eb8.4080:   0000025a01610000-00007df43ffbffff 0x0001/0x0000 0x0000000
5eb8.4080:  *00007df43ffc0000-00007df43ffc4fff 0x0002/0x0002 0x0040000
5eb8.4080:   00007df43ffc5000-00007df4400bffff 0x0000/0x0002 0x0040000
5eb8.4080:  *00007df4400c0000-00007df5400dffff 0x0000/0x0004 0x0020000
5eb8.4080:  *00007df5400e0000-00007df5420dffff 0x0000/0x0004 0x0020000
5eb8.4080:   00007df5420e0000-00007df5420e0fff 0x0004/0x0004 0x0020000
5eb8.4080:   00007df5420e1000-00007df5420effff 0x0001/0x0000 0x0000000
5eb8.4080:  *00007df5420f0000-00007df5420f0fff 0x0002/0x0002 0x0040000
5eb8.4080:   00007df5420f1000-00007df5420fffff 0x0001/0x0000 0x0000000
5eb8.4080:  *00007df542100000-00007df542122fff 0x0002/0x0002 0x0040000
5eb8.4080:   00007df542123000-00007df54212ffff 0x0001/0x0000 0x0000000
5eb8.4080:  *00007df542130000-00007df543d63fff 0x0000/0x0001 0x0040000
5eb8.4080:   00007df543d64000-00007df543e39fff 0x0001/0x0001 0x0040000
5eb8.4080:   00007df543e3a000-00007df543f0bfff 0x0000/0x0001 0x0040000
5eb8.4080:   00007df543f0c000-00007df543f0cfff 0x0001/0x0001 0x0040000
5eb8.4080:   00007df543f0d000-00007ff51a133fff 0x0000/0x0001 0x0040000
5eb8.4080:   00007ff51a134000-00007ff51a138fff 0x0002/0x0001 0x0040000
5eb8.4080:   00007ff51a139000-00007ff52a40dfff 0x0000/0x0001 0x0040000
5eb8.4080:   00007ff52a40e000-00007ff52d936fff 0x0001/0x0001 0x0040000
5eb8.4080:   00007ff52d937000-00007ff52d943fff 0x0002/0x0001 0x0040000
5eb8.4080:   00007ff52d944000-00007ff52d96efff 0x0001/0x0001 0x0040000
5eb8.4080:   00007ff52d96f000-00007ff52d972fff 0x0002/0x0001 0x0040000
5eb8.4080:   00007ff52d973000-00007ff52d9c5fff 0x0001/0x0001 0x0040000
5eb8.4080:   00007ff52d9c6000-00007ff52d9cefff 0x0002/0x0001 0x0040000
5eb8.4080:   00007ff52d9cf000-00007ff54212ffff 0x0000/0x0001 0x0040000
5eb8.4080:   00007ff542130000-00007ff60011ffff 0x0001/0x0000 0x0000000
5eb8.4080:  *00007ff600120000-00007ff600120fff 0x0002/0x0080 0x1000000  \Device\HarddiskVolume2\Program Files\Oracle\VirtualBox\VirtualBoxVM.exe
5eb8.4080:   00007ff600121000-00007ff60018bfff 0x0020/0x0080 0x1000000  \Device\HarddiskVolume2\Program Files\Oracle\VirtualBox\VirtualBoxVM.exe
5eb8.4080:   00007ff60018c000-00007ff60018cfff 0x0080/0x0080 0x1000000  \Device\HarddiskVolume2\Program Files\Oracle\VirtualBox\VirtualBoxVM.exe
5eb8.4080:   00007ff60018d000-00007ff6001e1fff 0x0002/0x0080 0x1000000  \Device\HarddiskVolume2\Program Files\Oracle\VirtualBox\VirtualBoxVM.exe
5eb8.4080:   00007ff6001e2000-00007ff6001e4fff 0x0004/0x0080 0x1000000  \Device\HarddiskVolume2\Program Files\Oracle\VirtualBox\VirtualBoxVM.exe
5eb8.4080:   00007ff6001e5000-00007ff6001e7fff 0x0008/0x0080 0x1000000  \Device\HarddiskVolume2\Program Files\Oracle\VirtualBox\VirtualBoxVM.exe
5eb8.4080:   00007ff6001e8000-00007ff6001edfff 0x0004/0x0080 0x1000000  \Device\HarddiskVolume2\Program Files\Oracle\VirtualBox\VirtualBoxVM.exe
5eb8.4080:   00007ff6001ee000-00007ff6001eefff 0x0008/0x0080 0x1000000  \Device\HarddiskVolume2\Program Files\Oracle\VirtualBox\VirtualBoxVM.exe
5eb8.4080:   00007ff6001ef000-00007ff600229fff 0x0002/0x0080 0x1000000  \Device\HarddiskVolume2\Program Files\Oracle\VirtualBox\VirtualBoxVM.exe
5eb8.4080:   00007ff60022a000-00007ffae01cffff 0x0001/0x0000 0x0000000
5eb8.4080:  *00007ffae01d0000-00007ffae01d0fff 0x0002/0x0080 0x1000000  \Device\HarddiskVolume2\Windows\System32\KernelBase.dll
5eb8.4080:   00007ffae01d1000-00007ffae0301fff 0x0020/0x0080 0x1000000  \Device\HarddiskVolume2\Windows\System32\KernelBase.dll
5eb8.4080:   00007ffae0302000-00007ffae0484fff 0x0002/0x0080 0x1000000  \Device\HarddiskVolume2\Windows\System32\KernelBase.dll
5eb8.4080:   00007ffae0485000-00007ffae0489fff 0x0004/0x0080 0x1000000  \Device\HarddiskVolume2\Windows\System32\KernelBase.dll
5eb8.4080:   00007ffae048a000-00007ffae04c5fff 0x0002/0x0080 0x1000000  \Device\HarddiskVolume2\Windows\System32\KernelBase.dll
5eb8.4080:   00007ffae04c6000-00007ffae0fcffff 0x0001/0x0000 0x0000000
5eb8.4080:  *00007ffae0fd0000-00007ffae0fd0fff 0x0002/0x0080 0x1000000  \Device\HarddiskVolume2\Windows\System32\kernel32.dll
5eb8.4080:   00007ffae0fd1000-00007ffae1051fff 0x0020/0x0080 0x1000000  \Device\HarddiskVolume2\Windows\System32\kernel32.dll
5eb8.4080:   00007ffae1052000-00007ffae1086fff 0x0002/0x0080 0x1000000  \Device\HarddiskVolume2\Windows\System32\kernel32.dll
5eb8.4080:   00007ffae1087000-00007ffae1088fff 0x0004/0x0080 0x1000000  \Device\HarddiskVolume2\Windows\System32\kernel32.dll
5eb8.4080:   00007ffae1089000-00007ffae1091fff 0x0002/0x0080 0x1000000  \Device\HarddiskVolume2\Windows\System32\kernel32.dll
5eb8.4080:   00007ffae1092000-00007ffae25affff 0x0001/0x0000 0x0000000
5eb8.4080:  *00007ffae25b0000-00007ffae25b0fff 0x0002/0x0080 0x1000000  \Device\HarddiskVolume2\Windows\System32\ntdll.dll
5eb8.4080:   00007ffae25b1000-00007ffae26ccfff 0x0020/0x0080 0x1000000  \Device\HarddiskVolume2\Windows\System32\ntdll.dll
5eb8.4080:   00007ffae26cd000-00007ffae2715fff 0x0002/0x0080 0x1000000  \Device\HarddiskVolume2\Windows\System32\ntdll.dll
5eb8.4080:   00007ffae2716000-00007ffae2716fff 0x0004/0x0080 0x1000000  \Device\HarddiskVolume2\Windows\System32\ntdll.dll
5eb8.4080:   00007ffae2717000-00007ffae2718fff 0x0008/0x0080 0x1000000  \Device\HarddiskVolume2\Windows\System32\ntdll.dll
5eb8.4080:   00007ffae2719000-00007ffae2721fff 0x0004/0x0080 0x1000000  \Device\HarddiskVolume2\Windows\System32\ntdll.dll
5eb8.4080:   00007ffae2722000-00007ffae27a7fff 0x0002/0x0080 0x1000000  \Device\HarddiskVolume2\Windows\System32\ntdll.dll
5eb8.4080:   00007ffae27a8000-00007ffffffeffff 0x0001/0x0000 0x0000000
5eb8.4080: kernel32.dll: timestamp 0xeee0fc1a (rc=VINF_SUCCESS)
5eb8.4080: kernelbase.dll: timestamp 0x56511854 (rc=VINF_SUCCESS)
5eb8.4080: VirtualBoxVM.exe: timestamp 0x683ed8b5 (rc=VINF_SUCCESS)
5eb8.4080: '\Device\HarddiskVolume2\Program Files\Oracle\VirtualBox\VirtualBoxVM.exe' has no imports
5eb8.4080: VirtualBoxVM.exe: Differences in section #7 (.00cfg) between file and memory:
5eb8.4080:   00007ff6001f6000 / 0x00d6000: 00 != 60
5eb8.4080:   00007ff6001f6001 / 0x00d6001: e7 != cc
5eb8.4080:   00007ff6001f6002 / 0x00d6002: 13 != 63
5eb8.4080:   00007ff6001f6003 / 0x00d6003: 00 != e2
5eb8.4080:   00007ff6001f6004 / 0x00d6004: f6 != fa
5eb8.4080:   00007ff6001f6010 / 0x00d6010: f0 != 00
5eb8.4080:   00007ff6001f6011 / 0x00d6011: b4 != cd
5eb8.4080:   00007ff6001f6012 / 0x00d6012: 18 != 63
5eb8.4080:   00007ff6001f6013 / 0x00d6013: 00 != e2
5eb8.4080:   00007ff6001f6014 / 0x00d6014: f6 != fa
5eb8.4080:   Restored 0x28 bytes of original file content at 00007ff6001f6000
5eb8.4080: VirtualBoxVM.exe: Differences in section #8 (.rsrc) between file and memory:
5eb8.4080:   00007ff600227b28 / 0x0107b28: 00 != 50
5eb8.4080:   00007ff600227b29 / 0x0107b29: 00 != 41
5eb8.4080:   00007ff600227b2a / 0x0107b2a: 00 != 44
5eb8.4080:   00007ff600227b2b / 0x0107b2b: 00 != 44
5eb8.4080:   00007ff600227b2c / 0x0107b2c: 00 != 49
5eb8.4080:   00007ff600227b2d / 0x0107b2d: 00 != 4e
5eb8.4080:   00007ff600227b2e / 0x0107b2e: 00 != 47
5eb8.4080:   00007ff600227b2f / 0x0107b2f: 00 != 58
5eb8.4080:   00007ff600227b30 / 0x0107b30: 00 != 58
5eb8.4080:   00007ff600227b31 / 0x0107b31: 00 != 50
5eb8.4080:   00007ff600227b32 / 0x0107b32: 00 != 41
5eb8.4080:   00007ff600227b33 / 0x0107b33: 00 != 44
5eb8.4080:   00007ff600227b34 / 0x0107b34: 00 != 44
5eb8.4080:   00007ff600227b35 / 0x0107b35: 00 != 49
5eb8.4080:   00007ff600227b36 / 0x0107b36: 00 != 4e
5eb8.4080:   00007ff600227b37 / 0x0107b37: 00 != 47
5eb8.4080:   00007ff600227b38 / 0x0107b38: 00 != 50
5eb8.4080:   00007ff600227b39 / 0x0107b39: 00 != 41
5eb8.4080:   00007ff600227b3a / 0x0107b3a: 00 != 44
5eb8.4080:   00007ff600227b3b / 0x0107b3b: 00 != 44
5eb8.4080:   00007ff600227b3c / 0x0107b3c: 00 != 49
5eb8.4080:   00007ff600227b3d / 0x0107b3d: 00 != 4e
5eb8.4080:   00007ff600227b3e / 0x0107b3e: 00 != 47
5eb8.4080:   00007ff600227b3f / 0x0107b3f: 00 != 58
5eb8.4080:   00007ff600227b40 / 0x0107b40: 00 != 58
5eb8.4080:   00007ff600227b41 / 0x0107b41: 00 != 50
5eb8.4080:   00007ff600227b42 / 0x0107b42: 00 != 41
5eb8.4080:   00007ff600227b43 / 0x0107b43: 00 != 44
5eb8.4080:   00007ff600227b44 / 0x0107b44: 00 != 44
5eb8.4080:   00007ff600227b45 / 0x0107b45: 00 != 49
5eb8.4080:   00007ff600227b46 / 0x0107b46: 00 != 4e
5eb8.4080:   00007ff600227b47 / 0x0107b47: 00 != 47
5eb8.4080:   00007ff600227b48 / 0x0107b48: 00 != 50
5eb8.4080:   00007ff600227b49 / 0x0107b49: 00 != 41
5eb8.4080:   00007ff600227b4a / 0x0107b4a: 00 != 44
5eb8.4080:   00007ff600227b4b / 0x0107b4b: 00 != 44
5eb8.4080:   00007ff600227b4c / 0x0107b4c: 00 != 49
5eb8.4080:   00007ff600227b4d / 0x0107b4d: 00 != 4e
5eb8.4080:   00007ff600227b4e / 0x0107b4e: 00 != 47
5eb8.4080:   00007ff600227b4f / 0x0107b4f: 00 != 58
5eb8.4080:   00007ff600227b50 / 0x0107b50: 00 != 58
5eb8.4080:   00007ff600227b51 / 0x0107b51: 00 != 50
5eb8.4080:   00007ff600227b52 / 0x0107b52: 00 != 41
5eb8.4080:   00007ff600227b53 / 0x0107b53: 00 != 44
5eb8.4080:   00007ff600227b54 / 0x0107b54: 00 != 44
5eb8.4080:   00007ff600227b55 / 0x0107b55: 00 != 49
5eb8.4080:   00007ff600227b56 / 0x0107b56: 00 != 4e
5eb8.4080:   00007ff600227b57 / 0x0107b57: 00 != 47
5eb8.4080:   00007ff600227b58 / 0x0107b58: 00 != 50
5eb8.4080:   00007ff600227b59 / 0x0107b59: 00 != 41
5eb8.4080:   00007ff600227b5a / 0x0107b5a: 00 != 44
5eb8.4080:   00007ff600227b5b / 0x0107b5b: 00 != 44
5eb8.4080:   00007ff600227b5c / 0x0107b5c: 00 != 49
5eb8.4080:   00007ff600227b5d / 0x0107b5d: 00 != 4e
5eb8.4080:   00007ff600227b5e / 0x0107b5e: 00 != 47
5eb8.4080:   00007ff600227b5f / 0x0107b5f: 00 != 58
5eb8.4080:   00007ff600227b60 / 0x0107b60: 00 != 58
5eb8.4080:   00007ff600227b61 / 0x0107b61: 00 != 50
5eb8.4080:   00007ff600227b62 / 0x0107b62: 00 != 41
5eb8.4080:   00007ff600227b63 / 0x0107b63: 00 != 44
5eb8.4080:   00007ff600227b64 / 0x0107b64: 00 != 44
5eb8.4080:   00007ff600227b65 / 0x0107b65: 00 != 49
5eb8.4080:   00007ff600227b66 / 0x0107b66: 00 != 4e
5eb8.4080:   00007ff600227b67 / 0x0107b67: 00 != 47
5eb8.4080:   00007ff600227b68 / 0x0107b68: 00 != 50
5eb8.4080:   00007ff600227b69 / 0x0107b69: 00 != 41
5eb8.4080:   00007ff600227b6a / 0x0107b6a: 00 != 44
5eb8.4080:   00007ff600227b6b / 0x0107b6b: 00 != 44
5eb8.4080:   00007ff600227b6c / 0x0107b6c: 00 != 49
5eb8.4080:   00007ff600227b6d / 0x0107b6d: 00 != 4e
5eb8.4080:   00007ff600227b6e / 0x0107b6e: 00 != 47
5eb8.4080:   00007ff600227b6f / 0x0107b6f: 00 != 58
5eb8.4080:   00007ff600227b70 / 0x0107b70: 00 != 58
5eb8.4080:   00007ff600227b71 / 0x0107b71: 00 != 50
5eb8.4080:   00007ff600227b72 / 0x0107b72: 00 != 41
5eb8.4080:   00007ff600227b73 / 0x0107b73: 00 != 44
5eb8.4080:   00007ff600227b74 / 0x0107b74: 00 != 44
5eb8.4080:   00007ff600227b75 / 0x0107b75: 00 != 49
5eb8.4080:   00007ff600227b76 / 0x0107b76: 00 != 4e
5eb8.4080:   00007ff600227b77 / 0x0107b77: 00 != 47
5eb8.4080:   00007ff600227b78 / 0x0107b78: 00 != 50
5eb8.4080:   00007ff600227b79 / 0x0107b79: 00 != 41
5eb8.4080:   00007ff600227b7a / 0x0107b7a: 00 != 44
5eb8.4080:   00007ff600227b7b / 0x0107b7b: 00 != 44
5eb8.4080:   00007ff600227b7c / 0x0107b7c: 00 != 49
5eb8.4080:   00007ff600227b7d / 0x0107b7d: 00 != 4e
5eb8.4080:   00007ff600227b7e / 0x0107b7e: 00 != 47
5eb8.4080:   00007ff600227b7f / 0x0107b7f: 00 != 58
5eb8.4080:   00007ff600227b80 / 0x0107b80: 00 != 58
5eb8.4080:   00007ff600227b81 / 0x0107b81: 00 != 50
5eb8.4080:   00007ff600227b82 / 0x0107b82: 00 != 41
5eb8.4080:   00007ff600227b83 / 0x0107b83: 00 != 44
5eb8.4080:   00007ff600227b84 / 0x0107b84: 00 != 44
5eb8.4080:   00007ff600227b85 / 0x0107b85: 00 != 49
5eb8.4080:   00007ff600227b86 / 0x0107b86: 00 != 4e
5eb8.4080:   00007ff600227b87 / 0x0107b87: 00 != 47
5eb8.4080:   00007ff600227b88 / 0x0107b88: 00 != 50
5eb8.4080:   00007ff600227b89 / 0x0107b89: 00 != 41
5eb8.4080:   00007ff600227b8a / 0x0107b8a: 00 != 44
5eb8.4080:   00007ff600227b8b / 0x0107b8b: 00 != 44
5eb8.4080:   00007ff600227b8c / 0x0107b8c: 00 != 49
5eb8.4080:   00007ff600227b8d / 0x0107b8d: 00 != 4e
5eb8.4080:   00007ff600227b8e / 0x0107b8e: 00 != 47
5eb8.4080:   00007ff600227b8f / 0x0107b8f: 00 != 58
5eb8.4080:   00007ff600227b90 / 0x0107b90: 00 != 58
5eb8.4080:   00007ff600227b91 / 0x0107b91: 00 != 50
5eb8.4080:   00007ff600227b92 / 0x0107b92: 00 != 41
5eb8.4080:   00007ff600227b93 / 0x0107b93: 00 != 44
5eb8.4080:   00007ff600227b94 / 0x0107b94: 00 != 44
5eb8.4080:   00007ff600227b95 / 0x0107b95: 00 != 49
5eb8.4080:   00007ff600227b96 / 0x0107b96: 00 != 4e
5eb8.4080:   00007ff600227b97 / 0x0107b97: 00 != 47
5eb8.4080:   00007ff600227b98 / 0x0107b98: 00 != 50
5eb8.4080:   00007ff600227b99 / 0x0107b99: 00 != 41
5eb8.4080:   00007ff600227b9a / 0x0107b9a: 00 != 44
5eb8.4080:   00007ff600227b9b / 0x0107b9b: 00 != 44
5eb8.4080:   00007ff600227b9c / 0x0107b9c: 00 != 49
5eb8.4080:   00007ff600227b9d / 0x0107b9d: 00 != 4e
5eb8.4080:   00007ff600227b9e / 0x0107b9e: 00 != 47
5eb8.4080:   00007ff600227b9f / 0x0107b9f: 00 != 58
5eb8.4080:   00007ff600227ba0 / 0x0107ba0: 00 != 58
5eb8.4080:   00007ff600227ba1 / 0x0107ba1: 00 != 50
5eb8.4080:   00007ff600227ba2 / 0x0107ba2: 00 != 41
5eb8.4080:   00007ff600227ba3 / 0x0107ba3: 00 != 44
5eb8.4080:   00007ff600227ba4 / 0x0107ba4: 00 != 44
5eb8.4080:   00007ff600227ba5 / 0x0107ba5: 00 != 49
5eb8.4080:   00007ff600227ba6 / 0x0107ba6: 00 != 4e
5eb8.4080:   00007ff600227ba7 / 0x0107ba7: 00 != 47
5eb8.4080:   00007ff600227ba8 / 0x0107ba8: 00 != 50
5eb8.4080:   00007ff600227ba9 / 0x0107ba9: 00 != 41
5eb8.4080:   00007ff600227baa / 0x0107baa: 00 != 44
5eb8.4080:   00007ff600227bab / 0x0107bab: 00 != 44
5eb8.4080:   00007ff600227bac / 0x0107bac: 00 != 49
5eb8.4080:   00007ff600227bad / 0x0107bad: 00 != 4e
5eb8.4080:   00007ff600227bae / 0x0107bae: 00 != 47
5eb8.4080:   00007ff600227baf / 0x0107baf: 00 != 58
5eb8.4080:   00007ff600227bb0 / 0x0107bb0: 00 != 58
5eb8.4080:   00007ff600227bb1 / 0x0107bb1: 00 != 50
5eb8.4080:   00007ff600227bb2 / 0x0107bb2: 00 != 41
5eb8.4080:   00007ff600227bb3 / 0x0107bb3: 00 != 44
5eb8.4080:   00007ff600227bb4 / 0x0107bb4: 00 != 44
5eb8.4080:   00007ff600227bb5 / 0x0107bb5: 00 != 49
5eb8.4080:   00007ff600227bb6 / 0x0107bb6: 00 != 4e
5eb8.4080:   00007ff600227bb7 / 0x0107bb7: 00 != 47
5eb8.4080:   00007ff600227bb8 / 0x0107bb8: 00 != 50
5eb8.4080:   00007ff600227bb9 / 0x0107bb9: 00 != 41
5eb8.4080:   00007ff600227bba / 0x0107bba: 00 != 44
5eb8.4080:   00007ff600227bbb / 0x0107bbb: 00 != 44
5eb8.4080:   00007ff600227bbc / 0x0107bbc: 00 != 49
5eb8.4080:   00007ff600227bbd / 0x0107bbd: 00 != 4e
5eb8.4080:   00007ff600227bbe / 0x0107bbe: 00 != 47
5eb8.4080:   00007ff600227bbf / 0x0107bbf: 00 != 58
5eb8.4080:   00007ff600227bc0 / 0x0107bc0: 00 != 58
5eb8.4080:   00007ff600227bc1 / 0x0107bc1: 00 != 50
5eb8.4080:   00007ff600227bc2 / 0x0107bc2: 00 != 41
5eb8.4080:   00007ff600227bc3 / 0x0107bc3: 00 != 44
5eb8.4080:   00007ff600227bc4 / 0x0107bc4: 00 != 44
5eb8.4080:   00007ff600227bc5 / 0x0107bc5: 00 != 49
5eb8.4080:   00007ff600227bc6 / 0x0107bc6: 00 != 4e
5eb8.4080:   00007ff600227bc7 / 0x0107bc7: 00 != 47
5eb8.4080:   00007ff600227bc8 / 0x0107bc8: 00 != 50
5eb8.4080:   00007ff600227bc9 / 0x0107bc9: 00 != 41
5eb8.4080:   00007ff600227bca / 0x0107bca: 00 != 44
5eb8.4080:   00007ff600227bcb / 0x0107bcb: 00 != 44
5eb8.4080:   00007ff600227bcc / 0x0107bcc: 00 != 49
5eb8.4080:   00007ff600227bcd / 0x0107bcd: 00 != 4e
5eb8.4080:   00007ff600227bce / 0x0107bce: 00 != 47
5eb8.4080:   00007ff600227bcf / 0x0107bcf: 00 != 58
5eb8.4080:   00007ff600227bd0 / 0x0107bd0: 00 != 58
5eb8.4080:   00007ff600227bd1 / 0x0107bd1: 00 != 50
5eb8.4080:   00007ff600227bd2 / 0x0107bd2: 00 != 41
5eb8.4080:   00007ff600227bd3 / 0x0107bd3: 00 != 44
5eb8.4080:   00007ff600227bd4 / 0x0107bd4: 00 != 44
5eb8.4080:   00007ff600227bd5 / 0x0107bd5: 00 != 49
5eb8.4080:   00007ff600227bd6 / 0x0107bd6: 00 != 4e
5eb8.4080:   00007ff600227bd7 / 0x0107bd7: 00 != 47
5eb8.4080:   00007ff600227bd8 / 0x0107bd8: 00 != 50
5eb8.4080:   00007ff600227bd9 / 0x0107bd9: 00 != 41
5eb8.4080:   00007ff600227bda / 0x0107bda: 00 != 44
5eb8.4080:   00007ff600227bdb / 0x0107bdb: 00 != 44
5eb8.4080:   00007ff600227bdc / 0x0107bdc: 00 != 49
5eb8.4080:   00007ff600227bdd / 0x0107bdd: 00 != 4e
5eb8.4080:   00007ff600227bde / 0x0107bde: 00 != 47
5eb8.4080:   00007ff600227bdf / 0x0107bdf: 00 != 58
5eb8.4080:   00007ff600227be0 / 0x0107be0: 00 != 58
5eb8.4080:   00007ff600227be1 / 0x0107be1: 00 != 50
5eb8.4080:   00007ff600227be2 / 0x0107be2: 00 != 41
5eb8.4080:   00007ff600227be3 / 0x0107be3: 00 != 44
5eb8.4080:   00007ff600227be4 / 0x0107be4: 00 != 44
5eb8.4080:   00007ff600227be5 / 0x0107be5: 00 != 49
5eb8.4080:   00007ff600227be6 / 0x0107be6: 00 != 4e
5eb8.4080:   00007ff600227be7 / 0x0107be7: 00 != 47
5eb8.4080:   00007ff600227be8 / 0x0107be8: 00 != 50
5eb8.4080:   00007ff600227be9 / 0x0107be9: 00 != 41
5eb8.4080:   00007ff600227bea / 0x0107bea: 00 != 44
5eb8.4080:   00007ff600227beb / 0x0107beb: 00 != 44
5eb8.4080:   00007ff600227bec / 0x0107bec: 00 != 49
5eb8.4080:   00007ff600227bed / 0x0107bed: 00 != 4e
5eb8.4080:   00007ff600227bee / 0x0107bee: 00 != 47
5eb8.4080:   00007ff600227bef / 0x0107bef: 00 != 58
5eb8.4080:   00007ff600227bf0 / 0x0107bf0: 00 != 58
5eb8.4080:   00007ff600227bf1 / 0x0107bf1: 00 != 50
5eb8.4080:   00007ff600227bf2 / 0x0107bf2: 00 != 41
5eb8.4080:   00007ff600227bf3 / 0x0107bf3: 00 != 44
5eb8.4080:   00007ff600227bf4 / 0x0107bf4: 00 != 44
5eb8.4080:   00007ff600227bf5 / 0x0107bf5: 00 != 49
5eb8.4080:   00007ff600227bf6 / 0x0107bf6: 00 != 4e
5eb8.4080:   00007ff600227bf7 / 0x0107bf7: 00 != 47
5eb8.4080:   00007ff600227bf8 / 0x0107bf8: 00 != 50
5eb8.4080:   00007ff600227bf9 / 0x0107bf9: 00 != 41
5eb8.4080:   00007ff600227bfa / 0x0107bfa: 00 != 44
5eb8.4080:   00007ff600227bfb / 0x0107bfb: 00 != 44
5eb8.4080:   00007ff600227bfc / 0x0107bfc: 00 != 49
5eb8.4080:   00007ff600227bfd / 0x0107bfd: 00 != 4e
5eb8.4080:   00007ff600227bfe / 0x0107bfe: 00 != 47
5eb8.4080:   00007ff600227bff / 0x0107bff: 00 != 58
5eb8.4080:   Restored 0x4d8 bytes of original file content at 00007ff600227b28
5eb8.4080: '\Device\HarddiskVolume2\Windows\System32\ntdll.dll' has no imports
5eb8.4080: ntdll.dll: Differences in section #8 (.00cfg) between file and memory:
5eb8.4080:   00007ffae2735000 / 0x0185000: b0 != 00
5eb8.4080:   00007ffae2735001 / 0x0185001: 10 != cd
5eb8.4080:   00007ffae2735002 / 0x0185002: 65 != 63
5eb8.4080:   Restored 0x8 bytes of original file content at 00007ffae2735000
5eb8.4080: kernel32.dll: Differences in section #2 (.rdata) between file and memory:
5eb8.4080:   00007ffae1056640 / 0x0086640: e0 != 60
5eb8.4080:   00007ffae1056641 / 0x0086641: 8e != cc
5eb8.4080:   00007ffae1056642 / 0x0086642: ff != 63
5eb8.4080:   00007ffae1056643 / 0x0086643: e0 != e2
5eb8.4080:   00007ffae1056649 / 0x0086649: 91 != cd
5eb8.4080:   00007ffae105664a / 0x008664a: ff != 63
5eb8.4080:   00007ffae105664b / 0x008664b: e0 != e2
5eb8.4080:   Restored 0x2000 bytes of original file content at 00007ffae1056000
5eb8.4080: kernelbase.dll: Differences in section #2 (.rdata) between file and memory:
5eb8.4080:   00007ffae03b4100 / 0x01e4100: 50 != 60
5eb8.4080:   00007ffae03b4101 / 0x01e4101: 6c != cc
5eb8.4080:   00007ffae03b4102 / 0x01e4102: 28 != 63
5eb8.4080:   00007ffae03b4103 / 0x01e4103: e0 != e2
5eb8.4080:   00007ffae03b4109 / 0x01e4109: 70 != cd
5eb8.4080:   00007ffae03b410a / 0x01e410a: 28 != 63
5eb8.4080:   00007ffae03b410b / 0x01e410b: e0 != e2
5eb8.4080:   Restored 0x2000 bytes of original file content at 00007ffae03b4000
5eb8.4080: supHardNtVpCheckHandles:
5eb8.4080: supHardNtVpCheckHandles: Marked Section handle non-inheritable: 00000000000010e0
5eb8.4080: supHardNtVpCheckHandles: Marked Section handle non-inheritable: 0000000000001014
5eb8.4080: supHardNtVpCheckHandles: Marked Section handle non-inheritable: 0000000000001010
5eb8.4080: supHardNtVpCheckHandles: Marked Section handle non-inheritable: 000000000000100c
5eb8.4080: supHardNtVpCheckHandles: Marked Section handle non-inheritable: 0000000000001008
5eb8.4080: supR3HardenedWinInit: SUPHARDNTVPKIND_SELF_PURIFICATION_LIMITED -> VINF_SUCCESS, cFixes=10
5eb8.4080: '\Device\HarddiskVolume2\Program Files\Oracle\VirtualBox\VirtualBoxVM.exe' has no imports
5eb8.4080: supHardenedWinVerifyImageByHandle: -> 0 (\Device\HarddiskVolume2\Program Files\Oracle\VirtualBox\VirtualBoxVM.exe)
5eb8.4080: supR3HardNtEnableThreadCreationEx:
5eb8.4080: supR3HardNtDisableThreadCreation: pvLdrInitThunk=00007ffae2625c10 pvNtTerminateThread=00007ffae264dff0
5eb8.4080: supR3HardenedWinDoReSpawn(1): New child 6040.5c80 [kernel32].
5eb8.4080: supR3HardNtChildGatherData: PebBaseAddress=000000e454359000 cbPeb=0x388
5eb8.4080: supR3HardNtPuChFindNtdll: uNtDllParentAddr=00007ffae25b0000 uNtDllChildAddr=00007ffae25b0000
5eb8.4080: supR3HardenedWinSetupChildInit: uLdrInitThunk=00007ffae2625c10
5eb8.4080: supR3HardenedWinSetupChildInit: Initial context:
  rax=0000000000000000 rbx=0000000000000000 rcx=00007ff60012b850 rdx=000000e454359000
  rsi=0000000000000000 rdi=0000000000000000 r8 =0000000000000000 r9 =0000000000000000
  r10=0000000000000000 r11=0000000000000000 r12=0000000000000000 r13=0000000000000000
  r14=0000000000000000 r15=0000000000000000  P1=0000000000000000  P2=0000000000000000
  rip=00007ffae25fcc70 rsp=000000e45418f868 rbp=0000000000000000    ctxflags=0010001b
  cs=0033 ss=002b ds=0000 es=0000 fs=0000 gs=0000    eflags=00000200   mxcrx=00001f80
   P3=0000000000000000  P4=0000000000000000  P5=0000000000000000  P6=0000000000000000
  dr0=0000000000000000 dr1=0000000000000000 dr2=0000000000000000 dr3=0000000000000000
  dr6=0000000000000000 dr7=0000000000000000 vcr=0000000000000000 dcr=0000000000000000
  lbt=0000000000000000 lbf=0000000000000000 lxt=0000000000000000 lxf=0000000000000000
5eb8.4080: supR3HardenedWinSetupChildInit: Start child.
5eb8.4080: supR3HardNtChildWaitFor: Found expected request 0 (PurifyChildAndCloseHandles) after 0 ms.
5eb8.4080: supR3HardNtChildPurify: Startup delay kludge #1/0: 260 ms, 16 sleeps
5eb8.4080: supHardNtVpScanVirtualMemory: enmKind=CHILD_PURIFICATION
5eb8.4080:  *0000000000000000-000000007ffdffff 0x0001/0x0000 0x0000000
5eb8.4080:  *000000007ffe0000-000000007ffe0fff 0x0002/0x0002 0x0020000
5eb8.4080:   000000007ffe1000-000000007ffe1fff 0x0001/0x0000 0x0000000
5eb8.4080:  *000000007ffe2000-000000007ffe2fff 0x0002/0x0002 0x0020000
5eb8.4080:   000000007ffe3000-000000e45408ffff 0x0001/0x0000 0x0000000
5eb8.4080:  *000000e454090000-000000e45418afff 0x0000/0x0004 0x0020000
5eb8.4080:   000000e45418b000-000000e45418dfff 0x0104/0x0004 0x0020000
5eb8.4080:   000000e45418e000-000000e45418ffff 0x0004/0x0004 0x0020000
5eb8.4080:   000000e454190000-000000e4541fffff 0x0001/0x0000 0x0000000
5eb8.4080:  *000000e454200000-000000e454358fff 0x0000/0x0004 0x0020000
5eb8.4080:   000000e454359000-000000e45435bfff 0x0004/0x0004 0x0020000
5eb8.4080:   000000e45435c000-000000e4543fffff 0x0000/0x0004 0x0020000
5eb8.4080:   000000e454400000-00000282349affff 0x0001/0x0000 0x0000000
5eb8.4080:  *00000282349b0000-00000282349cffff 0x0004/0x0004 0x0020000
5eb8.4080:  *00000282349d0000-00000282349ecfff 0x0002/0x0002 0x0040000
5eb8.4080:   00000282349ed000-00000282349effff 0x0001/0x0000 0x0000000
5eb8.4080:  *00000282349f0000-00000282349f3fff 0x0002/0x0002 0x0040000
5eb8.4080:   00000282349f4000-00000282349fffff 0x0001/0x0000 0x0000000
5eb8.4080:  *0000028234a00000-0000028234a00fff 0x0002/0x0002 0x0040000
5eb8.4080:   0000028234a01000-0000028234a0ffff 0x0001/0x0000 0x0000000
5eb8.4080:  *0000028234a10000-0000028234a11fff 0x0004/0x0004 0x0020000
5eb8.4080:   0000028234a12000-00007df5c02dffff 0x0001/0x0000 0x0000000
5eb8.4080:  *00007df5c02e0000-00007df5c02e0fff 0x0002/0x0002 0x0040000
5eb8.4080:   00007df5c02e1000-00007df5c02effff 0x0001/0x0000 0x0000000
5eb8.4080:  *00007df5c02f0000-00007df5c0312fff 0x0002/0x0002 0x0040000
5eb8.4080:   00007df5c0313000-00007df5c031ffff 0x0001/0x0000 0x0000000
5eb8.4080:  *00007df5c0320000-00007df5c1f53fff 0x0000/0x0001 0x0040000
5eb8.4080:   00007df5c1f54000-00007df5c2029fff 0x0001/0x0001 0x0040000
5eb8.4080:   00007df5c202a000-00007df5c20fbfff 0x0000/0x0001 0x0040000
5eb8.4080:   00007df5c20fc000-00007df5c20fcfff 0x0001/0x0001 0x0040000
5eb8.4080:   00007df5c20fd000-00007ff598323fff 0x0000/0x0001 0x0040000
5eb8.4080:   00007ff598324000-00007ff598328fff 0x0002/0x0001 0x0040000
5eb8.4080:   00007ff598329000-00007ff5a85fdfff 0x0000/0x0001 0x0040000
5eb8.4080:   00007ff5a85fe000-00007ff5abbb5fff 0x0001/0x0001 0x0040000
5eb8.4080:   00007ff5abbb6000-00007ff5abbbefff 0x0002/0x0001 0x0040000
5eb8.4080:   00007ff5abbbf000-00007ff5c031ffff 0x0000/0x0001 0x0040000
5eb8.4080:   00007ff5c0320000-00007ff60011ffff 0x0001/0x0000 0x0000000
5eb8.4080:  *00007ff600120000-00007ff600120fff 0x0002/0x0080 0x1000000  \Device\HarddiskVolume2\Program Files\Oracle\VirtualBox\VirtualBoxVM.exe
5eb8.4080:   00007ff600121000-00007ff60018bfff 0x0020/0x0080 0x1000000  \Device\HarddiskVolume2\Program Files\Oracle\VirtualBox\VirtualBoxVM.exe
5eb8.4080:   00007ff60018c000-00007ff60018cfff 0x0080/0x0080 0x1000000  \Device\HarddiskVolume2\Program Files\Oracle\VirtualBox\VirtualBoxVM.exe
5eb8.4080:   00007ff60018d000-00007ff6001e1fff 0x0002/0x0080 0x1000000  \Device\HarddiskVolume2\Program Files\Oracle\VirtualBox\VirtualBoxVM.exe
5eb8.4080:   00007ff6001e2000-00007ff6001e2fff 0x0004/0x0080 0x1000000  \Device\HarddiskVolume2\Program Files\Oracle\VirtualBox\VirtualBoxVM.exe
5eb8.4080:   00007ff6001e3000-00007ff6001e3fff 0x0008/0x0080 0x1000000  \Device\HarddiskVolume2\Program Files\Oracle\VirtualBox\VirtualBoxVM.exe
5eb8.4080:   00007ff6001e4000-00007ff6001e8fff 0x0004/0x0080 0x1000000  \Device\HarddiskVolume2\Program Files\Oracle\VirtualBox\VirtualBoxVM.exe
5eb8.4080:   00007ff6001e9000-00007ff6001eefff 0x0008/0x0080 0x1000000  \Device\HarddiskVolume2\Program Files\Oracle\VirtualBox\VirtualBoxVM.exe
5eb8.4080:   00007ff6001ef000-00007ff600229fff 0x0002/0x0080 0x1000000  \Device\HarddiskVolume2\Program Files\Oracle\VirtualBox\VirtualBoxVM.exe
5eb8.4080:   00007ff60022a000-00007ffae25affff 0x0001/0x0000 0x0000000
5eb8.4080:  *00007ffae25b0000-00007ffae25b0fff 0x0002/0x0080 0x1000000  \Device\HarddiskVolume2\Windows\System32\ntdll.dll
5eb8.4080:   00007ffae25b1000-00007ffae26ccfff 0x0020/0x0080 0x1000000  \Device\HarddiskVolume2\Windows\System32\ntdll.dll
5eb8.4080:   00007ffae26cd000-00007ffae2715fff 0x0002/0x0080 0x1000000  \Device\HarddiskVolume2\Windows\System32\ntdll.dll
5eb8.4080:   00007ffae2716000-00007ffae2721fff 0x0008/0x0080 0x1000000  \Device\HarddiskVolume2\Windows\System32\ntdll.dll
5eb8.4080:   00007ffae2722000-00007ffae2730fff 0x0002/0x0080 0x1000000  \Device\HarddiskVolume2\Windows\System32\ntdll.dll
5eb8.4080:   00007ffae2731000-00007ffae2731fff 0x0004/0x0080 0x1000000  \Device\HarddiskVolume2\Windows\System32\ntdll.dll
5eb8.4080:   00007ffae2732000-00007ffae2734fff 0x0008/0x0080 0x1000000  \Device\HarddiskVolume2\Windows\System32\ntdll.dll
5eb8.4080:   00007ffae2735000-00007ffae27a7fff 0x0002/0x0080 0x1000000  \Device\HarddiskVolume2\Windows\System32\ntdll.dll
5eb8.4080:   00007ffae27a8000-00007ffffffeffff 0x0001/0x0000 0x0000000
5eb8.4080: VirtualBoxVM.exe: Differences in section #8 (.rsrc) between file and memory:
5eb8.4080:   00007ff600227b28 / 0x0107b28: 00 != 50
5eb8.4080:   00007ff600227b29 / 0x0107b29: 00 != 41
5eb8.4080:   00007ff600227b2a / 0x0107b2a: 00 != 44
5eb8.4080:   00007ff600227b2b / 0x0107b2b: 00 != 44
5eb8.4080:   00007ff600227b2c / 0x0107b2c: 00 != 49
5eb8.4080:   00007ff600227b2d / 0x0107b2d: 00 != 4e
5eb8.4080:   00007ff600227b2e / 0x0107b2e: 00 != 47
5eb8.4080:   00007ff600227b2f / 0x0107b2f: 00 != 58
5eb8.4080:   00007ff600227b30 / 0x0107b30: 00 != 58
5eb8.4080:   00007ff600227b31 / 0x0107b31: 00 != 50
5eb8.4080:   00007ff600227b32 / 0x0107b32: 00 != 41
5eb8.4080:   00007ff600227b33 / 0x0107b33: 00 != 44
5eb8.4080:   00007ff600227b34 / 0x0107b34: 00 != 44
5eb8.4080:   00007ff600227b35 / 0x0107b35: 00 != 49
5eb8.4080:   00007ff600227b36 / 0x0107b36: 00 != 4e
5eb8.4080:   00007ff600227b37 / 0x0107b37: 00 != 47
5eb8.4080:   00007ff600227b38 / 0x0107b38: 00 != 50
5eb8.4080:   00007ff600227b39 / 0x0107b39: 00 != 41
5eb8.4080:   00007ff600227b3a / 0x0107b3a: 00 != 44
5eb8.4080:   00007ff600227b3b / 0x0107b3b: 00 != 44
5eb8.4080:   00007ff600227b3c / 0x0107b3c: 00 != 49
5eb8.4080:   00007ff600227b3d / 0x0107b3d: 00 != 4e
5eb8.4080:   00007ff600227b3e / 0x0107b3e: 00 != 47
5eb8.4080:   00007ff600227b3f / 0x0107b3f: 00 != 58
5eb8.4080:   00007ff600227b40 / 0x0107b40: 00 != 58
5eb8.4080:   00007ff600227b41 / 0x0107b41: 00 != 50
5eb8.4080:   00007ff600227b42 / 0x0107b42: 00 != 41
5eb8.4080:   00007ff600227b43 / 0x0107b43: 00 != 44
5eb8.4080:   00007ff600227b44 / 0x0107b44: 00 != 44
5eb8.4080:   00007ff600227b45 / 0x0107b45: 00 != 49
5eb8.4080:   00007ff600227b46 / 0x0107b46: 00 != 4e
5eb8.4080:   00007ff600227b47 / 0x0107b47: 00 != 47
5eb8.4080:   00007ff600227b48 / 0x0107b48: 00 != 50
5eb8.4080:   00007ff600227b49 / 0x0107b49: 00 != 41
5eb8.4080:   00007ff600227b4a / 0x0107b4a: 00 != 44
5eb8.4080:   00007ff600227b4b / 0x0107b4b: 00 != 44
5eb8.4080:   00007ff600227b4c / 0x0107b4c: 00 != 49
5eb8.4080:   00007ff600227b4d / 0x0107b4d: 00 != 4e
5eb8.4080:   00007ff600227b4e / 0x0107b4e: 00 != 47
5eb8.4080:   00007ff600227b4f / 0x0107b4f: 00 != 58
5eb8.4080:   00007ff600227b50 / 0x0107b50: 00 != 58
5eb8.4080:   00007ff600227b51 / 0x0107b51: 00 != 50
5eb8.4080:   00007ff600227b52 / 0x0107b52: 00 != 41
5eb8.4080:   00007ff600227b53 / 0x0107b53: 00 != 44
5eb8.4080:   00007ff600227b54 / 0x0107b54: 00 != 44
5eb8.4080:   00007ff600227b55 / 0x0107b55: 00 != 49
5eb8.4080:   00007ff600227b56 / 0x0107b56: 00 != 4e
5eb8.4080:   00007ff600227b57 / 0x0107b57: 00 != 47
5eb8.4080:   00007ff600227b58 / 0x0107b58: 00 != 50
5eb8.4080:   00007ff600227b59 / 0x0107b59: 00 != 41
5eb8.4080:   00007ff600227b5a / 0x0107b5a: 00 != 44
5eb8.4080:   00007ff600227b5b / 0x0107b5b: 00 != 44
5eb8.4080:   00007ff600227b5c / 0x0107b5c: 00 != 49
5eb8.4080:   00007ff600227b5d / 0x0107b5d: 00 != 4e
5eb8.4080:   00007ff600227b5e / 0x0107b5e: 00 != 47
5eb8.4080:   00007ff600227b5f / 0x0107b5f: 00 != 58
5eb8.4080:   00007ff600227b60 / 0x0107b60: 00 != 58
5eb8.4080:   00007ff600227b61 / 0x0107b61: 00 != 50
5eb8.4080:   00007ff600227b62 / 0x0107b62: 00 != 41
5eb8.4080:   00007ff600227b63 / 0x0107b63: 00 != 44
5eb8.4080:   00007ff600227b64 / 0x0107b64: 00 != 44
5eb8.4080:   00007ff600227b65 / 0x0107b65: 00 != 49
5eb8.4080:   00007ff600227b66 / 0x0107b66: 00 != 4e
5eb8.4080:   00007ff600227b67 / 0x0107b67: 00 != 47
5eb8.4080:   00007ff600227b68 / 0x0107b68: 00 != 50
5eb8.4080:   00007ff600227b69 / 0x0107b69: 00 != 41
5eb8.4080:   00007ff600227b6a / 0x0107b6a: 00 != 44
5eb8.4080:   00007ff600227b6b / 0x0107b6b: 00 != 44
5eb8.4080:   00007ff600227b6c / 0x0107b6c: 00 != 49
5eb8.4080:   00007ff600227b6d / 0x0107b6d: 00 != 4e
5eb8.4080:   00007ff600227b6e / 0x0107b6e: 00 != 47
5eb8.4080:   00007ff600227b6f / 0x0107b6f: 00 != 58
5eb8.4080:   00007ff600227b70 / 0x0107b70: 00 != 58
5eb8.4080:   00007ff600227b71 / 0x0107b71: 00 != 50
5eb8.4080:   00007ff600227b72 / 0x0107b72: 00 != 41
5eb8.4080:   00007ff600227b73 / 0x0107b73: 00 != 44
5eb8.4080:   00007ff600227b74 / 0x0107b74: 00 != 44
5eb8.4080:   00007ff600227b75 / 0x0107b75: 00 != 49
5eb8.4080:   00007ff600227b76 / 0x0107b76: 00 != 4e
5eb8.4080:   00007ff600227b77 / 0x0107b77: 00 != 47
5eb8.4080:   00007ff600227b78 / 0x0107b78: 00 != 50
5eb8.4080:   00007ff600227b79 / 0x0107b79: 00 != 41
5eb8.4080:   00007ff600227b7a / 0x0107b7a: 00 != 44
5eb8.4080:   00007ff600227b7b / 0x0107b7b: 00 != 44
5eb8.4080:   00007ff600227b7c / 0x0107b7c: 00 != 49
5eb8.4080:   00007ff600227b7d / 0x0107b7d: 00 != 4e
5eb8.4080:   00007ff600227b7e / 0x0107b7e: 00 != 47
5eb8.4080:   00007ff600227b7f / 0x0107b7f: 00 != 58
5eb8.4080:   00007ff600227b80 / 0x0107b80: 00 != 58
5eb8.4080:   00007ff600227b81 / 0x0107b81: 00 != 50
5eb8.4080:   00007ff600227b82 / 0x0107b82: 00 != 41
5eb8.4080:   00007ff600227b83 / 0x0107b83: 00 != 44
5eb8.4080:   00007ff600227b84 / 0x0107b84: 00 != 44
5eb8.4080:   00007ff600227b85 / 0x0107b85: 00 != 49
5eb8.4080:   00007ff600227b86 / 0x0107b86: 00 != 4e
5eb8.4080:   00007ff600227b87 / 0x0107b87: 00 != 47
5eb8.4080:   00007ff600227b88 / 0x0107b88: 00 != 50
5eb8.4080:   00007ff600227b89 / 0x0107b89: 00 != 41
5eb8.4080:   00007ff600227b8a / 0x0107b8a: 00 != 44
5eb8.4080:   00007ff600227b8b / 0x0107b8b: 00 != 44
5eb8.4080:   00007ff600227b8c / 0x0107b8c: 00 != 49
5eb8.4080:   00007ff600227b8d / 0x0107b8d: 00 != 4e
5eb8.4080:   00007ff600227b8e / 0x0107b8e: 00 != 47
5eb8.4080:   00007ff600227b8f / 0x0107b8f: 00 != 58
5eb8.4080:   00007ff600227b90 / 0x0107b90: 00 != 58
5eb8.4080:   00007ff600227b91 / 0x0107b91: 00 != 50
5eb8.4080:   00007ff600227b92 / 0x0107b92: 00 != 41
5eb8.4080:   00007ff600227b93 / 0x0107b93: 00 != 44
5eb8.4080:   00007ff600227b94 / 0x0107b94: 00 != 44
5eb8.4080:   00007ff600227b95 / 0x0107b95: 00 != 49
5eb8.4080:   00007ff600227b96 / 0x0107b96: 00 != 4e
5eb8.4080:   00007ff600227b97 / 0x0107b97: 00 != 47
5eb8.4080:   00007ff600227b98 / 0x0107b98: 00 != 50
5eb8.4080:   00007ff600227b99 / 0x0107b99: 00 != 41
5eb8.4080:   00007ff600227b9a / 0x0107b9a: 00 != 44
5eb8.4080:   00007ff600227b9b / 0x0107b9b: 00 != 44
5eb8.4080:   00007ff600227b9c / 0x0107b9c: 00 != 49
5eb8.4080:   00007ff600227b9d / 0x0107b9d: 00 != 4e
5eb8.4080:   00007ff600227b9e / 0x0107b9e: 00 != 47
5eb8.4080:   00007ff600227b9f / 0x0107b9f: 00 != 58
5eb8.4080:   00007ff600227ba0 / 0x0107ba0: 00 != 58
5eb8.4080:   00007ff600227ba1 / 0x0107ba1: 00 != 50
5eb8.4080:   00007ff600227ba2 / 0x0107ba2: 00 != 41
5eb8.4080:   00007ff600227ba3 / 0x0107ba3: 00 != 44
5eb8.4080:   00007ff600227ba4 / 0x0107ba4: 00 != 44
5eb8.4080:   00007ff600227ba5 / 0x0107ba5: 00 != 49
5eb8.4080:   00007ff600227ba6 / 0x0107ba6: 00 != 4e
5eb8.4080:   00007ff600227ba7 / 0x0107ba7: 00 != 47
5eb8.4080:   00007ff600227ba8 / 0x0107ba8: 00 != 50
5eb8.4080:   00007ff600227ba9 / 0x0107ba9: 00 != 41
5eb8.4080:   00007ff600227baa / 0x0107baa: 00 != 44
5eb8.4080:   00007ff600227bab / 0x0107bab: 00 != 44
5eb8.4080:   00007ff600227bac / 0x0107bac: 00 != 49
5eb8.4080:   00007ff600227bad / 0x0107bad: 00 != 4e
5eb8.4080:   00007ff600227bae / 0x0107bae: 00 != 47
5eb8.4080:   00007ff600227baf / 0x0107baf: 00 != 58
5eb8.4080:   00007ff600227bb0 / 0x0107bb0: 00 != 58
5eb8.4080:   00007ff600227bb1 / 0x0107bb1: 00 != 50
5eb8.4080:   00007ff600227bb2 / 0x0107bb2: 00 != 41
5eb8.4080:   00007ff600227bb3 / 0x0107bb3: 00 != 44
5eb8.4080:   00007ff600227bb4 / 0x0107bb4: 00 != 44
5eb8.4080:   00007ff600227bb5 / 0x0107bb5: 00 != 49
5eb8.4080:   00007ff600227bb6 / 0x0107bb6: 00 != 4e
5eb8.4080:   00007ff600227bb7 / 0x0107bb7: 00 != 47
5eb8.4080:   00007ff600227bb8 / 0x0107bb8: 00 != 50
5eb8.4080:   00007ff600227bb9 / 0x0107bb9: 00 != 41
5eb8.4080:   00007ff600227bba / 0x0107bba: 00 != 44
5eb8.4080:   00007ff600227bbb / 0x0107bbb: 00 != 44
5eb8.4080:   00007ff600227bbc / 0x0107bbc: 00 != 49
5eb8.4080:   00007ff600227bbd / 0x0107bbd: 00 != 4e
5eb8.4080:   00007ff600227bbe / 0x0107bbe: 00 != 47
5eb8.4080:   00007ff600227bbf / 0x0107bbf: 00 != 58
5eb8.4080:   00007ff600227bc0 / 0x0107bc0: 00 != 58
5eb8.4080:   00007ff600227bc1 / 0x0107bc1: 00 != 50
5eb8.4080:   00007ff600227bc2 / 0x0107bc2: 00 != 41
5eb8.4080:   00007ff600227bc3 / 0x0107bc3: 00 != 44
5eb8.4080:   00007ff600227bc4 / 0x0107bc4: 00 != 44
5eb8.4080:   00007ff600227bc5 / 0x0107bc5: 00 != 49
5eb8.4080:   00007ff600227bc6 / 0x0107bc6: 00 != 4e
5eb8.4080:   00007ff600227bc7 / 0x0107bc7: 00 != 47
5eb8.4080:   00007ff600227bc8 / 0x0107bc8: 00 != 50
5eb8.4080:   00007ff600227bc9 / 0x0107bc9: 00 != 41
5eb8.4080:   00007ff600227bca / 0x0107bca: 00 != 44
5eb8.4080:   00007ff600227bcb / 0x0107bcb: 00 != 44
5eb8.4080:   00007ff600227bcc / 0x0107bcc: 00 != 49
5eb8.4080:   00007ff600227bcd / 0x0107bcd: 00 != 4e
5eb8.4080:   00007ff600227bce / 0x0107bce: 00 != 47
5eb8.4080:   00007ff600227bcf / 0x0107bcf: 00 != 58
5eb8.4080:   00007ff600227bd0 / 0x0107bd0: 00 != 58
5eb8.4080:   00007ff600227bd1 / 0x0107bd1: 00 != 50
5eb8.4080:   00007ff600227bd2 / 0x0107bd2: 00 != 41
5eb8.4080:   00007ff600227bd3 / 0x0107bd3: 00 != 44
5eb8.4080:   00007ff600227bd4 / 0x0107bd4: 00 != 44
5eb8.4080:   00007ff600227bd5 / 0x0107bd5: 00 != 49
5eb8.4080:   00007ff600227bd6 / 0x0107bd6: 00 != 4e
5eb8.4080:   00007ff600227bd7 / 0x0107bd7: 00 != 47
5eb8.4080:   00007ff600227bd8 / 0x0107bd8: 00 != 50
5eb8.4080:   00007ff600227bd9 / 0x0107bd9: 00 != 41
5eb8.4080:   00007ff600227bda / 0x0107bda: 00 != 44
5eb8.4080:   00007ff600227bdb / 0x0107bdb: 00 != 44
5eb8.4080:   00007ff600227bdc / 0x0107bdc: 00 != 49
5eb8.4080:   00007ff600227bdd / 0x0107bdd: 00 != 4e
5eb8.4080:   00007ff600227bde / 0x0107bde: 00 != 47
5eb8.4080:   00007ff600227bdf / 0x0107bdf: 00 != 58
5eb8.4080:   00007ff600227be0 / 0x0107be0: 00 != 58
5eb8.4080:   00007ff600227be1 / 0x0107be1: 00 != 50
5eb8.4080:   00007ff600227be2 / 0x0107be2: 00 != 41
5eb8.4080:   00007ff600227be3 / 0x0107be3: 00 != 44
5eb8.4080:   00007ff600227be4 / 0x0107be4: 00 != 44
5eb8.4080:   00007ff600227be5 / 0x0107be5: 00 != 49
5eb8.4080:   00007ff600227be6 / 0x0107be6: 00 != 4e
5eb8.4080:   00007ff600227be7 / 0x0107be7: 00 != 47
5eb8.4080:   00007ff600227be8 / 0x0107be8: 00 != 50
5eb8.4080:   00007ff600227be9 / 0x0107be9: 00 != 41
5eb8.4080:   00007ff600227bea / 0x0107bea: 00 != 44
5eb8.4080:   00007ff600227beb / 0x0107beb: 00 != 44
5eb8.4080:   00007ff600227bec / 0x0107bec: 00 != 49
5eb8.4080:   00007ff600227bed / 0x0107bed: 00 != 4e
5eb8.4080:   00007ff600227bee / 0x0107bee: 00 != 47
5eb8.4080:   00007ff600227bef / 0x0107bef: 00 != 58
5eb8.4080:   00007ff600227bf0 / 0x0107bf0: 00 != 58
5eb8.4080:   00007ff600227bf1 / 0x0107bf1: 00 != 50
5eb8.4080:   00007ff600227bf2 / 0x0107bf2: 00 != 41
5eb8.4080:   00007ff600227bf3 / 0x0107bf3: 00 != 44
5eb8.4080:   00007ff600227bf4 / 0x0107bf4: 00 != 44
5eb8.4080:   00007ff600227bf5 / 0x0107bf5: 00 != 49
5eb8.4080:   00007ff600227bf6 / 0x0107bf6: 00 != 4e
5eb8.4080:   00007ff600227bf7 / 0x0107bf7: 00 != 47
5eb8.4080:   00007ff600227bf8 / 0x0107bf8: 00 != 50
5eb8.4080:   00007ff600227bf9 / 0x0107bf9: 00 != 41
5eb8.4080:   00007ff600227bfa / 0x0107bfa: 00 != 44
5eb8.4080:   00007ff600227bfb / 0x0107bfb: 00 != 44
5eb8.4080:   00007ff600227bfc / 0x0107bfc: 00 != 49
5eb8.4080:   00007ff600227bfd / 0x0107bfd: 00 != 4e
5eb8.4080:   00007ff600227bfe / 0x0107bfe: 00 != 47
5eb8.4080:   00007ff600227bff / 0x0107bff: 00 != 58
5eb8.4080:   Restored 0x4d8 bytes of original file content at 00007ff600227b28
5eb8.4080: supR3HardNtChildPurify: cFixes=1 g_fSupAdversaries=0x80000000
5eb8.4080: supR3HardNtChildPurify: Startup delay kludge #1/1: 523 ms, 33 sleeps
5eb8.4080: supHardNtVpScanVirtualMemory: enmKind=CHILD_PURIFICATION
5eb8.4080:  *0000000000000000-000000007ffdffff 0x0001/0x0000 0x0000000
5eb8.4080:  *000000007ffe0000-000000007ffe0fff 0x0002/0x0002 0x0020000
5eb8.4080:   000000007ffe1000-000000007ffe1fff 0x0001/0x0000 0x0000000
5eb8.4080:  *000000007ffe2000-000000007ffe2fff 0x0002/0x0002 0x0020000
5eb8.4080:   000000007ffe3000-000000e45408ffff 0x0001/0x0000 0x0000000
5eb8.4080:  *000000e454090000-000000e45418afff 0x0000/0x0004 0x0020000
5eb8.4080:   000000e45418b000-000000e45418dfff 0x0104/0x0004 0x0020000
5eb8.4080:   000000e45418e000-000000e45418ffff 0x0004/0x0004 0x0020000
5eb8.4080:   000000e454190000-000000e4541fffff 0x0001/0x0000 0x0000000
5eb8.4080:  *000000e454200000-000000e454358fff 0x0000/0x0004 0x0020000
5eb8.4080:   000000e454359000-000000e45435bfff 0x0004/0x0004 0x0020000
5eb8.4080:   000000e45435c000-000000e4543fffff 0x0000/0x0004 0x0020000
5eb8.4080:   000000e454400000-00000282349affff 0x0001/0x0000 0x0000000
5eb8.4080:  *00000282349b0000-00000282349cffff 0x0004/0x0004 0x0020000
5eb8.4080:  *00000282349d0000-00000282349ecfff 0x0002/0x0002 0x0040000
5eb8.4080:   00000282349ed000-00000282349effff 0x0001/0x0000 0x0000000
5eb8.4080:  *00000282349f0000-00000282349f3fff 0x0002/0x0002 0x0040000
5eb8.4080:   00000282349f4000-00000282349fffff 0x0001/0x0000 0x0000000
5eb8.4080:  *0000028234a00000-0000028234a00fff 0x0002/0x0002 0x0040000
5eb8.4080:   0000028234a01000-0000028234a0ffff 0x0001/0x0000 0x0000000
5eb8.4080:  *0000028234a10000-0000028234a11fff 0x0004/0x0004 0x0020000
5eb8.4080:   0000028234a12000-00007df5c02dffff 0x0001/0x0000 0x0000000
5eb8.4080:  *00007df5c02e0000-00007df5c02e0fff 0x0002/0x0002 0x0040000
5eb8.4080:   00007df5c02e1000-00007df5c02effff 0x0001/0x0000 0x0000000
5eb8.4080:  *00007df5c02f0000-00007df5c0312fff 0x0002/0x0002 0x0040000
5eb8.4080:   00007df5c0313000-00007df5c031ffff 0x0001/0x0000 0x0000000
5eb8.4080:  *00007df5c0320000-00007df5c1f53fff 0x0000/0x0001 0x0040000
5eb8.4080:   00007df5c1f54000-00007df5c2029fff 0x0001/0x0001 0x0040000
5eb8.4080:   00007df5c202a000-00007df5c20fbfff 0x0000/0x0001 0x0040000
5eb8.4080:   00007df5c20fc000-00007df5c20fcfff 0x0001/0x0001 0x0040000
5eb8.4080:   00007df5c20fd000-00007ff598323fff 0x0000/0x0001 0x0040000
5eb8.4080:   00007ff598324000-00007ff598328fff 0x0002/0x0001 0x0040000
5eb8.4080:   00007ff598329000-00007ff5a85fdfff 0x0000/0x0001 0x0040000
5eb8.4080:   00007ff5a85fe000-00007ff5abbb5fff 0x0001/0x0001 0x0040000
5eb8.4080:   00007ff5abbb6000-00007ff5abbbefff 0x0002/0x0001 0x0040000
5eb8.4080:   00007ff5abbbf000-00007ff5c031ffff 0x0000/0x0001 0x0040000
5eb8.4080:   00007ff5c0320000-00007ff60011ffff 0x0001/0x0000 0x0000000
5eb8.4080:  *00007ff600120000-00007ff600120fff 0x0002/0x0080 0x1000000  \Device\HarddiskVolume2\Program Files\Oracle\VirtualBox\VirtualBoxVM.exe
5eb8.4080:   00007ff600121000-00007ff60018bfff 0x0020/0x0080 0x1000000  \Device\HarddiskVolume2\Program Files\Oracle\VirtualBox\VirtualBoxVM.exe
5eb8.4080:   00007ff60018c000-00007ff60018cfff 0x0040/0x0080 0x1000000  \Device\HarddiskVolume2\Program Files\Oracle\VirtualBox\VirtualBoxVM.exe
5eb8.4080:   00007ff60018d000-00007ff6001e1fff 0x0002/0x0080 0x1000000  \Device\HarddiskVolume2\Program Files\Oracle\VirtualBox\VirtualBoxVM.exe
5eb8.4080:   00007ff6001e2000-00007ff6001eefff 0x0004/0x0080 0x1000000  \Device\HarddiskVolume2\Program Files\Oracle\VirtualBox\VirtualBoxVM.exe
5eb8.4080:   00007ff6001ef000-00007ff600229fff 0x0002/0x0080 0x1000000  \Device\HarddiskVolume2\Program Files\Oracle\VirtualBox\VirtualBoxVM.exe
5eb8.4080:   00007ff60022a000-00007ffae25affff 0x0001/0x0000 0x0000000
5eb8.4080:  *00007ffae25b0000-00007ffae25b0fff 0x0002/0x0080 0x1000000  \Device\HarddiskVolume2\Windows\System32\ntdll.dll
5eb8.4080:   00007ffae25b1000-00007ffae26ccfff 0x0020/0x0080 0x1000000  \Device\HarddiskVolume2\Windows\System32\ntdll.dll
5eb8.4080:   00007ffae26cd000-00007ffae2715fff 0x0002/0x0080 0x1000000  \Device\HarddiskVolume2\Windows\System32\ntdll.dll
5eb8.4080:   00007ffae2716000-00007ffae2719fff 0x0008/0x0080 0x1000000  \Device\HarddiskVolume2\Windows\System32\ntdll.dll
5eb8.4080:   00007ffae271a000-00007ffae2721fff 0x0004/0x0080 0x1000000  \Device\HarddiskVolume2\Windows\System32\ntdll.dll
5eb8.4080:   00007ffae2722000-00007ffae2730fff 0x0002/0x0080 0x1000000  \Device\HarddiskVolume2\Windows\System32\ntdll.dll
5eb8.4080:   00007ffae2731000-00007ffae2731fff 0x0004/0x0080 0x1000000  \Device\HarddiskVolume2\Windows\System32\ntdll.dll
5eb8.4080:   00007ffae2732000-00007ffae2734fff 0x0008/0x0080 0x1000000  \Device\HarddiskVolume2\Windows\System32\ntdll.dll
5eb8.4080:   00007ffae2735000-00007ffae27a7fff 0x0002/0x0080 0x1000000  \Device\HarddiskVolume2\Windows\System32\ntdll.dll
5eb8.4080:   00007ffae27a8000-00007ffffffeffff 0x0001/0x0000 0x0000000
5eb8.4080: supR3HardNtChildPurify: Done after 788 ms and 1 fixes (loop #1).
6040.5c80: supR3HardenedVmProcessInit: uNtDllAddr=00007ffae25b0000 g_uNtVerCombined=0xa04a6500 (stack ~000000e45418e640)
6040.5c80: ntdll.dll: timestamp 0x7ec9c15d (rc=VINF_SUCCESS)
6040.5c80: New simple heap: #1 0000028234b20000 LB 0x400000 (for 2064384 allocation)
5eb8.4080: supR3HardNtEnableThreadCreationEx:
6040.5c80: supR3HardenedWinInitAppBin(0x0): '\Device\HarddiskVolume2\Program Files\Oracle\VirtualBox'
6040.5c80: System32:  \Device\HarddiskVolume2\Windows\System32
6040.5c80: WinSxS:    \Device\HarddiskVolume2\Windows\WinSxS
6040.5c80: KnownDllPath: C:\WINDOWS\System32
6040.5c80: supR3HardenedVmProcessInit: Opening vboxsup stub...
6040.5c80: supR3HardenedVmProcessInit: Restoring LdrInitializeThunk...
6040.5c80: supR3HardenedVmProcessInit: Returning to LdrInitializeThunk...
6040.5c80: Registered Dll notification callback with NTDLL.
6040.5c80: supHardenedWinVerifyImageByHandle: -> 0 (\Device\HarddiskVolume2\Windows\System32\kernel32.dll)
6040.5c80: supR3HardenedWinVerifyCacheInsert: \Device\HarddiskVolume2\Windows\System32\kernel32.dll
6040.5c80: supR3HardenedMonitor_LdrLoadDll: pName=C:\WINDOWS\System32\KERNEL32.DLL (Input=KERNEL32.DLL, rcNtResolve=0xc0150008) *pfFlags=0xffffffff pwszSearchPath=0000000000004001:<flags> [calling]
6040.5c80: supR3HardenedDllNotificationCallback: load   00007ffae01d0000 LB 0x002f6000 C:\WINDOWS\System32\KERNELBASE.dll [fFlags=0x0]
6040.5c80: supHardenedWinVerifyImageByHandle: -> 0 (\Device\HarddiskVolume2\Windows\System32\KernelBase.dll)
6040.5c80: supR3HardenedWinVerifyCacheInsert: \Device\HarddiskVolume2\Windows\System32\KernelBase.dll
6040.5c80: supR3HardenedDllNotificationCallback: load   00007ffae0fd0000 LB 0x000c2000 C:\WINDOWS\System32\KERNEL32.DLL [fFlags=0x0]
6040.5c80: supR3HardenedScreenImage/LdrLoadDll: cache hit (VINF_SUCCESS) on \Device\HarddiskVolume2\Windows\System32\kernel32.dll [lacks WinVerifyTrust]
6040.5c80: supR3HardenedMonitor_LdrLoadDll: returns rcNt=0x0 hMod=00007ffae0fd0000 'C:\WINDOWS\System32\KERNEL32.DLL'
6040.5c80: supR3HardenedDllNotificationCallback: load   00007ff600120000 LB 0x0010a000 C:\Program Files\Oracle\VirtualBox\VirtualBoxVM.exe [fFlags=0x0]
6040.5c80: '\Device\HarddiskVolume2\Program Files\Oracle\VirtualBox\VirtualBoxVM.exe' has no imports
6040.5c80: supHardenedWinVerifyImageByHandle: -> 0 (\Device\HarddiskVolume2\Program Files\Oracle\VirtualBox\VirtualBoxVM.exe)
6040.5c80: supR3HardenedWinVerifyCacheInsert: \Device\HarddiskVolume2\Program Files\Oracle\VirtualBox\VirtualBoxVM.exe
6040.5c80: supR3HardNtDisableThreadCreation: pvLdrInitThunk=00007ffae2625c10 pvNtTerminateThread=00007ffae264dff0
5eb8.4080: supR3HardNtChildWaitFor: Found expected request 1 (CloseEvents) after 62 ms.
6040.5c80: \SystemRoot\System32\ntdll.dll:
6040.5c80:     CreationTime:    2025-10-15T16:03:13.723022300Z
6040.5c80:     LastWriteTime:   2025-10-15T16:03:13.769899800Z
6040.5c80:     ChangeTime:      2025-11-12T18:07:58.964841900Z
6040.5c80:     FileAttributes:  0x20
6040.5c80:     Size:            0x1ef7b8
6040.5c80:     NT Headers:      0xe8
6040.5c80:     Timestamp:       0x7ec9c15d
6040.5c80:     Machine:         0x8664 - amd64
6040.5c80:     Timestamp:       0x7ec9c15d
6040.5c80:     Image Version:   10.0
6040.5c80:     SizeOfImage:     0x1f8000 (2064384)
6040.5c80:     Resource Dir:    0x186000 LB 0x70508
6040.5c80:     [Version info resource found at 0xd8! (ID/Name: 0x1; SubID/SubName: 0x409)]
6040.5c80:     [Raw version resource data: 0x1860f0 LB 0x380, codepage 0x0 (reserved 0x0)]
6040.5c80:     ProductName:     Microsoft® Windows® Operating System
6040.5c80:     ProductVersion:  10.0.19041.6456
6040.5c80:     FileVersion:     10.0.19041.6456 (WinBuild.160101.0800)
6040.5c80:     FileDescription: NT Layer DLL
6040.5c80: \SystemRoot\System32\kernel32.dll:
6040.5c80:     CreationTime:    2025-06-11T15:57:31.787839600Z
6040.5c80:     LastWriteTime:   2025-06-11T15:57:31.851072200Z
6040.5c80:     ChangeTime:      2025-11-12T18:07:59.025000800Z
6040.5c80:     FileAttributes:  0x20
6040.5c80:     Size:            0xbf568
6040.5c80:     NT Headers:      0xf8
6040.5c80:     Timestamp:       0xeee0fc1a
6040.5c80:     Machine:         0x8664 - amd64
6040.5c80:     Timestamp:       0xeee0fc1a
6040.5c80:     Image Version:   10.0
6040.5c80:     SizeOfImage:     0xc2000 (794624)
6040.5c80:     Resource Dir:    0xc0000 LB 0x520
6040.5c80:     [Version info resource found at 0x90! (ID/Name: 0x1; SubID/SubName: 0x409)]
6040.5c80:     [Raw version resource data: 0xc00b0 LB 0x3a4, codepage 0x0 (reserved 0x0)]
6040.5c80:     ProductName:     Microsoft® Windows® Operating System
6040.5c80:     ProductVersion:  10.0.19041.5915
6040.5c80:     FileVersion:     10.0.19041.5915 (WinBuild.160101.0800)
6040.5c80:     FileDescription: Windows NT BASE API Client DLL
6040.5c80: \SystemRoot\System32\KernelBase.dll:
6040.5c80:     CreationTime:    2025-09-10T15:20:32.089000500Z
6040.5c80:     LastWriteTime:   2025-09-10T15:20:32.214009200Z
6040.5c80:     ChangeTime:      2025-11-12T18:07:58.963842000Z
6040.5c80:     FileAttributes:  0x20
6040.5c80:     Size:            0x2f7a40
6040.5c80:     NT Headers:      0x100
6040.5c80:     Timestamp:       0x56511854
6040.5c80:     Machine:         0x8664 - amd64
6040.5c80:     Timestamp:       0x56511854
6040.5c80:     Image Version:   10.0
6040.5c80:     SizeOfImage:     0x2f6000 (3104768)
6040.5c80:     Resource Dir:    0x2cc000 LB 0x548
6040.5c80:     [Version info resource found at 0x90! (ID/Name: 0x1; SubID/SubName: 0x409)]
6040.5c80:     [Raw version resource data: 0x2cc0b0 LB 0x3bc, codepage 0x0 (reserved 0x0)]
6040.5c80:     ProductName:     Microsoft® Windows® Operating System
6040.5c80:     ProductVersion:  10.0.19041.6280
6040.5c80:     FileVersion:     10.0.19041.6280 (WinBuild.160101.0800)
6040.5c80:     FileDescription: Windows NT BASE API Client DLL
6040.5c80: \SystemRoot\System32\apisetschema.dll:
6040.5c80:     CreationTime:    2025-06-11T15:56:55.222150700Z
6040.5c80:     LastWriteTime:   2025-06-11T15:56:55.227456500Z
6040.5c80:     ChangeTime:      2025-11-12T18:07:58.915969100Z
6040.5c80:     FileAttributes:  0x20
6040.5c80:     Size:            0x1f9c8
6040.5c80:     NT Headers:      0xd0
6040.5c80:     Timestamp:       0x85f6b378
6040.5c80:     Machine:         0x8664 - amd64
6040.5c80:     Timestamp:       0x85f6b378
6040.5c80:     Image Version:   10.0
6040.5c80:     SizeOfImage:     0x20000 (131072)
6040.5c80:     Resource Dir:    0x1f000 LB 0x408
6040.5c80:     [Version info resource found at 0x48! (ID/Name: 0x1; SubID/SubName: 0x409)]
6040.5c80:     [Raw version resource data: 0x1f060 LB 0x3a8, codepage 0x0 (reserved 0x0)]
6040.5c80:     ProductName:     Microsoft® Windows® Operating System
6040.5c80:     ProductVersion:  10.0.19041.5915
6040.5c80:     FileVersion:     10.0.19041.5915 (WinBuild.160101.0800)
6040.5c80:     FileDescription: ApiSet Schema DLL
6040.5c80: NtOpenDirectoryObject failed on \Driver: 0xc0000022
6040.5c80: supR3HardenedWinFindAdversaries: 0x0
6040.5c80: supR3HardenedWinInitAppBin(0x0): '\Device\HarddiskVolume2\Program Files\Oracle\VirtualBox'
6040.5c80: Calling main()
6040.5c80: SUPR3HardenedMain: pszProgName=VirtualBoxVM fFlags=0x2
6040.5c80: supR3HardenedWinInitAppBin(0x2): '\Device\HarddiskVolume2\Program Files\Oracle\VirtualBox'
6040.5c80: '\Device\HarddiskVolume2\Program Files\Oracle\VirtualBox\VirtualBoxVM.exe' has no imports
6040.5c80: supHardenedWinVerifyImageByHandle: -> 0 (\Device\HarddiskVolume2\Program Files\Oracle\VirtualBox\VirtualBoxVM.exe)
6040.5c80: SUPR3HardenedMain: Respawn #2
6040.5c80: supR3HardNtEnableThreadCreationEx:
6040.5c80: supR3HardenedDllNotificationCallback: load   00007ffae08f0000 LB 0x00120000 C:\WINDOWS\System32\RPCRT4.dll [fFlags=0x0]
6040.5c80: supHardenedWinVerifyImageByHandle: -> 0 (\Device\HarddiskVolume2\Windows\System32\rpcrt4.dll)
6040.5c80: supR3HardenedWinVerifyCacheInsert: \Device\HarddiskVolume2\Windows\System32\rpcrt4.dll
6040.5c80: supR3HardenedDllNotificationCallback: load   00007ffadffb0000 LB 0x00027000 C:\WINDOWS\System32\bcrypt.dll [fFlags=0x0]
6040.5c80: supHardenedWinVerifyImageByHandle: -> 0 (\Device\HarddiskVolume2\Windows\System32\bcrypt.dll)
6040.5c80: supR3HardenedWinVerifyCacheInsert: \Device\HarddiskVolume2\Windows\System32\bcrypt.dll
6040.5c80: supR3HardenedDllNotificationCallback: load   00007ffae0d80000 LB 0x0009f000 C:\WINDOWS\System32\sechost.dll [fFlags=0x0]
6040.5c80: supR3HardenedWinVerifyCacheScheduleImports: Import todo: #11 'rpcrt4.dll'.
6040.5c80: supR3HardenedWinVerifyCacheScheduleImports: Import todo: #24 'bcrypt.dll'.
6040.5c80: supHardenedWinVerifyImageByHandle: -> 0 (\Device\HarddiskVolume2\Windows\System32\sechost.dll)
6040.5c80: supR3HardenedWinVerifyCacheInsert: \Device\HarddiskVolume2\Windows\System32\sechost.dll
6040.5c80: '\Device\HarddiskVolume2\Windows\System32\ntdll.dll' has no imports
6040.5c80: supHardenedWinVerifyImageByHandle: -> 0 (\Device\HarddiskVolume2\Windows\System32\ntdll.dll)
6040.5c80: supR3HardenedWinVerifyCacheInsert: \Device\HarddiskVolume2\Windows\System32\ntdll.dll
6040.5c80: supR3HardenedWinVerifyCacheProcessImportTodos: Processing 'bcrypt.dll'...
6040.5c80: supR3HardenedWinVerifyCacheProcessImportTodos: 'bcrypt.dll' -> '\Device\HarddiskVolume2\Windows\System32\bcrypt.dll' [rcNtRedir=0xc0150008]
6040.5c80: supR3HardenedScreenImage/Imports: cache hit (VINF_SUCCESS) on \Device\HarddiskVolume2\Windows\System32\bcrypt.dll [lacks WinVerifyTrust]
6040.5c80: supR3HardenedWinVerifyCacheProcessImportTodos: Processing 'rpcrt4.dll'...
6040.5c80: supR3HardenedWinVerifyCacheProcessImportTodos: 'rpcrt4.dll' -> '\Device\HarddiskVolume2\Windows\System32\rpcrt4.dll' [rcNtRedir=0xc0150008]
6040.5c80: supR3HardenedScreenImage/Imports: cache hit (VINF_SUCCESS) on \Device\HarddiskVolume2\Windows\System32\rpcrt4.dll [lacks WinVerifyTrust]
6040.5c80: supR3HardenedMonitor_LdrLoadDll: pName=C:\WINDOWS\System32\ntdll.dll (Input=ntdll.dll, rcNtResolve=0xc0150008) *pfFlags=0x0 pwszSearchPath=0000000000000801:<flags> [calling]
6040.5c80: supR3HardenedMonitor_LdrLoadDll: returns rcNt=0x0 hMod=00007ffae25b0000 'C:\WINDOWS\System32\ntdll.dll'
6040.5c80: supR3HardNtDisableThreadCreation: pvLdrInitThunk=00007ffae2625c10 pvNtTerminateThread=00007ffae264dff0
6040.5c80: supR3HardenedWinDoReSpawn(2): New child 62c4.84c [kernel32].
6040.5c80: supR3HardenedWinReSpawn: NtSetInformationThread/ThreadHideFromDebugger failed: 0xc0000022 (harmless)
6040.5c80: supR3HardNtChildGatherData: PebBaseAddress=000000a0623d9000 cbPeb=0x388
6040.5c80: supR3HardNtPuChFindNtdll: uNtDllParentAddr=00007ffae25b0000 uNtDllChildAddr=00007ffae25b0000
6040.5c80: supR3HardenedWinSetupChildInit: uLdrInitThunk=00007ffae2625c10
6040.5c80: supR3HardenedWinSetupChildInit: Initial context:
  rax=0000000000000000 rbx=0000000000000000 rcx=00007ff60012b850 rdx=000000a0623d9000
  rsi=0000000000000000 rdi=0000000000000000 r8 =0000000000000000 r9 =0000000000000000
  r10=0000000000000000 r11=0000000000000000 r12=0000000000000000 r13=0000000000000000
  r14=0000000000000000 r15=0000000000000000  P1=0000000000000000  P2=0000000000000000
  rip=00007ffae25fcc70 rsp=000000a0621efe28 rbp=0000000000000000    ctxflags=0010001b
  cs=0033 ss=002b ds=0000 es=0000 fs=0000 gs=0000    eflags=00000200   mxcrx=00001f80
   P3=0000000000000000  P4=0000000000000000  P5=0000000000000000  P6=0000000000000000
  dr0=0000000000000000 dr1=0000000000000000 dr2=0000000000000000 dr3=0000000000000000
  dr6=0000000000000000 dr7=0000000000000000 vcr=0000000000000000 dcr=0000000000000000
  lbt=0000000000000000 lbf=0000000000000000 lxt=0000000000000000 lxf=0000000000000000
6040.5c80: kernel32.dll: timestamp 0xeee0fc1a (rc=VINF_SUCCESS)
6040.5c80: supR3HardenedWinSetupChildInit: Start child.
6040.5c80: supR3HardNtChildWaitFor: Found expected request 0 (PurifyChildAndCloseHandles) after 0 ms.
6040.5c80: supR3HardNtChildPurify: Startup delay kludge #1/0: 261 ms, 16 sleeps
6040.5c80: supHardNtVpScanVirtualMemory: enmKind=CHILD_PURIFICATION
6040.5c80:  *0000000000000000-000000007ffdffff 0x0001/0x0000 0x0000000
6040.5c80:  *000000007ffe0000-000000007ffe0fff 0x0002/0x0002 0x0020000
6040.5c80:   000000007ffe1000-000000007ffe1fff 0x0001/0x0000 0x0000000
6040.5c80:  *000000007ffe2000-000000007ffe2fff 0x0002/0x0002 0x0020000
6040.5c80:   000000007ffe3000-000000a0620effff 0x0001/0x0000 0x0000000
6040.5c80:  *000000a0620f0000-000000a0621eafff 0x0000/0x0004 0x0020000
6040.5c80:   000000a0621eb000-000000a0621edfff 0x0104/0x0004 0x0020000
6040.5c80:   000000a0621ee000-000000a0621effff 0x0004/0x0004 0x0020000
6040.5c80:   000000a0621f0000-000000a0621fffff 0x0001/0x0000 0x0000000
6040.5c80:  *000000a062200000-000000a0623d8fff 0x0000/0x0004 0x0020000
6040.5c80:   000000a0623d9000-000000a0623dbfff 0x0004/0x0004 0x0020000
6040.5c80:   000000a0623dc000-000000a0623fffff 0x0000/0x0004 0x0020000
6040.5c80:   000000a062400000-000002185ba3ffff 0x0001/0x0000 0x0000000
6040.5c80:  *000002185ba40000-000002185ba5ffff 0x0004/0x0004 0x0020000
6040.5c80:  *000002185ba60000-000002185ba7cfff 0x0002/0x0002 0x0040000
6040.5c80:   000002185ba7d000-000002185ba7ffff 0x0001/0x0000 0x0000000
6040.5c80:  *000002185ba80000-000002185ba83fff 0x0002/0x0002 0x0040000
6040.5c80:   000002185ba84000-000002185ba8ffff 0x0001/0x0000 0x0000000
6040.5c80:  *000002185ba90000-000002185ba90fff 0x0002/0x0002 0x0040000
6040.5c80:   000002185ba91000-000002185ba9ffff 0x0001/0x0000 0x0000000
6040.5c80:  *000002185baa0000-000002185baa1fff 0x0004/0x0004 0x0020000
6040.5c80:   000002185baa2000-00007df5e0a1ffff 0x0001/0x0000 0x0000000
6040.5c80:  *00007df5e0a20000-00007df5e0a20fff 0x0002/0x0002 0x0040000
6040.5c80:   00007df5e0a21000-00007df5e0a2ffff 0x0001/0x0000 0x0000000
6040.5c80:  *00007df5e0a30000-00007df5e0a52fff 0x0002/0x0002 0x0040000
6040.5c80:   00007df5e0a53000-00007df5e0a5ffff 0x0001/0x0000 0x0000000
6040.5c80:  *00007df5e0a60000-00007df5e2693fff 0x0000/0x0001 0x0040000
6040.5c80:   00007df5e2694000-00007df5e2769fff 0x0001/0x0001 0x0040000
6040.5c80:   00007df5e276a000-00007df5e283bfff 0x0000/0x0001 0x0040000
6040.5c80:   00007df5e283c000-00007df5e283cfff 0x0001/0x0001 0x0040000
6040.5c80:   00007df5e283d000-00007ff5b8a63fff 0x0000/0x0001 0x0040000
6040.5c80:   00007ff5b8a64000-00007ff5b8a68fff 0x0002/0x0001 0x0040000
6040.5c80:   00007ff5b8a69000-00007ff5c8d3dfff 0x0000/0x0001 0x0040000
6040.5c80:   00007ff5c8d3e000-00007ff5cc2f5fff 0x0001/0x0001 0x0040000
6040.5c80:   00007ff5cc2f6000-00007ff5cc2fefff 0x0002/0x0001 0x0040000
6040.5c80:   00007ff5cc2ff000-00007ff5e0a5ffff 0x0000/0x0001 0x0040000
6040.5c80:   00007ff5e0a60000-00007ff60011ffff 0x0001/0x0000 0x0000000
6040.5c80:  *00007ff600120000-00007ff600120fff 0x0002/0x0080 0x1000000  \Device\HarddiskVolume2\Program Files\Oracle\VirtualBox\VirtualBoxVM.exe
6040.5c80:   00007ff600121000-00007ff60018bfff 0x0020/0x0080 0x1000000  \Device\HarddiskVolume2\Program Files\Oracle\VirtualBox\VirtualBoxVM.exe
6040.5c80:   00007ff60018c000-00007ff60018cfff 0x0080/0x0080 0x1000000  \Device\HarddiskVolume2\Program Files\Oracle\VirtualBox\VirtualBoxVM.exe
6040.5c80:   00007ff60018d000-00007ff6001e1fff 0x0002/0x0080 0x1000000  \Device\HarddiskVolume2\Program Files\Oracle\VirtualBox\VirtualBoxVM.exe
6040.5c80:   00007ff6001e2000-00007ff6001e2fff 0x0004/0x0080 0x1000000  \Device\HarddiskVolume2\Program Files\Oracle\VirtualBox\VirtualBoxVM.exe
6040.5c80:   00007ff6001e3000-00007ff6001e3fff 0x0008/0x0080 0x1000000  \Device\HarddiskVolume2\Program Files\Oracle\VirtualBox\VirtualBoxVM.exe
6040.5c80:   00007ff6001e4000-00007ff6001e8fff 0x0004/0x0080 0x1000000  \Device\HarddiskVolume2\Program Files\Oracle\VirtualBox\VirtualBoxVM.exe
6040.5c80:   00007ff6001e9000-00007ff6001eefff 0x0008/0x0080 0x1000000  \Device\HarddiskVolume2\Program Files\Oracle\VirtualBox\VirtualBoxVM.exe
6040.5c80:   00007ff6001ef000-00007ff600229fff 0x0002/0x0080 0x1000000  \Device\HarddiskVolume2\Program Files\Oracle\VirtualBox\VirtualBoxVM.exe
6040.5c80:   00007ff60022a000-00007ffae25affff 0x0001/0x0000 0x0000000
6040.5c80:  *00007ffae25b0000-00007ffae25b0fff 0x0002/0x0080 0x1000000  \Device\HarddiskVolume2\Windows\System32\ntdll.dll
6040.5c80:   00007ffae25b1000-00007ffae26ccfff 0x0020/0x0080 0x1000000  \Device\HarddiskVolume2\Windows\System32\ntdll.dll
6040.5c80:   00007ffae26cd000-00007ffae2715fff 0x0002/0x0080 0x1000000  \Device\HarddiskVolume2\Windows\System32\ntdll.dll
6040.5c80:   00007ffae2716000-00007ffae2721fff 0x0008/0x0080 0x1000000  \Device\HarddiskVolume2\Windows\System32\ntdll.dll
6040.5c80:   00007ffae2722000-00007ffae2730fff 0x0002/0x0080 0x1000000  \Device\HarddiskVolume2\Windows\System32\ntdll.dll
6040.5c80:   00007ffae2731000-00007ffae2731fff 0x0004/0x0080 0x1000000  \Device\HarddiskVolume2\Windows\System32\ntdll.dll
6040.5c80:   00007ffae2732000-00007ffae2734fff 0x0008/0x0080 0x1000000  \Device\HarddiskVolume2\Windows\System32\ntdll.dll
6040.5c80:   00007ffae2735000-00007ffae27a7fff 0x0002/0x0080 0x1000000  \Device\HarddiskVolume2\Windows\System32\ntdll.dll
6040.5c80:   00007ffae27a8000-00007ffffffeffff 0x0001/0x0000 0x0000000
6040.5c80: VirtualBoxVM.exe: timestamp 0x683ed8b5 (rc=VINF_SUCCESS)
6040.5c80: '\Device\HarddiskVolume2\Program Files\Oracle\VirtualBox\VirtualBoxVM.exe' has no imports
6040.5c80: VirtualBoxVM.exe: Differences in section #8 (.rsrc) between file and memory:
6040.5c80:   00007ff600227b28 / 0x0107b28: 00 != 50
6040.5c80:   00007ff600227b29 / 0x0107b29: 00 != 41
6040.5c80:   00007ff600227b2a / 0x0107b2a: 00 != 44
6040.5c80:   00007ff600227b2b / 0x0107b2b: 00 != 44
6040.5c80:   00007ff600227b2c / 0x0107b2c: 00 != 49
6040.5c80:   00007ff600227b2d / 0x0107b2d: 00 != 4e
6040.5c80:   00007ff600227b2e / 0x0107b2e: 00 != 47
6040.5c80:   00007ff600227b2f / 0x0107b2f: 00 != 58
6040.5c80:   00007ff600227b30 / 0x0107b30: 00 != 58
6040.5c80:   00007ff600227b31 / 0x0107b31: 00 != 50
6040.5c80:   00007ff600227b32 / 0x0107b32: 00 != 41
6040.5c80:   00007ff600227b33 / 0x0107b33: 00 != 44
6040.5c80:   00007ff600227b34 / 0x0107b34: 00 != 44
6040.5c80:   00007ff600227b35 / 0x0107b35: 00 != 49
6040.5c80:   00007ff600227b36 / 0x0107b36: 00 != 4e
6040.5c80:   00007ff600227b37 / 0x0107b37: 00 != 47
6040.5c80:   00007ff600227b38 / 0x0107b38: 00 != 50
6040.5c80:   00007ff600227b39 / 0x0107b39: 00 != 41
6040.5c80:   00007ff600227b3a / 0x0107b3a: 00 != 44
6040.5c80:   00007ff600227b3b / 0x0107b3b: 00 != 44
6040.5c80:   00007ff600227b3c / 0x0107b3c: 00 != 49
6040.5c80:   00007ff600227b3d / 0x0107b3d: 00 != 4e
6040.5c80:   00007ff600227b3e / 0x0107b3e: 00 != 47
6040.5c80:   00007ff600227b3f / 0x0107b3f: 00 != 58
6040.5c80:   00007ff600227b40 / 0x0107b40: 00 != 58
6040.5c80:   00007ff600227b41 / 0x0107b41: 00 != 50
6040.5c80:   00007ff600227b42 / 0x0107b42: 00 != 41
6040.5c80:   00007ff600227b43 / 0x0107b43: 00 != 44
6040.5c80:   00007ff600227b44 / 0x0107b44: 00 != 44
6040.5c80:   00007ff600227b45 / 0x0107b45: 00 != 49
6040.5c80:   00007ff600227b46 / 0x0107b46: 00 != 4e
6040.5c80:   00007ff600227b47 / 0x0107b47: 00 != 47
6040.5c80:   00007ff600227b48 / 0x0107b48: 00 != 50
6040.5c80:   00007ff600227b49 / 0x0107b49: 00 != 41
6040.5c80:   00007ff600227b4a / 0x0107b4a: 00 != 44
6040.5c80:   00007ff600227b4b / 0x0107b4b: 00 != 44
6040.5c80:   00007ff600227b4c / 0x0107b4c: 00 != 49
6040.5c80:   00007ff600227b4d / 0x0107b4d: 00 != 4e
6040.5c80:   00007ff600227b4e / 0x0107b4e: 00 != 47
6040.5c80:   00007ff600227b4f / 0x0107b4f: 00 != 58
6040.5c80:   00007ff600227b50 / 0x0107b50: 00 != 58
6040.5c80:   00007ff600227b51 / 0x0107b51: 00 != 50
6040.5c80:   00007ff600227b52 / 0x0107b52: 00 != 41
6040.5c80:   00007ff600227b53 / 0x0107b53: 00 != 44
6040.5c80:   00007ff600227b54 / 0x0107b54: 00 != 44
6040.5c80:   00007ff600227b55 / 0x0107b55: 00 != 49
6040.5c80:   00007ff600227b56 / 0x0107b56: 00 != 4e
6040.5c80:   00007ff600227b57 / 0x0107b57: 00 != 47
6040.5c80:   00007ff600227b58 / 0x0107b58: 00 != 50
6040.5c80:   00007ff600227b59 / 0x0107b59: 00 != 41
6040.5c80:   00007ff600227b5a / 0x0107b5a: 00 != 44
6040.5c80:   00007ff600227b5b / 0x0107b5b: 00 != 44
6040.5c80:   00007ff600227b5c / 0x0107b5c: 00 != 49
6040.5c80:   00007ff600227b5d / 0x0107b5d: 00 != 4e
6040.5c80:   00007ff600227b5e / 0x0107b5e: 00 != 47
6040.5c80:   00007ff600227b5f / 0x0107b5f: 00 != 58
6040.5c80:   00007ff600227b60 / 0x0107b60: 00 != 58
6040.5c80:   00007ff600227b61 / 0x0107b61: 00 != 50
6040.5c80:   00007ff600227b62 / 0x0107b62: 00 != 41
6040.5c80:   00007ff600227b63 / 0x0107b63: 00 != 44
6040.5c80:   00007ff600227b64 / 0x0107b64: 00 != 44
6040.5c80:   00007ff600227b65 / 0x0107b65: 00 != 49
6040.5c80:   00007ff600227b66 / 0x0107b66: 00 != 4e
6040.5c80:   00007ff600227b67 / 0x0107b67: 00 != 47
6040.5c80:   00007ff600227b68 / 0x0107b68: 00 != 50
6040.5c80:   00007ff600227b69 / 0x0107b69: 00 != 41
6040.5c80:   00007ff600227b6a / 0x0107b6a: 00 != 44
6040.5c80:   00007ff600227b6b / 0x0107b6b: 00 != 44
6040.5c80:   00007ff600227b6c / 0x0107b6c: 00 != 49
6040.5c80:   00007ff600227b6d / 0x0107b6d: 00 != 4e
6040.5c80:   00007ff600227b6e / 0x0107b6e: 00 != 47
6040.5c80:   00007ff600227b6f / 0x0107b6f: 00 != 58
6040.5c80:   00007ff600227b70 / 0x0107b70: 00 != 58
6040.5c80:   00007ff600227b71 / 0x0107b71: 00 != 50
6040.5c80:   00007ff600227b72 / 0x0107b72: 00 != 41
6040.5c80:   00007ff600227b73 / 0x0107b73: 00 != 44
6040.5c80:   00007ff600227b74 / 0x0107b74: 00 != 44
6040.5c80:   00007ff600227b75 / 0x0107b75: 00 != 49
6040.5c80:   00007ff600227b76 / 0x0107b76: 00 != 4e
6040.5c80:   00007ff600227b77 / 0x0107b77: 00 != 47
6040.5c80:   00007ff600227b78 / 0x0107b78: 00 != 50
6040.5c80:   00007ff600227b79 / 0x0107b79: 00 != 41
6040.5c80:   00007ff600227b7a / 0x0107b7a: 00 != 44
6040.5c80:   00007ff600227b7b / 0x0107b7b: 00 != 44
6040.5c80:   00007ff600227b7c / 0x0107b7c: 00 != 49
6040.5c80:   00007ff600227b7d / 0x0107b7d: 00 != 4e
6040.5c80:   00007ff600227b7e / 0x0107b7e: 00 != 47
6040.5c80:   00007ff600227b7f / 0x0107b7f: 00 != 58
6040.5c80:   00007ff600227b80 / 0x0107b80: 00 != 58
6040.5c80:   00007ff600227b81 / 0x0107b81: 00 != 50
6040.5c80:   00007ff600227b82 / 0x0107b82: 00 != 41
6040.5c80:   00007ff600227b83 / 0x0107b83: 00 != 44
6040.5c80:   00007ff600227b84 / 0x0107b84: 00 != 44
6040.5c80:   00007ff600227b85 / 0x0107b85: 00 != 49
6040.5c80:   00007ff600227b86 / 0x0107b86: 00 != 4e
6040.5c80:   00007ff600227b87 / 0x0107b87: 00 != 47
6040.5c80:   00007ff600227b88 / 0x0107b88: 00 != 50
6040.5c80:   00007ff600227b89 / 0x0107b89: 00 != 41
6040.5c80:   00007ff600227b8a / 0x0107b8a: 00 != 44
6040.5c80:   00007ff600227b8b / 0x0107b8b: 00 != 44
6040.5c80:   00007ff600227b8c / 0x0107b8c: 00 != 49
6040.5c80:   00007ff600227b8d / 0x0107b8d: 00 != 4e
6040.5c80:   00007ff600227b8e / 0x0107b8e: 00 != 47
6040.5c80:   00007ff600227b8f / 0x0107b8f: 00 != 58
6040.5c80:   00007ff600227b90 / 0x0107b90: 00 != 58
6040.5c80:   00007ff600227b91 / 0x0107b91: 00 != 50
6040.5c80:   00007ff600227b92 / 0x0107b92: 00 != 41
6040.5c80:   00007ff600227b93 / 0x0107b93: 00 != 44
6040.5c80:   00007ff600227b94 / 0x0107b94: 00 != 44
6040.5c80:   00007ff600227b95 / 0x0107b95: 00 != 49
6040.5c80:   00007ff600227b96 / 0x0107b96: 00 != 4e
6040.5c80:   00007ff600227b97 / 0x0107b97: 00 != 47
6040.5c80:   00007ff600227b98 / 0x0107b98: 00 != 50
6040.5c80:   00007ff600227b99 / 0x0107b99: 00 != 41
6040.5c80:   00007ff600227b9a / 0x0107b9a: 00 != 44
6040.5c80:   00007ff600227b9b / 0x0107b9b: 00 != 44
6040.5c80:   00007ff600227b9c / 0x0107b9c: 00 != 49
6040.5c80:   00007ff600227b9d / 0x0107b9d: 00 != 4e
6040.5c80:   00007ff600227b9e / 0x0107b9e: 00 != 47
6040.5c80:   00007ff600227b9f / 0x0107b9f: 00 != 58
6040.5c80:   00007ff600227ba0 / 0x0107ba0: 00 != 58
6040.5c80:   00007ff600227ba1 / 0x0107ba1: 00 != 50
6040.5c80:   00007ff600227ba2 / 0x0107ba2: 00 != 41
6040.5c80:   00007ff600227ba3 / 0x0107ba3: 00 != 44
6040.5c80:   00007ff600227ba4 / 0x0107ba4: 00 != 44
6040.5c80:   00007ff600227ba5 / 0x0107ba5: 00 != 49
6040.5c80:   00007ff600227ba6 / 0x0107ba6: 00 != 4e
6040.5c80:   00007ff600227ba7 / 0x0107ba7: 00 != 47
6040.5c80:   00007ff600227ba8 / 0x0107ba8: 00 != 50
6040.5c80:   00007ff600227ba9 / 0x0107ba9: 00 != 41
6040.5c80:   00007ff600227baa / 0x0107baa: 00 != 44
6040.5c80:   00007ff600227bab / 0x0107bab: 00 != 44
6040.5c80:   00007ff600227bac / 0x0107bac: 00 != 49
6040.5c80:   00007ff600227bad / 0x0107bad: 00 != 4e
6040.5c80:   00007ff600227bae / 0x0107bae: 00 != 47
6040.5c80:   00007ff600227baf / 0x0107baf: 00 != 58
6040.5c80:   00007ff600227bb0 / 0x0107bb0: 00 != 58
6040.5c80:   00007ff600227bb1 / 0x0107bb1: 00 != 50
6040.5c80:   00007ff600227bb2 / 0x0107bb2: 00 != 41
6040.5c80:   00007ff600227bb3 / 0x0107bb3: 00 != 44
6040.5c80:   00007ff600227bb4 / 0x0107bb4: 00 != 44
6040.5c80:   00007ff600227bb5 / 0x0107bb5: 00 != 49
6040.5c80:   00007ff600227bb6 / 0x0107bb6: 00 != 4e
6040.5c80:   00007ff600227bb7 / 0x0107bb7: 00 != 47
6040.5c80:   00007ff600227bb8 / 0x0107bb8: 00 != 50
6040.5c80:   00007ff600227bb9 / 0x0107bb9: 00 != 41
6040.5c80:   00007ff600227bba / 0x0107bba: 00 != 44
6040.5c80:   00007ff600227bbb / 0x0107bbb: 00 != 44
6040.5c80:   00007ff600227bbc / 0x0107bbc: 00 != 49
6040.5c80:   00007ff600227bbd / 0x0107bbd: 00 != 4e
6040.5c80:   00007ff600227bbe / 0x0107bbe: 00 != 47
6040.5c80:   00007ff600227bbf / 0x0107bbf: 00 != 58
6040.5c80:   00007ff600227bc0 / 0x0107bc0: 00 != 58
6040.5c80:   00007ff600227bc1 / 0x0107bc1: 00 != 50
6040.5c80:   00007ff600227bc2 / 0x0107bc2: 00 != 41
6040.5c80:   00007ff600227bc3 / 0x0107bc3: 00 != 44
6040.5c80:   00007ff600227bc4 / 0x0107bc4: 00 != 44
6040.5c80:   00007ff600227bc5 / 0x0107bc5: 00 != 49
6040.5c80:   00007ff600227bc6 / 0x0107bc6: 00 != 4e
6040.5c80:   00007ff600227bc7 / 0x0107bc7: 00 != 47
6040.5c80:   00007ff600227bc8 / 0x0107bc8: 00 != 50
6040.5c80:   00007ff600227bc9 / 0x0107bc9: 00 != 41
6040.5c80:   00007ff600227bca / 0x0107bca: 00 != 44
6040.5c80:   00007ff600227bcb / 0x0107bcb: 00 != 44
6040.5c80:   00007ff600227bcc / 0x0107bcc: 00 != 49
6040.5c80:   00007ff600227bcd / 0x0107bcd: 00 != 4e
6040.5c80:   00007ff600227bce / 0x0107bce: 00 != 47
6040.5c80:   00007ff600227bcf / 0x0107bcf: 00 != 58
6040.5c80:   00007ff600227bd0 / 0x0107bd0: 00 != 58
6040.5c80:   00007ff600227bd1 / 0x0107bd1: 00 != 50
6040.5c80:   00007ff600227bd2 / 0x0107bd2: 00 != 41
6040.5c80:   00007ff600227bd3 / 0x0107bd3: 00 != 44
6040.5c80:   00007ff600227bd4 / 0x0107bd4: 00 != 44
6040.5c80:   00007ff600227bd5 / 0x0107bd5: 00 != 49
6040.5c80:   00007ff600227bd6 / 0x0107bd6: 00 != 4e
6040.5c80:   00007ff600227bd7 / 0x0107bd7: 00 != 47
6040.5c80:   00007ff600227bd8 / 0x0107bd8: 00 != 50
6040.5c80:   00007ff600227bd9 / 0x0107bd9: 00 != 41
6040.5c80:   00007ff600227bda / 0x0107bda: 00 != 44
6040.5c80:   00007ff600227bdb / 0x0107bdb: 00 != 44
6040.5c80:   00007ff600227bdc / 0x0107bdc: 00 != 49
6040.5c80:   00007ff600227bdd / 0x0107bdd: 00 != 4e
6040.5c80:   00007ff600227bde / 0x0107bde: 00 != 47
6040.5c80:   00007ff600227bdf / 0x0107bdf: 00 != 58
6040.5c80:   00007ff600227be0 / 0x0107be0: 00 != 58
6040.5c80:   00007ff600227be1 / 0x0107be1: 00 != 50
6040.5c80:   00007ff600227be2 / 0x0107be2: 00 != 41
6040.5c80:   00007ff600227be3 / 0x0107be3: 00 != 44
6040.5c80:   00007ff600227be4 / 0x0107be4: 00 != 44
6040.5c80:   00007ff600227be5 / 0x0107be5: 00 != 49
6040.5c80:   00007ff600227be6 / 0x0107be6: 00 != 4e
6040.5c80:   00007ff600227be7 / 0x0107be7: 00 != 47
6040.5c80:   00007ff600227be8 / 0x0107be8: 00 != 50
6040.5c80:   00007ff600227be9 / 0x0107be9: 00 != 41
6040.5c80:   00007ff600227bea / 0x0107bea: 00 != 44
6040.5c80:   00007ff600227beb / 0x0107beb: 00 != 44
6040.5c80:   00007ff600227bec / 0x0107bec: 00 != 49
6040.5c80:   00007ff600227bed / 0x0107bed: 00 != 4e
6040.5c80:   00007ff600227bee / 0x0107bee: 00 != 47
6040.5c80:   00007ff600227bef / 0x0107bef: 00 != 58
6040.5c80:   00007ff600227bf0 / 0x0107bf0: 00 != 58
6040.5c80:   00007ff600227bf1 / 0x0107bf1: 00 != 50
6040.5c80:   00007ff600227bf2 / 0x0107bf2: 00 != 41
6040.5c80:   00007ff600227bf3 / 0x0107bf3: 00 != 44
6040.5c80:   00007ff600227bf4 / 0x0107bf4: 00 != 44
6040.5c80:   00007ff600227bf5 / 0x0107bf5: 00 != 49
6040.5c80:   00007ff600227bf6 / 0x0107bf6: 00 != 4e
6040.5c80:   00007ff600227bf7 / 0x0107bf7: 00 != 47
6040.5c80:   00007ff600227bf8 / 0x0107bf8: 00 != 50
6040.5c80:   00007ff600227bf9 / 0x0107bf9: 00 != 41
6040.5c80:   00007ff600227bfa / 0x0107bfa: 00 != 44
6040.5c80:   00007ff600227bfb / 0x0107bfb: 00 != 44
6040.5c80:   00007ff600227bfc / 0x0107bfc: 00 != 49
6040.5c80:   00007ff600227bfd / 0x0107bfd: 00 != 4e
6040.5c80:   00007ff600227bfe / 0x0107bfe: 00 != 47
6040.5c80:   00007ff600227bff / 0x0107bff: 00 != 58
6040.5c80:   Restored 0x4d8 bytes of original file content at 00007ff600227b28
6040.5c80: '\Device\HarddiskVolume2\Windows\System32\ntdll.dll' has no imports
6040.5c80: supR3HardNtChildPurify: cFixes=1 g_fSupAdversaries=0x80000000
6040.5c80: supR3HardNtChildPurify: Startup delay kludge #1/1: 526 ms, 33 sleeps
6040.5c80: supHardNtVpScanVirtualMemory: enmKind=CHILD_PURIFICATION
6040.5c80:  *0000000000000000-000000007ffdffff 0x0001/0x0000 0x0000000
6040.5c80:  *000000007ffe0000-000000007ffe0fff 0x0002/0x0002 0x0020000
6040.5c80:   000000007ffe1000-000000007ffe1fff 0x0001/0x0000 0x0000000
6040.5c80:  *000000007ffe2000-000000007ffe2fff 0x0002/0x0002 0x0020000
6040.5c80:   000000007ffe3000-000000a0620effff 0x0001/0x0000 0x0000000
6040.5c80:  *000000a0620f0000-000000a0621eafff 0x0000/0x0004 0x0020000
6040.5c80:   000000a0621eb000-000000a0621edfff 0x0104/0x0004 0x0020000
6040.5c80:   000000a0621ee000-000000a0621effff 0x0004/0x0004 0x0020000
6040.5c80:   000000a0621f0000-000000a0621fffff 0x0001/0x0000 0x0000000
6040.5c80:  *000000a062200000-000000a0623d8fff 0x0000/0x0004 0x0020000
6040.5c80:   000000a0623d9000-000000a0623dbfff 0x0004/0x0004 0x0020000
6040.5c80:   000000a0623dc000-000000a0623fffff 0x0000/0x0004 0x0020000
6040.5c80:   000000a062400000-000002185ba3ffff 0x0001/0x0000 0x0000000
6040.5c80:  *000002185ba40000-000002185ba5ffff 0x0004/0x0004 0x0020000
6040.5c80:  *000002185ba60000-000002185ba7cfff 0x0002/0x0002 0x0040000
6040.5c80:   000002185ba7d000-000002185ba7ffff 0x0001/0x0000 0x0000000
6040.5c80:  *000002185ba80000-000002185ba83fff 0x0002/0x0002 0x0040000
6040.5c80:   000002185ba84000-000002185ba8ffff 0x0001/0x0000 0x0000000
6040.5c80:  *000002185ba90000-000002185ba90fff 0x0002/0x0002 0x0040000
6040.5c80:   000002185ba91000-000002185ba9ffff 0x0001/0x0000 0x0000000
6040.5c80:  *000002185baa0000-000002185baa1fff 0x0004/0x0004 0x0020000
6040.5c80:   000002185baa2000-00007df5e0a1ffff 0x0001/0x0000 0x0000000
6040.5c80:  *00007df5e0a20000-00007df5e0a20fff 0x0002/0x0002 0x0040000
6040.5c80:   00007df5e0a21000-00007df5e0a2ffff 0x0001/0x0000 0x0000000
6040.5c80:  *00007df5e0a30000-00007df5e0a52fff 0x0002/0x0002 0x0040000
6040.5c80:   00007df5e0a53000-00007df5e0a5ffff 0x0001/0x0000 0x0000000
6040.5c80:  *00007df5e0a60000-00007df5e2693fff 0x0000/0x0001 0x0040000
6040.5c80:   00007df5e2694000-00007df5e2769fff 0x0001/0x0001 0x0040000
6040.5c80:   00007df5e276a000-00007df5e283bfff 0x0000/0x0001 0x0040000
6040.5c80:   00007df5e283c000-00007df5e283cfff 0x0001/0x0001 0x0040000
6040.5c80:   00007df5e283d000-00007ff5b8a63fff 0x0000/0x0001 0x0040000
6040.5c80:   00007ff5b8a64000-00007ff5b8a68fff 0x0002/0x0001 0x0040000
6040.5c80:   00007ff5b8a69000-00007ff5c8d3dfff 0x0000/0x0001 0x0040000
6040.5c80:   00007ff5c8d3e000-00007ff5cc2f5fff 0x0001/0x0001 0x0040000
6040.5c80:   00007ff5cc2f6000-00007ff5cc2fefff 0x0002/0x0001 0x0040000
6040.5c80:   00007ff5cc2ff000-00007ff5e0a5ffff 0x0000/0x0001 0x0040000
6040.5c80:   00007ff5e0a60000-00007ff60011ffff 0x0001/0x0000 0x0000000
6040.5c80:  *00007ff600120000-00007ff600120fff 0x0002/0x0080 0x1000000  \Device\HarddiskVolume2\Program Files\Oracle\VirtualBox\VirtualBoxVM.exe
6040.5c80:   00007ff600121000-00007ff60018bfff 0x0020/0x0080 0x1000000  \Device\HarddiskVolume2\Program Files\Oracle\VirtualBox\VirtualBoxVM.exe
6040.5c80:   00007ff60018c000-00007ff60018cfff 0x0040/0x0080 0x1000000  \Device\HarddiskVolume2\Program Files\Oracle\VirtualBox\VirtualBoxVM.exe
6040.5c80:   00007ff60018d000-00007ff6001e1fff 0x0002/0x0080 0x1000000  \Device\HarddiskVolume2\Program Files\Oracle\VirtualBox\VirtualBoxVM.exe
6040.5c80:   00007ff6001e2000-00007ff6001eefff 0x0004/0x0080 0x1000000  \Device\HarddiskVolume2\Program Files\Oracle\VirtualBox\VirtualBoxVM.exe
6040.5c80:   00007ff6001ef000-00007ff600229fff 0x0002/0x0080 0x1000000  \Device\HarddiskVolume2\Program Files\Oracle\VirtualBox\VirtualBoxVM.exe
6040.5c80:   00007ff60022a000-00007ffae25affff 0x0001/0x0000 0x0000000
6040.5c80:  *00007ffae25b0000-00007ffae25b0fff 0x0002/0x0080 0x1000000  \Device\HarddiskVolume2\Windows\System32\ntdll.dll
6040.5c80:   00007ffae25b1000-00007ffae26ccfff 0x0020/0x0080 0x1000000  \Device\HarddiskVolume2\Windows\System32\ntdll.dll
6040.5c80:   00007ffae26cd000-00007ffae2715fff 0x0002/0x0080 0x1000000  \Device\HarddiskVolume2\Windows\System32\ntdll.dll
6040.5c80:   00007ffae2716000-00007ffae2719fff 0x0008/0x0080 0x1000000  \Device\HarddiskVolume2\Windows\System32\ntdll.dll
6040.5c80:   00007ffae271a000-00007ffae2721fff 0x0004/0x0080 0x1000000  \Device\HarddiskVolume2\Windows\System32\ntdll.dll
6040.5c80:   00007ffae2722000-00007ffae2730fff 0x0002/0x0080 0x1000000  \Device\HarddiskVolume2\Windows\System32\ntdll.dll
6040.5c80:   00007ffae2731000-00007ffae2731fff 0x0004/0x0080 0x1000000  \Device\HarddiskVolume2\Windows\System32\ntdll.dll
6040.5c80:   00007ffae2732000-00007ffae2734fff 0x0008/0x0080 0x1000000  \Device\HarddiskVolume2\Windows\System32\ntdll.dll
6040.5c80:   00007ffae2735000-00007ffae27a7fff 0x0002/0x0080 0x1000000  \Device\HarddiskVolume2\Windows\System32\ntdll.dll
6040.5c80:   00007ffae27a8000-00007ffffffeffff 0x0001/0x0000 0x0000000
6040.5c80: supR3HardNtChildPurify: Done after 813 ms and 1 fixes (loop #1).
6040.5c80: supR3HardenedEarlyCompact: Removed heap 1 (0x00028234b20000 LB 0x400000)
62c4.84c: supR3HardenedVmProcessInit: uNtDllAddr=00007ffae25b0000 g_uNtVerCombined=0xa04a6500 (stack ~000000a0621eec00)
6040.5c80: supR3HardNtEnableThreadCreationEx:
62c4.84c: ntdll.dll: timestamp 0x7ec9c15d (rc=VINF_SUCCESS)
62c4.84c: New simple heap: #1 000002185bbb0000 LB 0x400000 (for 2064384 allocation)
62c4.84c: supR3HardenedWinInitAppBin(0x0): '\Device\HarddiskVolume2\Program Files\Oracle\VirtualBox'
62c4.84c: System32:  \Device\HarddiskVolume2\Windows\System32
62c4.84c: WinSxS:    \Device\HarddiskVolume2\Windows\WinSxS
62c4.84c: KnownDllPath: C:\WINDOWS\System32
62c4.84c: supR3HardenedVmProcessInit: Opening vboxsup...
62c4.84c: supR3HardenedVmProcessInit: Restoring LdrInitializeThunk...
62c4.84c: supR3HardenedVmProcessInit: Returning to LdrInitializeThunk...
62c4.84c: Registered Dll notification callback with NTDLL.
62c4.84c: supHardenedWinVerifyImageByHandle: -> 0 (\Device\HarddiskVolume2\Windows\System32\kernel32.dll)
62c4.84c: supR3HardenedWinVerifyCacheInsert: \Device\HarddiskVolume2\Windows\System32\kernel32.dll
62c4.84c: supR3HardenedMonitor_LdrLoadDll: pName=C:\WINDOWS\System32\KERNEL32.DLL (Input=KERNEL32.DLL, rcNtResolve=0xc0150008) *pfFlags=0xffffffff pwszSearchPath=0000000000004001:<flags> [calling]
62c4.84c: supR3HardenedDllNotificationCallback: load   00007ffae01d0000 LB 0x002f6000 C:\WINDOWS\System32\KERNELBASE.dll [fFlags=0x0]
62c4.84c: supHardenedWinVerifyImageByHandle: -> 0 (\Device\HarddiskVolume2\Windows\System32\KernelBase.dll)
62c4.84c: supR3HardenedWinVerifyCacheInsert: \Device\HarddiskVolume2\Windows\System32\KernelBase.dll
62c4.84c: supR3HardenedDllNotificationCallback: load   00007ffae0fd0000 LB 0x000c2000 C:\WINDOWS\System32\KERNEL32.DLL [fFlags=0x0]
62c4.84c: supR3HardenedScreenImage/LdrLoadDll: cache hit (VINF_SUCCESS) on \Device\HarddiskVolume2\Windows\System32\kernel32.dll [lacks WinVerifyTrust]
62c4.84c: supR3HardenedMonitor_LdrLoadDll: returns rcNt=0x0 hMod=00007ffae0fd0000 'C:\WINDOWS\System32\KERNEL32.DLL'
62c4.84c: supR3HardenedDllNotificationCallback: load   00007ff600120000 LB 0x0010a000 C:\Program Files\Oracle\VirtualBox\VirtualBoxVM.exe [fFlags=0x0]
62c4.84c: '\Device\HarddiskVolume2\Program Files\Oracle\VirtualBox\VirtualBoxVM.exe' has no imports
62c4.84c: supHardenedWinVerifyImageByHandle: -> 0 (\Device\HarddiskVolume2\Program Files\Oracle\VirtualBox\VirtualBoxVM.exe)
62c4.84c: supR3HardenedWinVerifyCacheInsert: \Device\HarddiskVolume2\Program Files\Oracle\VirtualBox\VirtualBoxVM.exe
62c4.84c: supR3HardNtDisableThreadCreation: pvLdrInitThunk=00007ffae2625c10 pvNtTerminateThread=00007ffae264dff0
6040.5c80: supR3HardNtChildWaitFor: Found expected request 1 (CloseEvents) after 70 ms.
62c4.84c: \SystemRoot\System32\ntdll.dll:
62c4.84c:     CreationTime:    2025-10-15T16:03:13.723022300Z
62c4.84c:     LastWriteTime:   2025-10-15T16:03:13.769899800Z
62c4.84c:     ChangeTime:      2025-11-12T18:07:58.964841900Z
62c4.84c:     FileAttributes:  0x20
62c4.84c:     Size:            0x1ef7b8
62c4.84c:     NT Headers:      0xe8
62c4.84c:     Timestamp:       0x7ec9c15d
62c4.84c:     Machine:         0x8664 - amd64
62c4.84c:     Timestamp:       0x7ec9c15d
62c4.84c:     Image Version:   10.0
62c4.84c:     SizeOfImage:     0x1f8000 (2064384)
62c4.84c:     Resource Dir:    0x186000 LB 0x70508
62c4.84c:     [Version info resource found at 0xd8! (ID/Name: 0x1; SubID/SubName: 0x409)]
62c4.84c:     [Raw version resource data: 0x1860f0 LB 0x380, codepage 0x0 (reserved 0x0)]
62c4.84c:     ProductName:     Microsoft® Windows® Operating System
62c4.84c:     ProductVersion:  10.0.19041.6456
62c4.84c:     FileVersion:     10.0.19041.6456 (WinBuild.160101.0800)
62c4.84c:     FileDescription: NT Layer DLL
62c4.84c: \SystemRoot\System32\kernel32.dll:
62c4.84c:     CreationTime:    2025-06-11T15:57:31.787839600Z
62c4.84c:     LastWriteTime:   2025-06-11T15:57:31.851072200Z
62c4.84c:     ChangeTime:      2025-11-12T18:07:59.025000800Z
62c4.84c:     FileAttributes:  0x20
62c4.84c:     Size:            0xbf568
62c4.84c:     NT Headers:      0xf8
62c4.84c:     Timestamp:       0xeee0fc1a
62c4.84c:     Machine:         0x8664 - amd64
62c4.84c:     Timestamp:       0xeee0fc1a
62c4.84c:     Image Version:   10.0
62c4.84c:     SizeOfImage:     0xc2000 (794624)
62c4.84c:     Resource Dir:    0xc0000 LB 0x520
62c4.84c:     [Version info resource found at 0x90! (ID/Name: 0x1; SubID/SubName: 0x409)]
62c4.84c:     [Raw version resource data: 0xc00b0 LB 0x3a4, codepage 0x0 (reserved 0x0)]
62c4.84c:     ProductName:     Microsoft® Windows® Operating System
62c4.84c:     ProductVersion:  10.0.19041.5915
62c4.84c:     FileVersion:     10.0.19041.5915 (WinBuild.160101.0800)
62c4.84c:     FileDescription: Windows NT BASE API Client DLL
62c4.84c: \SystemRoot\System32\KernelBase.dll:
62c4.84c:     CreationTime:    2025-09-10T15:20:32.089000500Z
62c4.84c:     LastWriteTime:   2025-09-10T15:20:32.214009200Z
62c4.84c:     ChangeTime:      2025-11-12T18:07:58.963842000Z
62c4.84c:     FileAttributes:  0x20
62c4.84c:     Size:            0x2f7a40
62c4.84c:     NT Headers:      0x100
62c4.84c:     Timestamp:       0x56511854
62c4.84c:     Machine:         0x8664 - amd64
62c4.84c:     Timestamp:       0x56511854
62c4.84c:     Image Version:   10.0
62c4.84c:     SizeOfImage:     0x2f6000 (3104768)
62c4.84c:     Resource Dir:    0x2cc000 LB 0x548
62c4.84c:     [Version info resource found at 0x90! (ID/Name: 0x1; SubID/SubName: 0x409)]
62c4.84c:     [Raw version resource data: 0x2cc0b0 LB 0x3bc, codepage 0x0 (reserved 0x0)]
62c4.84c:     ProductName:     Microsoft® Windows® Operating System
62c4.84c:     ProductVersion:  10.0.19041.6280
62c4.84c:     FileVersion:     10.0.19041.6280 (WinBuild.160101.0800)
62c4.84c:     FileDescription: Windows NT BASE API Client DLL
62c4.84c: \SystemRoot\System32\apisetschema.dll:
62c4.84c:     CreationTime:    2025-06-11T15:56:55.222150700Z
62c4.84c:     LastWriteTime:   2025-06-11T15:56:55.227456500Z
62c4.84c:     ChangeTime:      2025-11-12T18:07:58.915969100Z
62c4.84c:     FileAttributes:  0x20
62c4.84c:     Size:            0x1f9c8
62c4.84c:     NT Headers:      0xd0
62c4.84c:     Timestamp:       0x85f6b378
62c4.84c:     Machine:         0x8664 - amd64
62c4.84c:     Timestamp:       0x85f6b378
62c4.84c:     Image Version:   10.0
62c4.84c:     SizeOfImage:     0x20000 (131072)
62c4.84c:     Resource Dir:    0x1f000 LB 0x408
62c4.84c:     [Version info resource found at 0x48! (ID/Name: 0x1; SubID/SubName: 0x409)]
62c4.84c:     [Raw version resource data: 0x1f060 LB 0x3a8, codepage 0x0 (reserved 0x0)]
62c4.84c:     ProductName:     Microsoft® Windows® Operating System
62c4.84c:     ProductVersion:  10.0.19041.5915
62c4.84c:     FileVersion:     10.0.19041.5915 (WinBuild.160101.0800)
62c4.84c:     FileDescription: ApiSet Schema DLL
62c4.84c: NtOpenDirectoryObject failed on \Driver: 0xc0000022
62c4.84c: supR3HardenedWinFindAdversaries: 0x0
62c4.84c: supR3HardenedWinInitAppBin(0x0): '\Device\HarddiskVolume2\Program Files\Oracle\VirtualBox'
62c4.84c: Calling main()
62c4.84c: SUPR3HardenedMain: pszProgName=VirtualBoxVM fFlags=0x2
62c4.84c: supR3HardenedWinInitAppBin(0x2): '\Device\HarddiskVolume2\Program Files\Oracle\VirtualBox'
62c4.84c: '\Device\HarddiskVolume2\Program Files\Oracle\VirtualBox\VirtualBoxVM.exe' has no imports
62c4.84c: supHardenedWinVerifyImageByHandle: -> 0 (\Device\HarddiskVolume2\Program Files\Oracle\VirtualBox\VirtualBoxVM.exe)
62c4.84c: SUPR3HardenedMain: Final process, opening VBoxDrv...
62c4.84c: supR3HardenedEarlyCompact: Removed heap 1 (0x0002185bbb0000 LB 0x400000)
62c4.84c: supR3HardNtEnableThreadCreationEx:
62c4.84c: supHardenedWinVerifyImageByHandle: -> 0 (\Device\HarddiskVolume2\Program Files\Oracle\VirtualBox\VBoxSupLib.dll)
62c4.84c: supR3HardenedWinVerifyCacheInsert: \Device\HarddiskVolume2\Program Files\Oracle\VirtualBox\VBoxSupLib.dll
62c4.84c: supR3HardenedMonitor_LdrLoadDll: pName=C:\Program Files\Oracle\VirtualBox\VBoxSupLib.DLL (rcNtResolve=0xc0150008) *pfFlags=0x0 pwszSearchPath=0000000000000801:<flags> [calling]
62c4.84c: supR3HardenedScreenImage/NtCreateSection: cache hit (VINF_SUCCESS) on \Device\HarddiskVolume2\Program Files\Oracle\VirtualBox\VBoxSupLib.dll [lacks WinVerifyTrust]
62c4.84c: supR3HardenedDllNotificationCallback: load   00007ffadb080000 LB 0x00005000 C:\Program Files\Oracle\VirtualBox\VBoxSupLib.DLL [fFlags=0x0]
62c4.84c: supR3HardenedScreenImage/LdrLoadDll: cache hit (VINF_SUCCESS) on \Device\HarddiskVolume2\Program Files\Oracle\VirtualBox\VBoxSupLib.dll [lacks WinVerifyTrust]
62c4.84c: supR3HardenedScreenImage/LdrLoadDll: cache hit (VINF_SUCCESS) on \Device\HarddiskVolume2\Program Files\Oracle\VirtualBox\VBoxSupLib.dll [lacks WinVerifyTrust]
62c4.84c: supR3HardenedMonitor_LdrLoadDll: pName=C:\Program Files\Oracle\VirtualBox\VBoxSupLib.DLL (rcNtResolve=0xc0150008) *pfFlags=0x0 pwszSearchPath=0000000000000001:<flags> [calling]
62c4.84c: supR3HardenedMonitor_LdrLoadDll: returns rcNt=0x0 hMod=00007ffadb080000 'C:\Program Files\Oracle\VirtualBox\VBoxSupLib.DLL'
62c4.84c: supR3HardenedScreenImage/LdrLoadDll: cache hit (VINF_SUCCESS) on \Device\HarddiskVolume2\Program Files\Oracle\VirtualBox\VBoxSupLib.dll [lacks WinVerifyTrust]
62c4.84c: supR3HardenedMonitor_LdrLoadDll: pName=C:\Program Files\Oracle\VirtualBox\VBoxSupLib.DLL (rcNtResolve=0xc0150008) *pfFlags=0x0 pwszSearchPath=0000000000000001:<flags> [calling]
62c4.84c: supR3HardenedMonitor_LdrLoadDll: returns rcNt=0x0 hMod=00007ffadb080000 'C:\Program Files\Oracle\VirtualBox\VBoxSupLib.DLL'
62c4.84c: supR3HardenedMonitor_LdrLoadDll: returns rcNt=0x0 hMod=00007ffadb080000 'C:\Program Files\Oracle\VirtualBox\VBoxSupLib.DLL'
62c4.84c: supR3HardenedWinVerifyCacheScheduleImports: Import todo: #0 'msvcrt.dll'.
62c4.84c: supR3HardenedWinVerifyCacheScheduleImports: Import todo: #29 'rpcrt4.dll'.
62c4.84c: supHardenedWinVerifyImageByHandle: -> 0 (\Device\HarddiskVolume2\Windows\System32\wintrust.dll)
62c4.84c: supR3HardenedWinVerifyCacheInsert: \Device\HarddiskVolume2\Windows\System32\wintrust.dll
62c4.84c: supR3HardenedWinVerifyCacheProcessImportTodos: Processing 'rpcrt4.dll'...
62c4.84c: supR3HardenedWinVerifyCacheProcessImportTodos: 'rpcrt4.dll' -> '\Device\HarddiskVolume2\Windows\System32\rpcrt4.dll' [rcNtRedir=0xc0150008]
62c4.84c: supHardenedWinVerifyImageByHandle: -> 0 (\Device\HarddiskVolume2\Windows\System32\rpcrt4.dll)
62c4.84c: supR3HardenedWinVerifyCacheInsert: \Device\HarddiskVolume2\Windows\System32\rpcrt4.dll
62c4.84c: supR3HardenedWinVerifyCacheProcessImportTodos: Processing 'msvcrt.dll'...
62c4.84c: supR3HardenedWinVerifyCacheProcessImportTodos: 'msvcrt.dll' -> '\Device\HarddiskVolume2\Windows\System32\msvcrt.dll' [rcNtRedir=0xc0150008]
62c4.84c: supHardenedWinVerifyImageByHandle: -> 0 (\Device\HarddiskVolume2\Windows\System32\msvcrt.dll)
62c4.84c: supR3HardenedWinVerifyCacheInsert: \Device\HarddiskVolume2\Windows\System32\msvcrt.dll
62c4.84c: supR3HardenedMonitor_LdrLoadDll: pName=C:\WINDOWS\system32\Wintrust.dll (rcNtResolve=0xc0150008) *pfFlags=0x0 pwszSearchPath=0000000000000801:<flags> [calling]
62c4.84c: supR3HardenedDllNotificationCallback: load   00007ffae0af0000 LB 0x0009e000 C:\WINDOWS\System32\msvcrt.dll [fFlags=0x0]
62c4.84c: supR3HardenedScreenImage/LdrLoadDll: cache hit (VINF_SUCCESS) on \Device\HarddiskVolume2\Windows\System32\msvcrt.dll [lacks WinVerifyTrust]
62c4.84c: supR3HardenedDllNotificationCallback: load   00007ffae08f0000 LB 0x00120000 C:\WINDOWS\System32\RPCRT4.dll [fFlags=0x0]
62c4.84c: supR3HardenedScreenImage/LdrLoadDll: cache hit (VINF_SUCCESS) on \Device\HarddiskVolume2\Windows\System32\rpcrt4.dll [lacks WinVerifyTrust]
62c4.84c: supR3HardenedDllNotificationCallback: load   00007ffae04d0000 LB 0x00073000 C:\WINDOWS\System32\Wintrust.dll [fFlags=0x0]
62c4.84c: supR3HardenedScreenImage/LdrLoadDll: cache hit (VINF_SUCCESS) on \Device\HarddiskVolume2\Windows\System32\wintrust.dll [lacks WinVerifyTrust]
62c4.84c: supR3HardenedDllNotificationCallback: load   00007ffadfd60000 LB 0x00100000 C:\WINDOWS\System32\ucrtbase.dll [fFlags=0x0]
62c4.84c: supHardenedWinVerifyImageByHandle: -> 0 (\Device\HarddiskVolume2\Windows\System32\ucrtbase.dll)
62c4.84c: supR3HardenedWinVerifyCacheInsert: \Device\HarddiskVolume2\Windows\System32\ucrtbase.dll
62c4.84c: supR3HardenedDllNotificationCallback: load   00007ffae0070000 LB 0x0015d000 C:\WINDOWS\System32\CRYPT32.dll [fFlags=0x0]
62c4.84c: supHardenedWinVerifyImageByHandle: -> 0 (\Device\HarddiskVolume2\Windows\System32\crypt32.dll)
62c4.84c: supR3HardenedWinVerifyCacheInsert: \Device\HarddiskVolume2\Windows\System32\crypt32.dll
62c4.84c: supR3HardenedIsApiSetDll: ApiSetQueryApiSetPresence(api-ms-win-core-synch-l1-2-0) -> 0x0, fPresent=1
62c4.84c: supR3HardenedMonitor_LdrLoadDll: pName=api-ms-win-core-synch-l1-2-0 (rcNtResolve=0x0) *pfFlags=0x0 pwszSearchPath=0000000000000801:<flags> [calling]
62c4.84c: supR3HardenedMonitor_LdrLoadDll: returns rcNt=0x0 hMod=00007ffae01d0000 'api-ms-win-core-synch-l1-2-0'
62c4.84c: supR3HardenedIsApiSetDll: ApiSetQueryApiSetPresence(api-ms-win-core-fibers-l1-1-1) -> 0x0, fPresent=1
62c4.84c: supR3HardenedMonitor_LdrLoadDll: pName=api-ms-win-core-fibers-l1-1-1 (rcNtResolve=0x0) *pfFlags=0x0 pwszSearchPath=0000000000000801:<flags> [calling]
62c4.84c: supR3HardenedMonitor_LdrLoadDll: returns rcNt=0x0 hMod=00007ffae01d0000 'api-ms-win-core-fibers-l1-1-1'
62c4.84c: supR3HardenedIsApiSetDll: ApiSetQueryApiSetPresence(api-ms-win-core-fibers-l1-1-1) -> 0x0, fPresent=1
62c4.84c: supR3HardenedMonitor_LdrLoadDll: pName=api-ms-win-core-fibers-l1-1-1 (rcNtResolve=0x0) *pfFlags=0x0 pwszSearchPath=0000000000000801:<flags> [calling]
62c4.84c: supR3HardenedMonitor_LdrLoadDll: returns rcNt=0x0 hMod=00007ffae01d0000 'api-ms-win-core-fibers-l1-1-1'
62c4.84c: supR3HardenedIsApiSetDll: ApiSetQueryApiSetPresence(api-ms-win-core-synch-l1-2-0) -> 0x0, fPresent=1
62c4.84c: supR3HardenedMonitor_LdrLoadDll: pName=api-ms-win-core-synch-l1-2-0 (rcNtResolve=0x0) *pfFlags=0x0 pwszSearchPath=0000000000000801:<flags> [calling]
62c4.84c: supR3HardenedMonitor_LdrLoadDll: returns rcNt=0x0 hMod=00007ffae01d0000 'api-ms-win-core-synch-l1-2-0'
62c4.84c: supHardenedWinVerifyImageByHandle: -> 0 (\Device\HarddiskVolume2\Windows\System32\msasn1.dll)
62c4.84c: supR3HardenedWinVerifyCacheInsert: \Device\HarddiskVolume2\Windows\System32\msasn1.dll
62c4.84c: supR3HardenedDllNotificationCallback: load   00007ffadf800000 LB 0x00012000 C:\WINDOWS\SYSTEM32\MSASN1.dll [fFlags=0x0]
62c4.84c: supR3HardenedScreenImage/LdrLoadDll: cache hit (VINF_SUCCESS) on \Device\HarddiskVolume2\Windows\System32\msasn1.dll [lacks WinVerifyTrust]
62c4.84c: supR3HardenedMonitor_LdrLoadDll: returns rcNt=0x0 hMod=00007ffae04d0000 'C:\WINDOWS\system32\Wintrust.dll'
62c4.84c: supHardenedWinVerifyImageByHandle: -> 0 (\Device\HarddiskVolume2\Windows\System32\bcrypt.dll)
62c4.84c: supR3HardenedWinVerifyCacheInsert: \Device\HarddiskVolume2\Windows\System32\bcrypt.dll
62c4.84c: supR3HardenedMonitor_LdrLoadDll: pName=C:\WINDOWS\system32\bcrypt.dll (rcNtResolve=0xc0150008) *pfFlags=0x0 pwszSearchPath=0000000000000801:<flags> [calling]
62c4.84c: supR3HardenedDllNotificationCallback: load   00007ffadffb0000 LB 0x00027000 C:\WINDOWS\System32\bcrypt.dll [fFlags=0x0]
62c4.84c: supR3HardenedScreenImage/LdrLoadDll: cache hit (VINF_SUCCESS) on \Device\HarddiskVolume2\Windows\System32\bcrypt.dll [lacks WinVerifyTrust]
62c4.84c: supR3HardenedMonitor_LdrLoadDll: returns rcNt=0x0 hMod=00007ffadffb0000 'C:\WINDOWS\system32\bcrypt.dll'
62c4.84c: bcrypt.dll loaded at 00007ffadffb0000, BCryptOpenAlgorithmProvider at 00007ffadffb5a60, preloading providers:
62c4.84c: supHardenedWinVerifyImageByHandle: -> 0 (\Device\HarddiskVolume2\Windows\System32\bcryptprimitives.dll)
62c4.84c: supR3HardenedWinVerifyCacheInsert: \Device\HarddiskVolume2\Windows\System32\bcryptprimitives.dll
62c4.84c: supR3HardenedMonitor_LdrLoadDll: pName=C:\WINDOWS\system32\bcryptprimitives.dll (rcNtResolve=0xc0150008) *pfFlags=0x0 pwszSearchPath=0000000000000001:<flags> [calling]
62c4.84c: supR3HardenedDllNotificationCallback: load   00007ffadffe0000 LB 0x00082000 C:\WINDOWS\System32\bcryptprimitives.dll [fFlags=0x0]
62c4.84c: supR3HardenedScreenImage/LdrLoadDll: cache hit (VINF_SUCCESS) on \Device\HarddiskVolume2\Windows\System32\bcryptprimitives.dll [lacks WinVerifyTrust]
62c4.84c: supR3HardenedMonitor_LdrLoadDll: returns rcNt=0x0 hMod=00007ffadffe0000 'C:\WINDOWS\system32\bcryptprimitives.dll'
62c4.84c:     BCryptOpenAlgorithmProvider(,'MD2',0,0) -> 0x0 (hAlgo=000002185c18fca0)
62c4.84c:     BCryptOpenAlgorithmProvider(,'MD4',0,0) -> 0x0 (hAlgo=000002185c191a80)
62c4.84c:     BCryptOpenAlgorithmProvider(,'MD5',0,0) -> 0x0 (hAlgo=000002185c191da0)
62c4.84c:     BCryptOpenAlgorithmProvider(,'SHA1',0,0) -> 0x0 (hAlgo=000002185c1920c0)
62c4.84c:     BCryptOpenAlgorithmProvider(,'SHA256',0,0) -> 0x0 (hAlgo=000002185c1923e0)
62c4.84c:     BCryptOpenAlgorithmProvider(,'SHA512',0,0) -> 0x0 (hAlgo=000002185c192700)
62c4.84c:     BCryptOpenAlgorithmProvider(,'RSA',0,0) -> 0x0 (hAlgo=000002185c193a30)
62c4.84c:     BCryptOpenAlgorithmProvider(,'DSA',0,0) -> 0x0 (hAlgo=000002185c193d50)
62c4.84c: supHardenedWinVerifyImageByHandle: -> 0 (\Device\HarddiskVolume2\Windows\System32\cryptsp.dll)
62c4.84c: supR3HardenedWinVerifyCacheInsert: \Device\HarddiskVolume2\Windows\System32\cryptsp.dll
62c4.84c: supR3HardenedDllNotificationCallback: load   00007ffadf5d0000 LB 0x00018000 C:\WINDOWS\SYSTEM32\CRYPTSP.dll [fFlags=0x0]
62c4.84c: supR3HardenedScreenImage/LdrLoadDll: cache hit (VINF_SUCCESS) on \Device\HarddiskVolume2\Windows\System32\cryptsp.dll [lacks WinVerifyTrust]
62c4.84c: supR3HardenedWinVerifyCacheScheduleImports: Import todo: #18 'bcrypt.dll'.
62c4.84c: supHardenedWinVerifyImageByHandle: -> 0 (\Device\HarddiskVolume2\Windows\System32\rsaenh.dll)
62c4.84c: supR3HardenedWinVerifyCacheInsert: \Device\HarddiskVolume2\Windows\System32\rsaenh.dll
62c4.84c: supR3HardenedWinVerifyCacheProcessImportTodos: Processing 'bcrypt.dll'...
62c4.84c: supR3HardenedWinVerifyCacheProcessImportTodos: 'bcrypt.dll' -> '\Device\HarddiskVolume2\Windows\System32\bcrypt.dll' [rcNtRedir=0xc0150008]
62c4.84c: supR3HardenedScreenImage/Imports: cache hit (VINF_SUCCESS) on \Device\HarddiskVolume2\Windows\System32\bcrypt.dll [lacks WinVerifyTrust]
62c4.84c: supR3HardenedMonitor_LdrLoadDll: pName=C:\WINDOWS\system32\rsaenh.dll (rcNtResolve=0xc0150008) *pfFlags=0x0 pwszSearchPath=0000000000000001:<flags> [calling]
62c4.84c: supR3HardenedScreenImage/NtCreateSection: cache hit (VINF_SUCCESS) on \Device\HarddiskVolume2\Windows\System32\rsaenh.dll [lacks WinVerifyTrust]
62c4.84c: supR3HardenedDllNotificationCallback: load   00007ffadec80000 LB 0x00038000 C:\WINDOWS\system32\rsaenh.dll [fFlags=0x0]
62c4.84c: supR3HardenedScreenImage/LdrLoadDll: cache hit (VINF_SUCCESS) on \Device\HarddiskVolume2\Windows\System32\rsaenh.dll [lacks WinVerifyTrust]
62c4.84c: supR3HardenedMonitor_LdrLoadDll: returns rcNt=0x0 hMod=00007ffadec80000 'C:\WINDOWS\system32\rsaenh.dll'
62c4.84c: supHardenedWinVerifyImageByHandle: -> 0 (\Device\HarddiskVolume2\Windows\System32\cryptbase.dll)
62c4.84c: supR3HardenedWinVerifyCacheInsert: \Device\HarddiskVolume2\Windows\System32\cryptbase.dll
62c4.84c: supR3HardenedDllNotificationCallback: load   00007ffadf5c0000 LB 0x0000c000 C:\WINDOWS\SYSTEM32\CRYPTBASE.dll [fFlags=0x0]
62c4.84c: supR3HardenedScreenImage/LdrLoadDll: cache hit (VINF_SUCCESS) on \Device\HarddiskVolume2\Windows\System32\cryptbase.dll [lacks WinVerifyTrust]
62c4.84c: supR3HardenedScreenImage/LdrLoadDll: cache hit (VINF_SUCCESS) on \Device\HarddiskVolume2\Windows\System32\kernel32.dll [lacks WinVerifyTrust]
62c4.84c: supR3HardenedMonitor_LdrLoadDll: pName=C:\WINDOWS\System32\kernel32.dll (Input=kernel32.dll, rcNtResolve=0xc0150008) *pfFlags=0x0 pwszSearchPath=0000000000000001:<flags> [calling]
62c4.84c: supR3HardenedMonitor_LdrLoadDll: returns rcNt=0x0 hMod=00007ffae0fd0000 'C:\WINDOWS\System32\kernel32.dll'
62c4.84c: supR3HardenedScreenImage/LdrLoadDll: cache hit (VINF_SUCCESS) on \Device\HarddiskVolume2\Windows\System32\wintrust.dll [lacks WinVerifyTrust]
62c4.84c: supR3HardenedMonitor_LdrLoadDll: pName=C:\WINDOWS\System32\WINTRUST.DLL (Input=WINTRUST.DLL, rcNtResolve=0xc0150008) *pfFlags=0x0 pwszSearchPath=0000000000000001:<flags> [calling]
62c4.84c: supR3HardenedMonitor_LdrLoadDll: returns rcNt=0x0 hMod=00007ffae04d0000 'C:\WINDOWS\System32\WINTRUST.DLL'
62c4.84c: supR3HardenedScreenImage/LdrLoadDll: cache hit (VINF_SUCCESS) on \Device\HarddiskVolume2\Windows\System32\crypt32.dll [lacks WinVerifyTrust]
62c4.84c: supR3HardenedMonitor_LdrLoadDll: pName=C:\WINDOWS\System32\CRYPT32.dll (rcNtResolve=0xc0150008) *pfFlags=0x2 pwszSearchPath=0000000000000001:<flags> [calling]
62c4.84c: supR3HardenedMonitor_LdrLoadDll: returns rcNt=0x0 hMod=00007ffae0070000 'C:\WINDOWS\System32\CRYPT32.dll'
62c4.84c: supR3HardenedDllNotificationCallback: load   00007ffae1e10000 LB 0x0001d000 C:\WINDOWS\System32\imagehlp.dll [fFlags=0x0]
62c4.84c: supHardenedWinVerifyImageByHandle: -> 0 (\Device\HarddiskVolume2\Windows\System32\imagehlp.dll)
62c4.84c: supR3HardenedWinVerifyCacheInsert: \Device\HarddiskVolume2\Windows\System32\imagehlp.dll
62c4.84c: supR3HardenedScreenImage/LdrLoadDll: cache hit (VINF_SUCCESS) on \Device\HarddiskVolume2\Windows\System32\rsaenh.dll [lacks WinVerifyTrust]
62c4.84c: supR3HardenedMonitor_LdrLoadDll: pName=C:\WINDOWS\system32\rsaenh.dll (rcNtResolve=0xc0150008) *pfFlags=0x0 pwszSearchPath=0000000000000001:<flags> [calling]
62c4.84c: supR3HardenedMonitor_LdrLoadDll: returns rcNt=0x0 hMod=00007ffadec80000 'C:\WINDOWS\system32\rsaenh.dll'
62c4.84c: supR3HardenedScreenImage/LdrLoadDll: cache hit (VINF_SUCCESS) on \Device\HarddiskVolume2\Windows\System32\crypt32.dll [lacks WinVerifyTrust]
62c4.84c: supR3HardenedMonitor_LdrLoadDll: pName=C:\WINDOWS\System32\crypt32.dll (Input=crypt32.dll, rcNtResolve=0xc0150008) *pfFlags=0x0 pwszSearchPath=0000000000000001:<flags> [calling]
62c4.84c: supR3HardenedMonitor_LdrLoadDll: returns rcNt=0x0 hMod=00007ffae0070000 'C:\WINDOWS\System32\crypt32.dll'
62c4.84c: supR3HardenedDllNotificationCallback: load   00007ffae0d80000 LB 0x0009f000 C:\WINDOWS\System32\sechost.dll [fFlags=0x0]
62c4.84c: supR3HardenedWinVerifyCacheScheduleImports: Import todo: #11 'rpcrt4.dll'.
62c4.84c: supR3HardenedWinVerifyCacheScheduleImports: Import todo: #24 'bcrypt.dll'.
62c4.84c: supHardenedWinVerifyImageByHandle: -> 0 (\Device\HarddiskVolume2\Windows\System32\sechost.dll)
62c4.84c: supR3HardenedWinVerifyCacheInsert: \Device\HarddiskVolume2\Windows\System32\sechost.dll
62c4.84c: supR3HardenedWinVerifyCacheScheduleImports: Import todo: #0 'msvcrt.dll'.
62c4.84c: supR3HardenedWinVerifyCacheScheduleImports: Import todo: #10 'rpcrt4.dll'.
62c4.84c: supHardenedWinVerifyImageByHandle: -> 0 (\Device\HarddiskVolume2\Windows\System32\gpapi.dll)
62c4.84c: supR3HardenedWinVerifyCacheInsert: \Device\HarddiskVolume2\Windows\System32\gpapi.dll
62c4.84c: supR3HardenedDllNotificationCallback: load   00007ffade490000 LB 0x00023000 C:\WINDOWS\SYSTEM32\gpapi.dll [fFlags=0x0]
62c4.84c: supR3HardenedScreenImage/LdrLoadDll: cache hit (VINF_SUCCESS) on \Device\HarddiskVolume2\Windows\System32\gpapi.dll [lacks WinVerifyTrust]
62c4.84c: supR3HardenedWinVerifyCacheScheduleImports: Import todo: #0 'msvcrt.dll'.
62c4.84c: supR3HardenedWinVerifyCacheScheduleImports: Import todo: #8 'crypt32.dll'.
62c4.84c: supHardenedWinVerifyImageByHandle: -> 0 (\Device\HarddiskVolume2\Windows\System32\cryptnet.dll)
62c4.84c: supR3HardenedWinVerifyCacheInsert: \Device\HarddiskVolume2\Windows\System32\cryptnet.dll
62c4.84c: supR3HardenedWinVerifyCacheProcessImportTodos: Processing 'crypt32.dll'...
62c4.84c: supR3HardenedWinVerifyCacheProcessImportTodos: 'crypt32.dll' -> '\Device\HarddiskVolume2\Windows\System32\crypt32.dll' [rcNtRedir=0xc0150008]
62c4.84c: supR3HardenedScreenImage/Imports: cache hit (VINF_SUCCESS) on \Device\HarddiskVolume2\Windows\System32\crypt32.dll [lacks WinVerifyTrust]
62c4.84c: supR3HardenedWinVerifyCacheProcessImportTodos: Processing 'msvcrt.dll'...
62c4.84c: supR3HardenedWinVerifyCacheProcessImportTodos: 'msvcrt.dll' -> '\Device\HarddiskVolume2\Windows\System32\msvcrt.dll' [rcNtRedir=0xc0150008]
62c4.84c: supR3HardenedScreenImage/Imports: cache hit (VINF_SUCCESS) on \Device\HarddiskVolume2\Windows\System32\msvcrt.dll [lacks WinVerifyTrust]
62c4.84c: supR3HardenedWinVerifyCacheProcessImportTodos: Processing 'rpcrt4.dll'...
62c4.84c: supR3HardenedWinVerifyCacheProcessImportTodos: 'rpcrt4.dll' -> '\Device\HarddiskVolume2\Windows\System32\rpcrt4.dll' [rcNtRedir=0xc0150008]
62c4.84c: supR3HardenedScreenImage/Imports: cache hit (VINF_SUCCESS) on \Device\HarddiskVolume2\Windows\System32\rpcrt4.dll [lacks WinVerifyTrust]
62c4.84c: supR3HardenedWinVerifyCacheProcessImportTodos: Processing 'msvcrt.dll'...
62c4.84c: supR3HardenedWinVerifyCacheProcessImportTodos: 'msvcrt.dll' -> '\Device\HarddiskVolume2\Windows\System32\msvcrt.dll' [rcNtRedir=0xc0150008]
62c4.84c: supR3HardenedScreenImage/Imports: cache hit (VINF_SUCCESS) on \Device\HarddiskVolume2\Windows\System32\msvcrt.dll [lacks WinVerifyTrust]
62c4.84c: supR3HardenedWinVerifyCacheProcessImportTodos: Processing 'bcrypt.dll'...
62c4.84c: supR3HardenedWinVerifyCacheProcessImportTodos: 'bcrypt.dll' -> '\Device\HarddiskVolume2\Windows\System32\bcrypt.dll' [rcNtRedir=0xc0150008]
62c4.84c: supR3HardenedScreenImage/Imports: cache hit (VINF_SUCCESS) on \Device\HarddiskVolume2\Windows\System32\bcrypt.dll [lacks WinVerifyTrust]
62c4.84c: supR3HardenedWinVerifyCacheProcessImportTodos: Processing 'rpcrt4.dll'...
62c4.84c: supR3HardenedWinVerifyCacheProcessImportTodos: 'rpcrt4.dll' -> '\Device\HarddiskVolume2\Windows\System32\rpcrt4.dll' [rcNtRedir=0xc0150008]
62c4.84c: supR3HardenedScreenImage/Imports: cache hit (VINF_SUCCESS) on \Device\HarddiskVolume2\Windows\System32\rpcrt4.dll [lacks WinVerifyTrust]
62c4.84c: supR3HardenedMonitor_LdrLoadDll: pName=C:\Windows\System32\cryptnet.dll (rcNtResolve=0xc0150008) *pfFlags=0x0 pwszSearchPath=0000000000000001:<flags> [calling]
62c4.84c: supR3HardenedScreenImage/NtCreateSection: cache hit (VINF_SUCCESS) on \Device\HarddiskVolume2\Windows\System32\cryptnet.dll [lacks WinVerifyTrust]
62c4.84c: supR3HardenedDllNotificationCallback: load   00007ffad7af0000 LB 0x00031000 C:\Windows\System32\cryptnet.dll [fFlags=0x0]
62c4.84c: supR3HardenedScreenImage/LdrLoadDll: cache hit (VINF_SUCCESS) on \Device\HarddiskVolume2\Windows\System32\cryptnet.dll [lacks WinVerifyTrust]
62c4.84c: supR3HardenedScreenImage/LdrLoadDll: cache hit (VINF_SUCCESS) on \Device\HarddiskVolume2\Windows\System32\cryptnet.dll [lacks WinVerifyTrust]
62c4.84c: supR3HardenedMonitor_LdrLoadDll: pName=C:\Windows\System32\cryptnet.dll (rcNtResolve=0xc0150008) *pfFlags=0x2 pwszSearchPath=0000000000000001:<flags> [calling]
62c4.84c: supR3HardenedMonitor_LdrLoadDll: returns rcNt=0x0 hMod=00007ffad7af0000 'C:\Windows\System32\cryptnet.dll'
62c4.84c: supR3HardenedScreenImage/LdrLoadDll: cache hit (VINF_SUCCESS) on \Device\HarddiskVolume2\Windows\System32\cryptnet.dll [lacks WinVerifyTrust]
62c4.84c: supR3HardenedMonitor_LdrLoadDll: pName=C:\Windows\System32\cryptnet.dll (rcNtResolve=0xc0150008) *pfFlags=0x2 pwszSearchPath=0000000000000001:<flags> [calling]
62c4.84c: supR3HardenedMonitor_LdrLoadDll: returns rcNt=0x0 hMod=00007ffad7af0000 'C:\Windows\System32\cryptnet.dll'
62c4.84c: supR3HardenedScreenImage/LdrLoadDll: cache hit (VINF_SUCCESS) on \Device\HarddiskVolume2\Windows\System32\cryptnet.dll [lacks WinVerifyTrust]
62c4.84c: supR3HardenedMonitor_LdrLoadDll: pName=C:\Windows\System32\cryptnet.dll (rcNtResolve=0xc0150008) *pfFlags=0x2 pwszSearchPath=0000000000000001:<flags> [calling]
62c4.84c: supR3HardenedMonitor_LdrLoadDll: returns rcNt=0x0 hMod=00007ffad7af0000 'C:\Windows\System32\cryptnet.dll'
62c4.84c: supR3HardenedScreenImage/LdrLoadDll: cache hit (VINF_SUCCESS) on \Device\HarddiskVolume2\Windows\System32\cryptnet.dll [lacks WinVerifyTrust]
62c4.84c: supR3HardenedMonitor_LdrLoadDll: pName=C:\Windows\System32\cryptnet.dll (rcNtResolve=0xc0150008) *pfFlags=0x2 pwszSearchPath=0000000000000001:<flags> [calling]
62c4.84c: supR3HardenedMonitor_LdrLoadDll: returns rcNt=0x0 hMod=00007ffad7af0000 'C:\Windows\System32\cryptnet.dll'
62c4.84c: supR3HardenedScreenImage/LdrLoadDll: cache hit (VINF_SUCCESS) on \Device\HarddiskVolume2\Windows\System32\cryptnet.dll [lacks WinVerifyTrust]
62c4.84c: supR3HardenedMonitor_LdrLoadDll: pName=C:\Windows\System32\cryptnet.dll (rcNtResolve=0xc0150008) *pfFlags=0x2 pwszSearchPath=0000000000000001:<flags> [calling]
62c4.84c: supR3HardenedMonitor_LdrLoadDll: returns rcNt=0x0 hMod=00007ffad7af0000 'C:\Windows\System32\cryptnet.dll'
62c4.84c: supR3HardenedScreenImage/LdrLoadDll: cache hit (VINF_SUCCESS) on \Device\HarddiskVolume2\Windows\System32\cryptnet.dll [lacks WinVerifyTrust]
62c4.84c: supR3HardenedMonitor_LdrLoadDll: pName=C:\Windows\System32\cryptnet.dll (rcNtResolve=0xc0150008) *pfFlags=0x2 pwszSearchPath=0000000000000001:<flags> [calling]
62c4.84c: supR3HardenedMonitor_LdrLoadDll: returns rcNt=0x0 hMod=00007ffad7af0000 'C:\Windows\System32\cryptnet.dll'
62c4.84c: supR3HardenedScreenImage/LdrLoadDll: cache hit (VINF_SUCCESS) on \Device\HarddiskVolume2\Windows\System32\cryptnet.dll [lacks WinVerifyTrust]
62c4.84c: supR3HardenedMonitor_LdrLoadDll: returns rcNt=0x0 hMod=00007ffad7af0000 'C:\Windows\System32\cryptnet.dll'
62c4.84c: supR3HardenedScreenImage/LdrLoadDll: cache hit (VINF_SUCCESS) on \Device\HarddiskVolume2\Windows\System32\cryptnet.dll [lacks WinVerifyTrust]
62c4.84c: supR3HardenedMonitor_LdrLoadDll: returns rcNt=0x0 hMod=00007ffad7af0000 'C:\Windows\System32\cryptnet.dll'
62c4.84c: supR3HardenedScreenImage/LdrLoadDll: cache hit (VINF_SUCCESS) on \Device\HarddiskVolume2\Windows\System32\cryptnet.dll [lacks WinVerifyTrust]
62c4.84c: supR3HardenedMonitor_LdrLoadDll: returns rcNt=0x0 hMod=00007ffad7af0000 'C:\Windows\System32\cryptnet.dll'
62c4.84c: supR3HardenedScreenImage/LdrLoadDll: cache hit (VINF_SUCCESS) on \Device\HarddiskVolume2\Windows\System32\cryptnet.dll [lacks WinVerifyTrust]
62c4.84c: supR3HardenedMonitor_LdrLoadDll: returns rcNt=0x0 hMod=00007ffad7af0000 'C:\Windows\System32\cryptnet.dll'
62c4.84c: supR3HardenedScreenImage/LdrLoadDll: cache hit (VINF_SUCCESS) on \Device\HarddiskVolume2\Windows\System32\cryptnet.dll [lacks WinVerifyTrust]
62c4.84c: supR3HardenedMonitor_LdrLoadDll: returns rcNt=0x0 hMod=00007ffad7af0000 'C:\Windows\System32\cryptnet.dll'
62c4.84c: supR3HardenedMonitor_LdrLoadDll: returns rcNt=0x0 hMod=00007ffad7af0000 'C:\Windows\System32\cryptnet.dll'
62c4.84c: supHardenedWinVerifyImageByHandle: -> 0 (\Device\HarddiskVolume2\Windows\System32\profapi.dll)
62c4.84c: supR3HardenedWinVerifyCacheInsert: \Device\HarddiskVolume2\Windows\System32\profapi.dll
62c4.84c: supR3HardenedDllNotificationCallback: load   00007ffadfb70000 LB 0x00024000 C:\WINDOWS\SYSTEM32\profapi.dll [fFlags=0x0]
62c4.84c: supR3HardenedScreenImage/LdrLoadDll: cache hit (VINF_SUCCESS) on \Device\HarddiskVolume2\Windows\System32\profapi.dll [lacks WinVerifyTrust]
62c4.84c: supR3HardenedDllNotificationCallback: load   00007ffae05d0000 LB 0x000b1000 C:\WINDOWS\System32\advapi32.dll [fFlags=0x0]
62c4.84c: supR3HardenedWinVerifyCacheScheduleImports: Import todo: #0 'msvcrt.dll'.
62c4.84c: supR3HardenedWinVerifyCacheScheduleImports: Import todo: #6 'sechost.dll'.
62c4.84c: supR3HardenedWinVerifyCacheScheduleImports: Import todo: #27 'rpcrt4.dll'.
62c4.84c: supHardenedWinVerifyImageByHandle: -> 0 (\Device\HarddiskVolume2\Windows\System32\advapi32.dll)
62c4.84c: supR3HardenedWinVerifyCacheInsert: \Device\HarddiskVolume2\Windows\System32\advapi32.dll
62c4.84c: supR3HardenedScreenImage/LdrLoadDll: cache hit (VINF_SUCCESS) on \Device\HarddiskVolume2\Windows\System32\rsaenh.dll [lacks WinVerifyTrust]
62c4.84c: supR3HardenedWinVerifyCacheProcessImportTodos: Processing 'rpcrt4.dll'...
62c4.84c: supR3HardenedWinVerifyCacheProcessImportTodos: 'rpcrt4.dll' -> '\Device\HarddiskVolume2\Windows\System32\rpcrt4.dll' [rcNtRedir=0xc0150008]
62c4.84c: supR3HardenedScreenImage/Imports: cache hit (VINF_SUCCESS) on \Device\HarddiskVolume2\Windows\System32\rpcrt4.dll [lacks WinVerifyTrust]
62c4.84c: supR3HardenedWinVerifyCacheProcessImportTodos: Processing 'sechost.dll'...
62c4.84c: supR3HardenedWinVerifyCacheProcessImportTodos: 'sechost.dll' -> '\Device\HarddiskVolume2\Windows\System32\sechost.dll' [rcNtRedir=0xc0150008]
62c4.84c: supR3HardenedScreenImage/Imports: cache hit (VINF_SUCCESS) on \Device\HarddiskVolume2\Windows\System32\sechost.dll [lacks WinVerifyTrust]
62c4.84c: supR3HardenedWinVerifyCacheProcessImportTodos: Processing 'msvcrt.dll'...
62c4.84c: supR3HardenedWinVerifyCacheProcessImportTodos: 'msvcrt.dll' -> '\Device\HarddiskVolume2\Windows\System32\msvcrt.dll' [rcNtRedir=0xc0150008]
62c4.84c: supR3HardenedScreenImage/Imports: cache hit (VINF_SUCCESS) on \Device\HarddiskVolume2\Windows\System32\msvcrt.dll [lacks WinVerifyTrust]
62c4.84c: supR3HardenedMonitor_LdrLoadDll: pName=C:\WINDOWS\system32\rsaenh.dll (rcNtResolve=0xc0150008) *pfFlags=0x0 pwszSearchPath=0000000000000001:<flags> [calling]
62c4.84c: supR3HardenedMonitor_LdrLoadDll: returns rcNt=0x0 hMod=00007ffadec80000 'C:\WINDOWS\system32\rsaenh.dll'
62c4.84c: supR3HardenedScreenImage/LdrLoadDll: cache hit (VINF_SUCCESS) on \Device\HarddiskVolume2\Windows\System32\crypt32.dll [lacks WinVerifyTrust]
62c4.84c: supR3HardenedMonitor_LdrLoadDll: pName=C:\WINDOWS\System32\crypt32.dll (Input=crypt32.dll, rcNtResolve=0xc0150008) *pfFlags=0x0 pwszSearchPath=0000000000000001:<flags> [calling]
62c4.84c: supR3HardenedMonitor_LdrLoadDll: returns rcNt=0x0 hMod=00007ffae0070000 'C:\WINDOWS\System32\crypt32.dll'
62c4.84c: supR3HardNtViCallWinVerifyTrustCatFile: hFile=0000000000000000 pwszName=\SystemRoot\System32\ntdll.dll
62c4.84c: supR3HardNtViCallWinVerifyTrustCatFile: New context 000002185c23eba0
62c4.84c: supR3HardNtViCallWinVerifyTrustCatFile: hCatAdmin=000002185c23eba0
62c4.84c: supR3HardNtViCallWinVerifyTrustCatFile: cbHash=20 wszDigest=0CF12AA3B29D7188F4DC9C1E151BA1AD50268E1A
62c4.84c: supR3HardenedScreenImage/LdrLoadDll: cache hit (VINF_SUCCESS) on \Device\HarddiskVolume2\Windows\System32\rpcrt4.dll [lacks WinVerifyTrust]
62c4.84c: supR3HardenedMonitor_LdrLoadDll: pName=C:\WINDOWS\System32\rpcrt4.dll (Input=rpcrt4.dll, rcNtResolve=0xc0150008) *pfFlags=0x0 pwszSearchPath=0000000000000001:<flags> [calling]
62c4.84c: supR3HardenedMonitor_LdrLoadDll: returns rcNt=0x0 hMod=00007ffae08f0000 'C:\WINDOWS\System32\rpcrt4.dll'
62c4.84c: supR3HardenedScreenImage/LdrLoadDll: cache hit (VINF_SUCCESS) on \Device\HarddiskVolume2\Windows\System32\rsaenh.dll [lacks WinVerifyTrust]
62c4.84c: supR3HardenedMonitor_LdrLoadDll: pName=C:\WINDOWS\system32\rsaenh.dll (rcNtResolve=0xc0150008) *pfFlags=0x0 pwszSearchPath=0000000000000001:<flags> [calling]
62c4.84c: supR3HardenedMonitor_LdrLoadDll: returns rcNt=0x0 hMod=00007ffadec80000 'C:\WINDOWS\system32\rsaenh.dll'
62c4.84c: supR3HardenedScreenImage/LdrLoadDll: cache hit (VINF_SUCCESS) on \Device\HarddiskVolume2\Windows\System32\crypt32.dll [lacks WinVerifyTrust]
62c4.84c: supR3HardenedMonitor_LdrLoadDll: pName=C:\WINDOWS\System32\crypt32.dll (Input=crypt32.dll, rcNtResolve=0xc0150008) *pfFlags=0x0 pwszSearchPath=0000000000000001:<flags> [calling]
62c4.84c: supR3HardenedMonitor_LdrLoadDll: returns rcNt=0x0 hMod=00007ffae0070000 'C:\WINDOWS\System32\crypt32.dll'
62c4.84c: supR3HardNtViCallWinVerifyTrustCatFile: WinVerifyTrust => 0x0; cat='C:\WINDOWS\system32\CatRoot\{F750E6C3-38EE-11D1-85E5-00C04FC295EE}\Microsoft-Windows-Client-Desktop-Required-Package0516~31bf3856ad364e35~amd64~~10.0.19041.6456.cat'; file='\SystemRoot\System32\ntdll.dll'
62c4.84c: g_pfnWinVerifyTrust=00007ffae04d3d10
62c4.84c: supR3HardenedScreenImage/preload: cache hit (VINF_SUCCESS) on \Device\HarddiskVolume2\Windows\System32\crypt32.dll [redoing WinVerifyTrust]
62c4.84c: supR3HardenedScreenImage/LdrLoadDll: cache hit (VINF_SUCCESS) on \Device\HarddiskVolume2\Windows\System32\rsaenh.dll [lacks WinVerifyTrust]
62c4.84c: supR3HardenedMonitor_LdrLoadDll: pName=C:\WINDOWS\system32\rsaenh.dll (rcNtResolve=0xc0150008) *pfFlags=0x0 pwszSearchPath=0000000000000001:<flags> [calling]
62c4.84c: supR3HardenedMonitor_LdrLoadDll: returns rcNt=0x0 hMod=00007ffadec80000 'C:\WINDOWS\system32\rsaenh.dll'
62c4.84c: supR3HardenedScreenImage/LdrLoadDll: cache hit (VINF_SUCCESS) on \Device\HarddiskVolume2\Windows\System32\crypt32.dll [lacks WinVerifyTrust]
62c4.84c: supR3HardenedMonitor_LdrLoadDll: pName=C:\WINDOWS\System32\crypt32.dll (Input=crypt32.dll, rcNtResolve=0xc0150008) *pfFlags=0x0 pwszSearchPath=0000000000000001:<flags> [calling]
62c4.84c: supR3HardenedMonitor_LdrLoadDll: returns rcNt=0x0 hMod=00007ffae0070000 'C:\WINDOWS\System32\crypt32.dll'
62c4.84c: supR3HardenedScreenImage/preload: 0 (was 0) fWinVerifyTrust=1 for '\Device\HarddiskVolume2\Windows\System32\crypt32.dll'
62c4.84c: supR3HardenedScreenImage/preload: cache hit (VINF_SUCCESS) on \Device\HarddiskVolume2\Windows\System32\wintrust.dll [redoing WinVerifyTrust]
62c4.84c: supR3HardenedScreenImage/LdrLoadDll: cache hit (VINF_SUCCESS) on \Device\HarddiskVolume2\Windows\System32\rsaenh.dll [lacks WinVerifyTrust]
62c4.84c: supR3HardenedMonitor_LdrLoadDll: pName=C:\WINDOWS\system32\rsaenh.dll (rcNtResolve=0xc0150008) *pfFlags=0x0 pwszSearchPath=0000000000000001:<flags> [calling]
62c4.84c: supR3HardenedMonitor_LdrLoadDll: returns rcNt=0x0 hMod=00007ffadec80000 'C:\WINDOWS\system32\rsaenh.dll'
62c4.84c: supR3HardenedScreenImage/LdrLoadDll: cache hit (VINF_SUCCESS) on \Device\HarddiskVolume2\Windows\System32\crypt32.dll
62c4.84c: supR3HardenedMonitor_LdrLoadDll: pName=C:\WINDOWS\System32\crypt32.dll (Input=crypt32.dll, rcNtResolve=0xc0150008) *pfFlags=0x0 pwszSearchPath=0000000000000001:<flags> [calling]
62c4.84c: supR3HardenedMonitor_LdrLoadDll: returns rcNt=0x0 hMod=00007ffae0070000 'C:\WINDOWS\System32\crypt32.dll'
62c4.84c: supR3HardenedScreenImage/preload: 0 (was 0) fWinVerifyTrust=1 for '\Device\HarddiskVolume2\Windows\System32\wintrust.dll'
62c4.84c: supR3HardenedScreenImage/LdrLoadDll: cache hit (VINF_SUCCESS) on \Device\HarddiskVolume2\Windows\System32\rsaenh.dll [lacks WinVerifyTrust]
62c4.84c: supR3HardenedMonitor_LdrLoadDll: pName=C:\WINDOWS\system32\rsaenh.dll (rcNtResolve=0xc0150008) *pfFlags=0x0 pwszSearchPath=0000000000000001:<flags> [calling]
62c4.84c: supR3HardenedMonitor_LdrLoadDll: returns rcNt=0x0 hMod=00007ffadec80000 'C:\WINDOWS\system32\rsaenh.dll'
62c4.84c: supR3HardenedMonitor_LdrLoadDll: returns rcNt=0x0 hMod=00007ffae0070000 'C:\WINDOWS\System32\crypt32.dll'
62c4.84c: supR3HardenedWinVerifyCacheProcessWvtTodos: 0 (was 0) fWinVerifyTrust=1 for '\Device\HarddiskVolume2\Windows\System32\advapi32.dll'
62c4.84c: supR3HardenedScreenImage/LdrLoadDll: cache hit (VINF_SUCCESS) on \Device\HarddiskVolume2\Windows\System32\rsaenh.dll [lacks WinVerifyTrust]
62c4.84c: supR3HardenedMonitor_LdrLoadDll: returns rcNt=0x0 hMod=00007ffadec80000 'C:\WINDOWS\system32\rsaenh.dll'
62c4.84c: supR3HardenedMonitor_LdrLoadDll: returns rcNt=0x0 hMod=00007ffae0070000 'C:\WINDOWS\System32\crypt32.dll'
62c4.84c: supR3HardenedWinVerifyCacheProcessWvtTodos: 0 (was 0) fWinVerifyTrust=1 for '\Device\HarddiskVolume2\Windows\System32\profapi.dll'
62c4.84c: supR3HardenedScreenImage/LdrLoadDll: cache hit (VINF_SUCCESS) on \Device\HarddiskVolume2\Windows\System32\rsaenh.dll [lacks WinVerifyTrust]
62c4.84c: supR3HardenedMonitor_LdrLoadDll: returns rcNt=0x0 hMod=00007ffadec80000 'C:\WINDOWS\system32\rsaenh.dll'
62c4.84c: supR3HardenedMonitor_LdrLoadDll: returns rcNt=0x0 hMod=00007ffae0070000 'C:\WINDOWS\System32\crypt32.dll'
62c4.84c: supR3HardenedWinVerifyCacheProcessWvtTodos: 0 (was 0) fWinVerifyTrust=1 for '\Device\HarddiskVolume2\Windows\System32\cryptnet.dll'
62c4.84c: supR3HardenedScreenImage/LdrLoadDll: cache hit (VINF_SUCCESS) on \Device\HarddiskVolume2\Windows\System32\rsaenh.dll [lacks WinVerifyTrust]
62c4.84c: supR3HardenedMonitor_LdrLoadDll: returns rcNt=0x0 hMod=00007ffadec80000 'C:\WINDOWS\system32\rsaenh.dll'
62c4.84c: supR3HardenedMonitor_LdrLoadDll: returns rcNt=0x0 hMod=00007ffae0070000 'C:\WINDOWS\System32\crypt32.dll'
62c4.84c: supR3HardenedWinVerifyCacheProcessWvtTodos: 0 (was 0) fWinVerifyTrust=1 for '\Device\HarddiskVolume2\Windows\System32\gpapi.dll'
62c4.84c: supR3HardenedScreenImage/LdrLoadDll: cache hit (VINF_SUCCESS) on \Device\HarddiskVolume2\Windows\System32\rsaenh.dll [lacks WinVerifyTrust]
62c4.84c: supR3HardenedMonitor_LdrLoadDll: returns rcNt=0x0 hMod=00007ffadec80000 'C:\WINDOWS\system32\rsaenh.dll'
62c4.84c: supR3HardenedMonitor_LdrLoadDll: returns rcNt=0x0 hMod=00007ffae0070000 'C:\WINDOWS\System32\crypt32.dll'
62c4.84c: supR3HardenedWinVerifyCacheProcessWvtTodos: 0 (was 0) fWinVerifyTrust=1 for '\Device\HarddiskVolume2\Windows\System32\sechost.dll'
62c4.84c: supR3HardenedScreenImage/LdrLoadDll: cache hit (VINF_SUCCESS) on \Device\HarddiskVolume2\Windows\System32\rsaenh.dll [lacks WinVerifyTrust]
62c4.84c: supR3HardenedMonitor_LdrLoadDll: returns rcNt=0x0 hMod=00007ffadec80000 'C:\WINDOWS\system32\rsaenh.dll'
62c4.84c: supR3HardenedMonitor_LdrLoadDll: returns rcNt=0x0 hMod=00007ffae0070000 'C:\WINDOWS\System32\crypt32.dll'
62c4.84c: supR3HardenedWinVerifyCacheProcessWvtTodos: 0 (was 0) fWinVerifyTrust=1 for '\Device\HarddiskVolume2\Windows\System32\imagehlp.dll'
62c4.84c: supR3HardenedScreenImage/LdrLoadDll: cache hit (VINF_SUCCESS) on \Device\HarddiskVolume2\Windows\System32\rsaenh.dll [lacks WinVerifyTrust]
62c4.84c: supR3HardenedMonitor_LdrLoadDll: returns rcNt=0x0 hMod=00007ffadec80000 'C:\WINDOWS\system32\rsaenh.dll'
62c4.84c: supR3HardenedMonitor_LdrLoadDll: returns rcNt=0x0 hMod=00007ffae0070000 'C:\WINDOWS\System32\crypt32.dll'
62c4.84c: supR3HardenedWinVerifyCacheProcessWvtTodos: 0 (was 0) fWinVerifyTrust=1 for '\Device\HarddiskVolume2\Windows\System32\cryptbase.dll'
62c4.84c: supR3HardenedScreenImage/LdrLoadDll: cache hit (VINF_SUCCESS) on \Device\HarddiskVolume2\Windows\System32\rsaenh.dll [lacks WinVerifyTrust]
62c4.84c: supR3HardenedMonitor_LdrLoadDll: returns rcNt=0x0 hMod=00007ffadec80000 'C:\WINDOWS\system32\rsaenh.dll'
62c4.84c: supR3HardenedScreenImage/LdrLoadDll: cache hit (VINF_SUCCESS) on \Device\HarddiskVolume2\Windows\System32\crypt32.dll
62c4.84c: supR3HardenedMonitor_LdrLoadDll: pName=C:\WINDOWS\System32\crypt32.dll (Input=crypt32.dll, rcNtResolve=0xc0150008) *pfFlags=0x0 pwszSearchPath=0000000000000001:<flags> [calling]
62c4.84c: supR3HardenedMonitor_LdrLoadDll: returns rcNt=0x0 hMod=00007ffae0070000 'C:\WINDOWS\System32\crypt32.dll'
62c4.84c: supR3HardenedWinVerifyCacheProcessWvtTodos: 0 (was 0) fWinVerifyTrust=1 for '\Device\HarddiskVolume2\Windows\System32\rsaenh.dll'
62c4.84c: supR3HardenedScreenImage/LdrLoadDll: cache hit (VINF_SUCCESS) on \Device\HarddiskVolume2\Windows\System32\rsaenh.dll
62c4.84c: supR3HardenedMonitor_LdrLoadDll: pName=C:\WINDOWS\system32\rsaenh.dll (rcNtResolve=0xc0150008) *pfFlags=0x0 pwszSearchPath=0000000000000001:<flags> [calling]
62c4.84c: supR3HardenedMonitor_LdrLoadDll: returns rcNt=0x0 hMod=00007ffadec80000 'C:\WINDOWS\system32\rsaenh.dll'
62c4.84c: supR3HardenedMonitor_LdrLoadDll: returns rcNt=0x0 hMod=00007ffae0070000 'C:\WINDOWS\System32\crypt32.dll'
62c4.84c: supR3HardenedWinVerifyCacheProcessWvtTodos: 0 (was 0) fWinVerifyTrust=1 for '\Device\HarddiskVolume2\Windows\System32\cryptsp.dll'
62c4.84c: supR3HardenedMonitor_LdrLoadDll: returns rcNt=0x0 hMod=00007ffadec80000 'C:\WINDOWS\system32\rsaenh.dll'
62c4.84c: supR3HardenedMonitor_LdrLoadDll: returns rcNt=0x0 hMod=00007ffae0070000 'C:\WINDOWS\System32\crypt32.dll'
62c4.84c: supR3HardenedWinVerifyCacheProcessWvtTodos: 0 (was 0) fWinVerifyTrust=1 for '\Device\HarddiskVolume2\Windows\System32\bcryptprimitives.dll'
62c4.84c: supR3HardenedMonitor_LdrLoadDll: returns rcNt=0x0 hMod=00007ffadec80000 'C:\WINDOWS\system32\rsaenh.dll'
62c4.84c: supR3HardenedMonitor_LdrLoadDll: returns rcNt=0x0 hMod=00007ffae0070000 'C:\WINDOWS\System32\crypt32.dll'
62c4.84c: supR3HardenedWinVerifyCacheProcessWvtTodos: 0 (was 0) fWinVerifyTrust=1 for '\Device\HarddiskVolume2\Windows\System32\bcrypt.dll'
62c4.84c: supR3HardenedMonitor_LdrLoadDll: returns rcNt=0x0 hMod=00007ffadec80000 'C:\WINDOWS\system32\rsaenh.dll'
62c4.84c: supR3HardenedMonitor_LdrLoadDll: returns rcNt=0x0 hMod=00007ffae0070000 'C:\WINDOWS\System32\crypt32.dll'
62c4.84c: supR3HardenedWinVerifyCacheProcessWvtTodos: 0 (was 0) fWinVerifyTrust=1 for '\Device\HarddiskVolume2\Windows\System32\msasn1.dll'
62c4.84c: supR3HardenedMonitor_LdrLoadDll: returns rcNt=0x0 hMod=00007ffadec80000 'C:\WINDOWS\system32\rsaenh.dll'
62c4.84c: supR3HardenedMonitor_LdrLoadDll: returns rcNt=0x0 hMod=00007ffae0070000 'C:\WINDOWS\System32\crypt32.dll'
62c4.84c: supR3HardenedWinVerifyCacheProcessWvtTodos: 0 (was 0) fWinVerifyTrust=1 for '\Device\HarddiskVolume2\Windows\System32\ucrtbase.dll'
62c4.84c: supR3HardenedMonitor_LdrLoadDll: returns rcNt=0x0 hMod=00007ffadec80000 'C:\WINDOWS\system32\rsaenh.dll'
62c4.84c: supR3HardenedMonitor_LdrLoadDll: returns rcNt=0x0 hMod=00007ffae0070000 'C:\WINDOWS\System32\crypt32.dll'
62c4.84c: supR3HardenedWinVerifyCacheProcessWvtTodos: 0 (was 0) fWinVerifyTrust=1 for '\Device\HarddiskVolume2\Windows\System32\msvcrt.dll'
62c4.84c: supR3HardenedMonitor_LdrLoadDll: returns rcNt=0x0 hMod=00007ffadec80000 'C:\WINDOWS\system32\rsaenh.dll'
62c4.84c: supR3HardenedMonitor_LdrLoadDll: returns rcNt=0x0 hMod=00007ffae0070000 'C:\WINDOWS\System32\crypt32.dll'
62c4.84c: supR3HardenedWinVerifyCacheProcessWvtTodos: 0 (was 0) fWinVerifyTrust=1 for '\Device\HarddiskVolume2\Windows\System32\rpcrt4.dll'
62c4.84c: supR3HardenedMonitor_LdrLoadDll: returns rcNt=0x0 hMod=00007ffadec80000 'C:\WINDOWS\system32\rsaenh.dll'
62c4.84c: supR3HardenedMonitor_LdrLoadDll: returns rcNt=0x0 hMod=00007ffae0070000 'C:\WINDOWS\System32\crypt32.dll'
62c4.84c: supR3HardenedWinVerifyCacheProcessWvtTodos: 0 (was 0) fWinVerifyTrust=1 for '\Device\HarddiskVolume2\Program Files\Oracle\VirtualBox\VBoxSupLib.dll'
62c4.84c: supR3HardenedMonitor_LdrLoadDll: returns rcNt=0x0 hMod=00007ffadec80000 'C:\WINDOWS\system32\rsaenh.dll'
62c4.84c: supR3HardenedMonitor_LdrLoadDll: returns rcNt=0x0 hMod=00007ffae0070000 'C:\WINDOWS\System32\crypt32.dll'
62c4.84c: supR3HardenedWinVerifyCacheProcessWvtTodos: 0 (was 0) fWinVerifyTrust=1 for '\Device\HarddiskVolume2\Program Files\Oracle\VirtualBox\VirtualBoxVM.exe'
62c4.84c: supR3HardenedMonitor_LdrLoadDll: returns rcNt=0x0 hMod=00007ffadec80000 'C:\WINDOWS\system32\rsaenh.dll'
62c4.84c: supR3HardenedMonitor_LdrLoadDll: returns rcNt=0x0 hMod=00007ffae0070000 'C:\WINDOWS\System32\crypt32.dll'
62c4.84c: supR3HardenedWinVerifyCacheProcessWvtTodos: 0 (was 0) fWinVerifyTrust=1 for '\Device\HarddiskVolume2\Windows\System32\KernelBase.dll'
62c4.84c: supR3HardenedMonitor_LdrLoadDll: returns rcNt=0x0 hMod=00007ffadec80000 'C:\WINDOWS\system32\rsaenh.dll'
62c4.84c: supR3HardenedMonitor_LdrLoadDll: returns rcNt=0x0 hMod=00007ffae0070000 'C:\WINDOWS\System32\crypt32.dll'
62c4.84c: supR3HardenedWinVerifyCacheProcessWvtTodos: 0 (was 0) fWinVerifyTrust=1 for '\Device\HarddiskVolume2\Windows\System32\kernel32.dll'
62c4.84c: supR3HardenedMonitor_LdrLoadDll: returns rcNt=0x0 hMod=00007ffae0070000 'C:\WINDOWS\system32\crypt32.dll'
62c4.84c: supR3HardenedWinIsDesiredRootCA: Adding 0x670683072a91b300 C=US, O=Microsoft Corporation, CN=Microsoft Identity Verification Root Certificate Authority 2020
62c4.84c: supR3HardenedWinIsDesiredRootCA: Adding 0xba02d0ab12c5ed00 CN=XBL Client IPsec Issuing CA
62c4.84c: supR3HardenedWinIsDesiredRootCA: Adding 0x3d98ab22bb04a300 C=IE, O=Baltimore, OU=CyberTrust, CN=Baltimore CyberTrust Root
62c4.84c: supR3HardenedWinIsDesiredRootCA: Adding 0xeae16ef49d40be00 C=GB, ST=Greater Manchester, L=Salford, O=Comodo CA Limited, CN=AAA Certificate Services
62c4.84c: supR3HardenedWinIsDesiredRootCA: Adding 0x5ad46780fa5df300 DC=com, DC=microsoft, CN=Microsoft Root Certificate Authority
62c4.84c: supR3HardenedWinIsDesiredRootCA: Adding 0xea5386456178582b C=ZA, ST=Western Cape, L=Durbanville, O=Thawte, OU=Thawte Certification, CN=Thawte Timestamping CA
62c4.84c: supR3HardenedWinIsDesiredRootCA: Adding 0xbb3a259414aac900 C=US, ST=California, L=Irvine, O=Blizzard Entertainment, OU=Battle.net, CN=Blizzard Battle.net Local Cert
62c4.84c: supR3HardenedWinIsDesiredRootCA: Adding 0x8ff6fc03c1edbd00 C=US, ST=Arizona, L=Scottsdale, O=Starfield Technologies, Inc., CN=Starfield Root Certificate Authority - G2
62c4.84c: supR3HardenedWinIsDesiredRootCA: Adding 0x3be670c1bd02a900 OU=Copyright (c) 1997 Microsoft Corp., OU=Microsoft Corporation, CN=Microsoft Root Authority
62c4.84c: supR3HardenedWinIsDesiredRootCA: Adding 0xe991ee72b03db500 C=US, O=Symantec Corporation, CN=Symantec Enterprise Mobile Root for Microsoft
62c4.84c: supR3HardenedWinIsDesiredRootCA: Adding 0x4d3835aa4180b200 C=US, ST=Washington, L=Redmond, O=Microsoft Corporation, CN=Microsoft Root Certificate Authority 2011
62c4.84c: supR3HardenedWinIsDesiredRootCA: Adding 0x646e3fe3ba08df00 C=US, O=MSFT, CN=Microsoft Authenticode(tm) Root Authority
62c4.84c: supR3HardenedWinIsDesiredRootCA: Adding 0x9546d06a8d70b800 CN=XBL Server IPsec Issuing CA
62c4.84c: supR3HardenedWinIsDesiredRootCA: Adding 0xd4fbe673e5ccc600 C=US, O=DigiCert Inc, OU=www.digicert.com, CN=DigiCert High Assurance EV Root CA
62c4.84c: supR3HardenedWinIsDesiredRootCA: Adding 0xece4e4289e08b900 C=US, ST=Washington, L=Redmond, O=Microsoft Corporation, CN=Microsoft Root Certificate Authority 2010
62c4.84c: supR3HardenedWinIsDesiredRootCA: Adding 0xf3bb4d7e894b420 C=US, ST=Washington, L=Redmond, O=Microsoft Corporation, CN=Microsoft ECC TS Root Certificate Authority 2018
62c4.84c: supR3HardenedWinIsDesiredRootCA: Adding 0x43a9cc371ff5385a O=Microsoft Trust Network, OU=Microsoft Corporation, OU=Microsoft Time Stamping Service Root, OU=Copyright (c) 1997 Microsoft Corp.
62c4.84c: supR3HardenedWinIsDesiredRootCA: Adding 0x2e2d2c7c68f0202e O=VeriSign Trust Network, OU=VeriSign, Inc., OU=VeriSign Time Stamping Service Root, OU=NO LIABILITY ACCEPTED, (c)97 VeriSign, Inc.
62c4.84c: supR3HardenedWinIsDesiredRootCA: Adding 0xcec3d46562b9be8e C=US, ST=Washington, L=Redmond, O=Microsoft Corporation, CN=Microsoft ECC Product Root Certificate Authority 2018
62c4.84c: supR3HardenedWinIsDesiredRootCA: Adding 0xca58a05dd401ae00 C=US, ST=Washington, L=Redmond, O=Microsoft Corporation, CN=Microsoft Time Stamp Root Certificate Authority 2014
62c4.84c: supR3HardenedWinIsDesiredRootCA: Adding 0x670683072a91b300 C=US, O=Microsoft Corporation, CN=Microsoft Identity Verification Root Certificate Authority 2020
62c4.84c: supR3HardenedWinIsDesiredRootCA: Adding 0x2ca429a5c4c6a700 C=IT, L=Milan, O=Actalis S.p.A./03358520967, CN=Actalis Authentication Root CA
62c4.84c: supR3HardenedWinIsDesiredRootCA: Adding 0xdba83b07e377d7f9 C=GB, O=Sectigo Limited, CN=Sectigo Public Server Authentication Root E46
62c4.84c: supR3HardenedWinIsDesiredRootCA: Adding 0xa1e31e8b0211b600 C=US, O=Google Trust Services LLC, CN=GTS Root R1
62c4.84c: supR3HardenedWinIsDesiredRootCA: Adding 0x1f3f10cd6b5dd700 C=CN, O=China Financial Certification Authority, CN=CFCA EV ROOT
62c4.84c: supR3HardenedWinIsDesiredRootCA: Adding 0x61a3a33f81aace00 C=US, ST=UT, L=Salt Lake City, O=The USERTRUST Network, OU=http://www.usertrust.com, CN=UTN-USERFirst-Object
62c4.84c: supR3HardenedWinIsDesiredRootCA: Adding 0x3d993fde1950a700 C=US, O=IdenTrust, CN=IdenTrust Commercial Root CA 1
62c4.84c: supR3HardenedWinIsDesiredRootCA: Adding 0x6b7bdc34cd37bb00 C=US, O=DigiCert Inc, OU=www.digicert.com, CN=DigiCert Global Root G2
62c4.84c: supR3HardenedWinIsDesiredRootCA: Adding 0x57ba5395b561bf00 C=BM, O=QuoVadis Limited, OU=Root Certification Authority, CN=QuoVadis Root Certification Authority
62c4.84c: supR3HardenedWinIsDesiredRootCA: Adding 0xf4fd306318ccda00 C=US, O=GeoTrust Inc., CN=GeoTrust Global CA
62c4.84c: supR3HardenedWinIsDesiredRootCA: Adding 0xbbde687390e6bf00 C=US, O=DigiCert Inc, OU=www.digicert.com, CN=DigiCert Trusted Root G4
62c4.84c: supR3HardenedWinIsDesiredRootCA: Adding 0x83085097e9afdf00 O=Digital Signature Trust Co., CN=DST Root CA X3
62c4.84c: supR3HardenedWinIsDesiredRootCA: Adding 0xfb700f54a232be00 C=NL, O=Staat der Nederlanden, CN=Staat der Nederlanden Root CA - G3
62c4.84c: supR3HardenedWinIsDesiredRootCA: Adding 0xe248b7eeee4af00 C=CH, O=SwissSign AG, CN=SwissSign Gold CA - G2
62c4.84c: supR3HardenedWinIsDesiredRootCA: Adding 0x780679907625cc00 OU=GlobalSign Root CA - R3, O=GlobalSign, CN=GlobalSign
62c4.84c: supR3HardenedWinIsDesiredRootCA: Adding 0x3d98ab22bb04a300 C=IE, O=Baltimore, OU=CyberTrust, CN=Baltimore CyberTrust Root
62c4.84c: supR3HardenedWinIsDesiredRootCA: Adding 0xa0ee62086758b15d C=US, O=Equifax, OU=Equifax Secure Certificate Authority
62c4.84c: supR3HardenedWinIsDesiredRootCA: Adding 0xeae16ef49d40be00 C=GB, ST=Greater Manchester, L=Salford, O=Comodo CA Limited, CN=AAA Certificate Services
62c4.84c: supR3HardenedWinIsDesiredRootCA: Adding 0xc6536f24d57ae723 C=US, ST=New Jersey, L=Jersey City, O=The USERTRUST Network, CN=USERTrust ECC Certification Authority
62c4.84c: supR3HardenedWinIsDesiredRootCA: Adding 0x9403a4b8727eb000 C=TW, O=TAIWAN-CA, OU=Root CA, CN=TWCA Root Certification Authority
62c4.84c: supR3HardenedWinIsDesiredRootCA: Adding 0x2404221294e78d00 C=GB, O=Sectigo Limited, CN=Sectigo Public Code Signing Root R46
62c4.84c: supR3HardenedWinIsDesiredRootCA: Adding 0x3714f47324e8ad00 C=US, O=Internet Security Research Group, CN=ISRG Root X1
62c4.84c: supR3HardenedWinIsDesiredRootCA: Adding 0xd944bca189a00 C=BM, O=QuoVadis Limited, CN=QuoVadis Root CA 2
62c4.84c: supR3HardenedWinIsDesiredRootCA: Adding 0xcb7d2ba3dd0ff900 C=US, ST=Texas, L=Houston, O=SSL Corporation, CN=SSL.com Root Certification Authority RSA
62c4.84c: supR3HardenedWinIsDesiredRootCA: Adding 0x8ff6fc03c1edbd00 C=US, ST=Arizona, L=Scottsdale, O=Starfield Technologies, Inc., CN=Starfield Root Certificate Authority - G2
62c4.84c: supR3HardenedWinIsDesiredRootCA: Adding 0xc6fa4243b695b600 C=US, O=Entrust, Inc., OU=www.entrust.net/CPS is incorporated by reference, OU=(c) 2006 Entrust, Inc., CN=Entrust Root Certification Authority
62c4.84c: supR3HardenedWinIsDesiredRootCA: Adding 0xa3ce8d99e60eda00 C=BE, O=GlobalSign nv-sa, OU=Root CA, CN=GlobalSign Root CA
62c4.84c: supR3HardenedWinIsDesiredRootCA: Adding 0xb3d6d6c9f168c800 C=FR, O=Dhimyotis, CN=Certigna
62c4.84c: supR3HardenedWinIsDesiredRootCA: Adding 0x560ad29254e89100 C=GB, ST=Greater Manchester, L=Salford, O=COMODO CA Limited, CN=COMODO RSA Certification Authority
62c4.84c: supR3HardenedWinIsDesiredRootCA: Adding 0xd8755236d5be9300 C=GB, O=Sectigo Limited, CN=Sectigo Public Server Authentication Root R46
62c4.84c: supR3HardenedWinIsDesiredRootCA: Adding 0xa671e9fec832b700 C=US, O=Starfield Technologies, Inc., OU=Starfield Class 2 Certification Authority
62c4.84c: supR3HardenedWinIsDesiredRootCA: Adding 0xa8de7211e13be200 C=US, O=DigiCert Inc, OU=www.digicert.com, CN=DigiCert Global Root CA
62c4.84c: supR3HardenedWinIsDesiredRootCA: Adding 0x3178d37f87f1c400 C=CH, O=SwissSign AG, CN=SwissSign Silver CA - G2
62c4.84c: supR3HardenedWinIsDesiredRootCA: Adding 0x4ef92ac43a0cd500 C=US, ST=Arizona, L=Scottsdale, O=Starfield Technologies, Inc., CN=Starfield Services Root Certificate Authority - G2
62c4.84c: supR3HardenedWinIsDesiredRootCA: Adding 0xd45980fbf0a0ac00 C=US, O=thawte, Inc., OU=Certification Services Division, OU=(c) 2006 thawte, Inc. - For authorized use only, CN=thawte Primary Root CA
62c4.84c: supR3HardenedWinIsDesiredRootCA: Adding 0xc9edb72b684ba00 C=US, O=Entrust, Inc., OU=See www.entrust.net/legal-terms, OU=(c) 2009 Entrust, Inc. - for authorized use only, CN=Entrust Root Certification Authority - G2
62c4.84c: supR3HardenedWinIsDesiredRootCA: Adding 0xf5cd95e581a4ab00 C=US, O=SecureTrust Corporation, CN=SecureTrust CA
62c4.84c: supR3HardenedWinIsDesiredRootCA: Adding 0xabd0695c5d11d15e C=US, O=VeriSign, Inc., OU=Class 3 Public Primary Certification Authority - G2, OU=(c) 1998 VeriSign, Inc. - For authorized use only, OU=VeriSign Trust Network
62c4.84c: supR3HardenedWinIsDesiredRootCA: Adding 0xf966ca73e8079500 OU=GlobalSign Root CA - R6, O=GlobalSign, CN=GlobalSign
62c4.84c: supR3HardenedWinIsDesiredRootCA: Adding 0xbebef0d2217f0bfb C=US, O=DigiCert Inc, OU=www.digicert.com, CN=DigiCert Global Root G3
62c4.84c: supR3HardenedWinIsDesiredRootCA: Adding 0x802b3770cb00af00 C=EU, L=Madrid (see current address at www.camerfirma.com/address), SRN=A82743287, O=AC Camerfirma S.A., CN=Chambers of Commerce Root - 2008
62c4.84c: supR3HardenedWinIsDesiredRootCA: Adding 0x6f2ebe0e24cfa600 OU=GlobalSign Root CA - R2, O=GlobalSign, CN=GlobalSign
62c4.84c: supR3HardenedWinIsDesiredRootCA: Adding 0x4dd6e14065368f00 C=US, ST=Texas, L=Houston, O=SSL Corporation, CN=SSL.com EV Root Certification Authority RSA R2
62c4.84c: supR3HardenedWinIsDesiredRootCA: Adding 0x14018a1bf29e595c C=US, O=VeriSign, Inc., OU=Class 3 Public Primary Certification Authority
62c4.84c: supR3HardenedWinIsDesiredRootCA: Adding 0x298c3394be5bca00 C=US, O=Microsoft Corporation, CN=Microsoft RSA Root Certificate Authority 2017
62c4.84c: supR3HardenedWinIsDesiredRootCA: Adding 0xa4031c19392e9f0e OU=GlobalSign ECC Root CA - R4, O=GlobalSign, CN=GlobalSign
62c4.84c: supR3HardenedWinIsDesiredRootCA: Adding 0x9e5bc2d78b6a3636 C=ZA, ST=Western Cape, L=Cape Town, O=Thawte Consulting cc, OU=Certification Services Division, CN=Thawte Premium Server CA, Email=premium-server@thawte.com
62c4.84c: supR3HardenedWinIsDesiredRootCA: Adding 0x7c4fd32ec1b1ce00 C=PL, O=Unizeto Sp. z o.o., CN=Certum CA
62c4.84c: supR3HardenedWinIsDesiredRootCA: Adding 0xd4fbe673e5ccc600 C=US, O=DigiCert Inc, OU=www.digicert.com, CN=DigiCert High Assurance EV Root CA
62c4.84c: supR3HardenedWinIsDesiredRootCA: Adding 0xb352b1523915d000 C=JP, O=SECOM Trust Systems CO.,LTD., OU=Security Communication RootCA2
62c4.84c: supR3HardenedWinIsDesiredRootCA: Adding 0x362d8807333b600 C=US, O=DigiCert, Inc., CN=DigiCert CS RSA4096 Root G5
62c4.84c: supR3HardenedWinIsDesiredRootCA: Adding 0x73e85f1bda5faa00 C=DE, O=T-Systems Enterprise Services GmbH, OU=T-Systems Trust Center, CN=T-TeleSec GlobalRoot Class 2
62c4.84c: supR3HardenedWinIsDesiredRootCA: Adding 0x1b8578514b74ac00 C=US, O=WFA Hotspot 2.0, CN=Hotspot 2.0 Trust Root CA - 03
62c4.84c: supR3HardenedWinIsDesiredRootCA: Adding 0xb28612a94b4dad00 O=Entrust.net, OU=www.entrust.net/CPS_2048 incorp. by ref. (limits liab.), OU=(c) 1999 Entrust.net Limited, CN=Entrust.net Certification Authority (2048)
62c4.84c: supR3HardenedWinIsDesiredRootCA: Adding 0xe87add30c52db600 C=BE, O=GlobalSign nv-sa, CN=GlobalSign Code Signing Root R45
62c4.84c: supR3HardenedWinIsDesiredRootCA: Adding 0x357a29080824af00 C=US, O=VeriSign, Inc., OU=VeriSign Trust Network, OU=(c) 2006 VeriSign, Inc. - For authorized use only, CN=VeriSign Class 3 Public Primary Certification Authority - G5
62c4.84c: supR3HardenedWinIsDesiredRootCA: Adding 0x59faf1086271bf00 C=US, ST=Arizona, L=Scottsdale, O=GoDaddy.com, Inc., CN=Go Daddy Root Certificate Authority - G2
62c4.84c: supR3HardenedWinIsDesiredRootCA: Adding 0x466cbc09db88c100 C=IL, O=StartCom Ltd., OU=Secure Digital Certificate Signing, CN=StartCom Certification Authority
62c4.84c: supR3HardenedWinIsDesiredRootCA: Adding 0xb16dd37ffeb3b300 C=JP, O=SECOM Trust.net, OU=Security Communication RootCA1
62c4.84c: supR3HardenedWinIsDesiredRootCA: Adding 0x3401b15e3761c700 C=US, O=VeriSign, Inc., OU=VeriSign Trust Network, OU=(c) 2008 VeriSign, Inc. - For authorized use only, CN=VeriSign Universal Root Certification Authority
62c4.84c: supR3HardenedWinIsDesiredRootCA: Adding 0xc30e361765128000 C=US, ST=New Jersey, L=Jersey City, O=The USERTRUST Network, CN=USERTrust RSA Certification Authority
62c4.84c: supR3HardenedWinIsDesiredRootCA: Adding 0x491857ead79dde00 C=US, O=The Go Daddy Group, Inc., OU=Go Daddy Class 2 Certification Authority
62c4.84c: supR3HardenedWinIsDesiredRootCA: Adding 0xb9ff821d139e9bf OU=GlobalSign ECC Root CA - R5, O=GlobalSign, CN=GlobalSign
62c4.84c: supR3HardenedWinIsDesiredRootCA: Adding 0xdc1801b225aea100 C=BM, O=QuoVadis Limited, CN=QuoVadis Root CA 2 G3
62c4.84c: supR3HardenedWinIsDesiredRootCA: Adding 0xc2ba72a37dfbe300 C=PL, O=Unizeto Technologies S.A., OU=Certum Certification Authority, CN=Certum Trusted Network CA
62c4.84c: supR3HardenedWinIsDesiredRootCA: Adding 0x8043e4ce150ead00 C=US, O=DigiCert Inc, OU=www.digicert.com, CN=DigiCert Assured ID Root CA
62c4.84c: supR3HardenedWinIsDesiredRootCA: Adding 0xf2e6331af7b700 C=SE, O=AddTrust AB, OU=AddTrust External TTP Network, CN=AddTrust External CA Root
62c4.84c: supR3HardenedWinRetrieveTrustedRootCAs: cAdded=87
62c4.84c: SUPR3HardenedMain: Load Runtime...
62c4.84c: supR3HardenedMonitor_LdrLoadDll: returns rcNt=0x0 hMod=00007ffadec80000 'C:\WINDOWS\system32\rsaenh.dll'
62c4.84c: supR3HardenedMonitor_LdrLoadDll: returns rcNt=0x0 hMod=00007ffae0070000 'C:\WINDOWS\System32\crypt32.dll'
62c4.84c: supR3HardenedWinVerifyCacheScheduleImports: Import todo: #0 'vcruntime140.dll'.
62c4.84c: supR3HardenedWinVerifyCacheScheduleImports: Import todo: #1 'vcruntime140_1.dll'.
62c4.84c: supR3HardenedWinVerifyCacheScheduleImports: Import todo: #2 'msvcp140.dll'.
62c4.84c: supR3HardenedWinVerifyCacheScheduleImports: Import todo: #3 'mpr.dll'.
62c4.84c: supR3HardenedWinVerifyCacheScheduleImports: Import todo: #5 'rpcrt4.dll'.
62c4.84c: supR3HardenedWinVerifyCacheScheduleImports: Import todo: #18 'ws2_32.dll'.
62c4.84c: supHardenedWinVerifyImageByHandle: -> 0 (\Device\HarddiskVolume2\Program Files\Oracle\VirtualBox\VBoxRT.dll) WinVerifyTrust
62c4.84c: supR3HardenedWinVerifyCacheInsert: \Device\HarddiskVolume2\Program Files\Oracle\VirtualBox\VBoxRT.dll
62c4.84c: supR3HardenedWinVerifyCacheProcessImportTodos: Processing 'ws2_32.dll'...
62c4.84c: supR3HardenedWinVerifyCacheProcessImportTodos: 'ws2_32.dll' -> '\Device\HarddiskVolume2\Windows\System32\ws2_32.dll' [rcNtRedir=0xc0150008]
62c4.84c: supR3HardenedMonitor_LdrLoadDll: returns rcNt=0x0 hMod=00007ffadec80000 'C:\WINDOWS\system32\rsaenh.dll'
62c4.84c: supR3HardenedMonitor_LdrLoadDll: returns rcNt=0x0 hMod=00007ffae0070000 'C:\WINDOWS\System32\crypt32.dll'
62c4.84c: supR3HardenedWinVerifyCacheScheduleImports: Import todo: #26 'rpcrt4.dll'.
62c4.84c: supHardenedWinVerifyImageByHandle: -> 0 (\Device\HarddiskVolume2\Windows\System32\ws2_32.dll) WinVerifyTrust
62c4.84c: supR3HardenedWinVerifyCacheInsert: \Device\HarddiskVolume2\Windows\System32\ws2_32.dll
62c4.84c: supR3HardenedWinVerifyCacheProcessImportTodos: Processing 'rpcrt4.dll'...
62c4.84c: supR3HardenedWinVerifyCacheProcessImportTodos: 'rpcrt4.dll' -> '\Device\HarddiskVolume2\Windows\System32\rpcrt4.dll' [rcNtRedir=0xc0150008]
62c4.84c: supR3HardenedScreenImage/Imports: cache hit (VINF_SUCCESS) on \Device\HarddiskVolume2\Windows\System32\rpcrt4.dll
62c4.84c: supR3HardenedWinVerifyCacheProcessImportTodos: Processing 'mpr.dll'...
62c4.84c: supR3HardenedWinVerifyCacheProcessImportTodos: 'mpr.dll' -> '\Device\HarddiskVolume2\Windows\System32\mpr.dll' [rcNtRedir=0xc0150008]
62c4.84c: supR3HardenedWinVerifyCacheProcessImportTodos: Processing 'rpcrt4.dll'...
62c4.84c: supR3HardenedWinVerifyCacheProcessImportTodos: 'rpcrt4.dll' -> '\Device\HarddiskVolume2\Windows\System32\rpcrt4.dll' [rcNtRedir=0xc0150008]
62c4.84c: supR3HardenedScreenImage/Imports: cache hit (VINF_SUCCESS) on \Device\HarddiskVolume2\Windows\System32\rpcrt4.dll
62c4.84c: supR3HardenedMonitor_LdrLoadDll: returns rcNt=0x0 hMod=00007ffadec80000 'C:\WINDOWS\system32\rsaenh.dll'
62c4.84c: supR3HardenedMonitor_LdrLoadDll: returns rcNt=0x0 hMod=00007ffae0070000 'C:\WINDOWS\System32\crypt32.dll'
62c4.84c: supHardenedWinVerifyImageByHandle: -> 0 (\Device\HarddiskVolume2\Windows\System32\mpr.dll) WinVerifyTrust
62c4.84c: supR3HardenedWinVerifyCacheInsert: \Device\HarddiskVolume2\Windows\System32\mpr.dll
62c4.84c: supR3HardenedWinVerifyCacheProcessImportTodos: Processing 'msvcp140.dll'...
62c4.84c: supR3HardenedWinVerifyCacheProcessImportTodos: 'msvcp140.dll' -> '\Device\HarddiskVolume2\Windows\System32\msvcp140.dll' [rcNtRedir=0xc0150008]
62c4.84c: supR3HardenedMonitor_LdrLoadDll: returns rcNt=0x0 hMod=00007ffadec80000 'C:\WINDOWS\system32\rsaenh.dll'
62c4.84c: supR3HardenedScreenImage/LdrLoadDll: cache hit (VINF_SUCCESS) on \Device\HarddiskVolume2\Windows\System32\crypt32.dll
62c4.84c: supR3HardenedMonitor_LdrLoadDll: pName=C:\WINDOWS\System32\crypt32.dll (Input=crypt32.dll, rcNtResolve=0xc0150008) *pfFlags=0x0 pwszSearchPath=0000000000000001:<flags> [calling]
62c4.84c: supR3HardenedMonitor_LdrLoadDll: returns rcNt=0x0 hMod=00007ffae0070000 'C:\WINDOWS\System32\crypt32.dll'
62c4.84c: supR3HardenedWinVerifyCacheScheduleImports: Import todo: #0 'vcruntime140.dll'.
62c4.84c: supR3HardenedWinVerifyCacheScheduleImports: Import todo: #1 'vcruntime140_1.dll'.
62c4.84c: supHardenedWinVerifyImageByHandle: -> 0 (\Device\HarddiskVolume2\Windows\System32\msvcp140.dll) WinVerifyTrust
62c4.84c: supR3HardenedWinVerifyCacheInsert: \Device\HarddiskVolume2\Windows\System32\msvcp140.dll
62c4.84c: supR3HardenedWinVerifyCacheProcessImportTodos: Processing 'vcruntime140_1.dll'...
62c4.84c: supR3HardenedWinVerifyCacheProcessImportTodos: 'vcruntime140_1.dll' -> '\Device\HarddiskVolume2\Windows\System32\vcruntime140_1.dll' [rcNtRedir=0xc0150008]
62c4.84c: supR3HardenedWinVerifyCacheProcessImportTodos: Processing 'vcruntime140_1.dll'...
62c4.84c: supR3HardenedWinVerifyCacheProcessImportTodos: 'vcruntime140_1.dll' -> '\Device\HarddiskVolume2\Windows\System32\vcruntime140_1.dll' [rcNtRedir=0xc0150008]
62c4.84c: Detected WinVerifyTrust recursion: rc=VINF_SUCCESS '\Device\HarddiskVolume2\Windows\System32\vcruntime140_1.dll'.
62c4.84c: supR3HardenedWinVerifyCacheScheduleImports: Import todo: #3 'vcruntime140.dll'.
62c4.84c: supHardenedWinVerifyImageByHandle: -> 0 (\Device\HarddiskVolume2\Windows\System32\vcruntime140_1.dll)
62c4.84c: supR3HardenedWinVerifyCacheInsert: \Device\HarddiskVolume2\Windows\System32\vcruntime140_1.dll
62c4.84c: supR3HardenedWinVerifyCacheProcessImportTodos: Processing 'vcruntime140.dll'...
62c4.84c: supR3HardenedWinVerifyCacheProcessImportTodos: 'vcruntime140.dll' -> '\Device\HarddiskVolume2\Windows\System32\vcruntime140.dll' [rcNtRedir=0xc0150008]
62c4.84c: Detected WinVerifyTrust recursion: rc=VINF_SUCCESS '\Device\HarddiskVolume2\Windows\System32\vcruntime140.dll'.
62c4.84c: supHardenedWinVerifyImageByHandle: -> 0 (\Device\HarddiskVolume2\Windows\System32\vcruntime140.dll)
62c4.84c: supR3HardenedWinVerifyCacheInsert: \Device\HarddiskVolume2\Windows\System32\vcruntime140.dll
62c4.84c: supR3HardenedWinVerifyCacheProcessImportTodos: Processing 'vcruntime140.dll'...
62c4.84c: supR3HardenedWinVerifyCacheProcessImportTodos: 'vcruntime140.dll' -> '\Device\HarddiskVolume2\Windows\System32\vcruntime140.dll' [rcNtRedir=0xc0150008]
62c4.84c: supR3HardenedScreenImage/Imports: cache hit (VINF_SUCCESS) on \Device\HarddiskVolume2\Windows\System32\vcruntime140.dll [lacks WinVerifyTrust]
62c4.84c: supR3HardenedMonitor_LdrLoadDll: returns rcNt=0x0 hMod=00007ffadec80000 'C:\WINDOWS\system32\rsaenh.dll'
62c4.84c: supR3HardenedMonitor_LdrLoadDll: returns rcNt=0x0 hMod=00007ffae0070000 'C:\WINDOWS\System32\crypt32.dll'
62c4.84c: supR3HardenedWinVerifyCacheScheduleImports: Import todo: #3 'vcruntime140.dll'.
62c4.84c: supHardenedWinVerifyImageByHandle: -> 0 (\Device\HarddiskVolume2\Windows\System32\vcruntime140_1.dll) WinVerifyTrust
62c4.84c: supR3HardenedWinVerifyCacheProcessImportTodos: Processing 'vcruntime140.dll'...
62c4.84c: supR3HardenedWinVerifyCacheProcessImportTodos: 'vcruntime140.dll' -> '\Device\HarddiskVolume2\Windows\System32\vcruntime140.dll' [rcNtRedir=0xc0150008]
62c4.84c: supR3HardenedScreenImage/Imports: cache hit (VINF_SUCCESS) on \Device\HarddiskVolume2\Windows\System32\vcruntime140.dll [redoing WinVerifyTrust]
62c4.84c: supR3HardenedScreenImage/LdrLoadDll: cache hit (VINF_SUCCESS) on \Device\HarddiskVolume2\Windows\System32\rsaenh.dll
62c4.84c: supR3HardenedWinVerifyCacheProcessImportTodos: Processing 'vcruntime140.dll'...
62c4.84c: supR3HardenedWinVerifyCacheProcessImportTodos: 'vcruntime140.dll' -> '\Device\HarddiskVolume2\Windows\System32\vcruntime140.dll' [rcNtRedir=0xc0150008]
62c4.84c: supR3HardenedScreenImage/Imports: cache hit (VINF_SUCCESS) on \Device\HarddiskVolume2\Windows\System32\vcruntime140.dll [lacks WinVerifyTrust]
62c4.84c: supR3HardenedMonitor_LdrLoadDll: pName=C:\WINDOWS\system32\rsaenh.dll (rcNtResolve=0xc0150008) *pfFlags=0x0 pwszSearchPath=0000000000000001:<flags> [calling]
62c4.84c: supR3HardenedMonitor_LdrLoadDll: returns rcNt=0x0 hMod=00007ffadec80000 'C:\WINDOWS\system32\rsaenh.dll'
62c4.84c: supR3HardenedMonitor_LdrLoadDll: returns rcNt=0x0 hMod=00007ffae0070000 'C:\WINDOWS\System32\crypt32.dll'
62c4.84c: supR3HardenedScreenImage/Imports: 0 (was 0) fWinVerifyTrust=1 for '\Device\HarddiskVolume2\Windows\System32\vcruntime140.dll'
62c4.84c: supR3HardenedMonitor_LdrLoadDll: pName=C:\Program Files\Oracle\VirtualBox\VBoxRT.dll (rcNtResolve=0xc0150008) *pfFlags=0x0 pwszSearchPath=0000000000000a01:<flags> [calling]
62c4.84c: supR3HardenedScreenImage/NtCreateSection: cache hit (VINF_SUCCESS) on \Device\HarddiskVolume2\Program Files\Oracle\VirtualBox\VBoxRT.dll
62c4.84c: supR3HardenedScreenImage/NtCreateSection: cache hit (VINF_SUCCESS) on \Device\HarddiskVolume2\Windows\System32\vcruntime140.dll
62c4.84c: supR3HardenedScreenImage/NtCreateSection: cache hit (VINF_SUCCESS) on \Device\HarddiskVolume2\Windows\System32\vcruntime140_1.dll [avoiding WinVerifyTrust]
62c4.84c: supR3HardenedScreenImage/NtCreateSection: cache hit (VINF_SUCCESS) on \Device\HarddiskVolume2\Windows\System32\msvcp140.dll
62c4.84c: supR3HardenedScreenImage/NtCreateSection: cache hit (VINF_SUCCESS) on \Device\HarddiskVolume2\Windows\System32\mpr.dll
62c4.84c: supR3HardenedDllNotificationCallback: load   00007ffac8d90000 LB 0x0001e000 C:\WINDOWS\SYSTEM32\VCRUNTIME140.dll [fFlags=0x0]
62c4.84c: supR3HardenedScreenImage/LdrLoadDll: cache hit (VINF_SUCCESS) on \Device\HarddiskVolume2\Windows\System32\vcruntime140.dll
62c4.84c: supR3HardenedDllNotificationCallback: load   00007ffac8d70000 LB 0x0000c000 C:\WINDOWS\SYSTEM32\VCRUNTIME140_1.dll [fFlags=0x0]
62c4.84c: supR3HardenedScreenImage/LdrLoadDll: cache hit (VINF_SUCCESS) on \Device\HarddiskVolume2\Windows\System32\vcruntime140_1.dll [avoiding WinVerifyTrust]
62c4.84c: supR3HardenedDllNotificationCallback: load   00007ffac8db0000 LB 0x0008d000 C:\WINDOWS\SYSTEM32\MSVCP140.dll [fFlags=0x0]
62c4.84c: supR3HardenedScreenImage/LdrLoadDll: cache hit (VINF_SUCCESS) on \Device\HarddiskVolume2\Windows\System32\msvcp140.dll
62c4.84c: supR3HardenedDllNotificationCallback: load   00007ffac8b40000 LB 0x0001d000 C:\WINDOWS\SYSTEM32\MPR.dll [fFlags=0x0]
62c4.84c: supR3HardenedScreenImage/LdrLoadDll: cache hit (VINF_SUCCESS) on \Device\HarddiskVolume2\Windows\System32\mpr.dll
62c4.84c: supR3HardenedDllNotificationCallback: load   00007ffae2330000 LB 0x0006b000 C:\WINDOWS\System32\WS2_32.dll [fFlags=0x0]
62c4.84c: supR3HardenedScreenImage/LdrLoadDll: cache hit (VINF_SUCCESS) on \Device\HarddiskVolume2\Windows\System32\ws2_32.dll
62c4.84c: supR3HardenedDllNotificationCallback: load   00007ffa47370000 LB 0x0071a000 C:\Program Files\Oracle\VirtualBox\VBoxRT.dll [fFlags=0x0]
62c4.84c: supR3HardenedScreenImage/LdrLoadDll: cache hit (VINF_SUCCESS) on \Device\HarddiskVolume2\Program Files\Oracle\VirtualBox\VBoxRT.dll
62c4.84c: Detected loader lock ownership: rc=VINF_SUCCESS '\Device\HarddiskVolume2\Windows\System32\vcruntime140_1.dll'.
62c4.84c: supR3HardenedWinVerifyCacheProcessWvtTodos: 0 (was 0) fWinVerifyTrust=0 for '\Device\HarddiskVolume2\Windows\System32\vcruntime140_1.dll' [rescheduled]
62c4.84c: supR3HardenedIsApiSetDll: ApiSetQueryApiSetPresence(api-ms-win-core-synch-l1-2-0) -> 0x0, fPresent=1
62c4.84c: supR3HardenedMonitor_LdrLoadDll: pName=api-ms-win-core-synch-l1-2-0 (rcNtResolve=0x0) *pfFlags=0x0 pwszSearchPath=0000000000000801:<flags> [calling]
62c4.84c: supR3HardenedMonitor_LdrLoadDll: returns rcNt=0x0 hMod=00007ffae01d0000 'api-ms-win-core-synch-l1-2-0'
62c4.84c: Detected loader lock ownership: rc=VINF_SUCCESS '\Device\HarddiskVolume2\Windows\System32\vcruntime140_1.dll'.
62c4.84c: supR3HardenedWinVerifyCacheProcessWvtTodos: 0 (was 0) fWinVerifyTrust=0 for '\Device\HarddiskVolume2\Windows\System32\vcruntime140_1.dll' [rescheduled]
62c4.84c: Detected loader lock ownership: rc=VINF_SUCCESS '\Device\HarddiskVolume2\Windows\System32\vcruntime140_1.dll'.
62c4.84c: supR3HardenedWinVerifyCacheProcessWvtTodos: 0 (was 0) fWinVerifyTrust=0 for '\Device\HarddiskVolume2\Windows\System32\vcruntime140_1.dll' [rescheduled]
62c4.84c: supR3HardenedIsApiSetDll: ApiSetQueryApiSetPresence(api-ms-win-core-fibers-l1-1-1) -> 0x0, fPresent=1
62c4.84c: supR3HardenedMonitor_LdrLoadDll: pName=api-ms-win-core-fibers-l1-1-1 (rcNtResolve=0x0) *pfFlags=0x0 pwszSearchPath=0000000000000801:<flags> [calling]
62c4.84c: supR3HardenedMonitor_LdrLoadDll: returns rcNt=0x0 hMod=00007ffae01d0000 'api-ms-win-core-fibers-l1-1-1'
62c4.84c: Detected loader lock ownership: rc=VINF_SUCCESS '\Device\HarddiskVolume2\Windows\System32\vcruntime140_1.dll'.
62c4.84c: supR3HardenedWinVerifyCacheProcessWvtTodos: 0 (was 0) fWinVerifyTrust=0 for '\Device\HarddiskVolume2\Windows\System32\vcruntime140_1.dll' [rescheduled]
62c4.84c: Detected loader lock ownership: rc=VINF_SUCCESS '\Device\HarddiskVolume2\Windows\System32\vcruntime140_1.dll'.
62c4.84c: supR3HardenedWinVerifyCacheProcessWvtTodos: 0 (was 0) fWinVerifyTrust=0 for '\Device\HarddiskVolume2\Windows\System32\vcruntime140_1.dll' [rescheduled]
62c4.84c: supR3HardenedIsApiSetDll: ApiSetQueryApiSetPresence(api-ms-win-core-synch-l1-2-0) -> 0x0, fPresent=1
62c4.84c: supR3HardenedMonitor_LdrLoadDll: pName=api-ms-win-core-synch-l1-2-0 (rcNtResolve=0x0) *pfFlags=0x0 pwszSearchPath=0000000000000801:<flags> [calling]
62c4.84c: supR3HardenedMonitor_LdrLoadDll: returns rcNt=0x0 hMod=00007ffae01d0000 'api-ms-win-core-synch-l1-2-0'
62c4.84c: Detected loader lock ownership: rc=VINF_SUCCESS '\Device\HarddiskVolume2\Windows\System32\vcruntime140_1.dll'.
62c4.84c: supR3HardenedWinVerifyCacheProcessWvtTodos: 0 (was 0) fWinVerifyTrust=0 for '\Device\HarddiskVolume2\Windows\System32\vcruntime140_1.dll' [rescheduled]
62c4.84c: Detected loader lock ownership: rc=VINF_SUCCESS '\Device\HarddiskVolume2\Windows\System32\vcruntime140_1.dll'.
62c4.84c: supR3HardenedWinVerifyCacheProcessWvtTodos: 0 (was 0) fWinVerifyTrust=0 for '\Device\HarddiskVolume2\Windows\System32\vcruntime140_1.dll' [rescheduled]
62c4.84c: supR3HardenedIsApiSetDll: ApiSetQueryApiSetPresence(api-ms-win-core-fibers-l1-1-1) -> 0x0, fPresent=1
62c4.84c: supR3HardenedMonitor_LdrLoadDll: pName=api-ms-win-core-fibers-l1-1-1 (rcNtResolve=0x0) *pfFlags=0x0 pwszSearchPath=0000000000000801:<flags> [calling]
62c4.84c: supR3HardenedMonitor_LdrLoadDll: returns rcNt=0x0 hMod=00007ffae01d0000 'api-ms-win-core-fibers-l1-1-1'
62c4.84c: Detected loader lock ownership: rc=VINF_SUCCESS '\Device\HarddiskVolume2\Windows\System32\vcruntime140_1.dll'.
62c4.84c: supR3HardenedWinVerifyCacheProcessWvtTodos: 0 (was 0) fWinVerifyTrust=0 for '\Device\HarddiskVolume2\Windows\System32\vcruntime140_1.dll' [rescheduled]
62c4.84c: Detected loader lock ownership: rc=VINF_SUCCESS '\Device\HarddiskVolume2\Windows\System32\vcruntime140_1.dll'.
62c4.84c: supR3HardenedWinVerifyCacheProcessWvtTodos: 0 (was 0) fWinVerifyTrust=0 for '\Device\HarddiskVolume2\Windows\System32\vcruntime140_1.dll' [rescheduled]
62c4.84c: supR3HardenedScreenImage/LdrLoadDll: cache hit (VINF_SUCCESS) on \Device\HarddiskVolume2\Windows\System32\kernel32.dll
62c4.84c: supR3HardenedMonitor_LdrLoadDll: pName=C:\WINDOWS\System32\kernel32.dll (Input=kernel32, rcNtResolve=0xc0150008) *pfFlags=0x0 pwszSearchPath=0000000000000801:<flags> [calling]
62c4.84c: supR3HardenedMonitor_LdrLoadDll: returns rcNt=0x0 hMod=00007ffae0fd0000 'C:\WINDOWS\System32\kernel32.dll'
62c4.84c: Detected loader lock ownership: rc=VINF_SUCCESS '\Device\HarddiskVolume2\Windows\System32\vcruntime140_1.dll'.
62c4.84c: supR3HardenedWinVerifyCacheProcessWvtTodos: 0 (was 0) fWinVerifyTrust=0 for '\Device\HarddiskVolume2\Windows\System32\vcruntime140_1.dll' [rescheduled]
62c4.84c: Detected loader lock ownership: rc=VINF_SUCCESS '\Device\HarddiskVolume2\Windows\System32\vcruntime140_1.dll'.
62c4.84c: supR3HardenedWinVerifyCacheProcessWvtTodos: 0 (was 0) fWinVerifyTrust=0 for '\Device\HarddiskVolume2\Windows\System32\vcruntime140_1.dll' [rescheduled]
62c4.84c: supR3HardenedIsApiSetDll: ApiSetQueryApiSetPresence(api-ms-win-core-string-l1-1-0) -> 0x0, fPresent=1
62c4.84c: supR3HardenedMonitor_LdrLoadDll: pName=api-ms-win-core-string-l1-1-0 (rcNtResolve=0x0) *pfFlags=0x0 pwszSearchPath=0000000000000801:<flags> [calling]
62c4.84c: supR3HardenedMonitor_LdrLoadDll: returns rcNt=0x0 hMod=00007ffae01d0000 'api-ms-win-core-string-l1-1-0'
62c4.84c: Detected loader lock ownership: rc=VINF_SUCCESS '\Device\HarddiskVolume2\Windows\System32\vcruntime140_1.dll'.
62c4.84c: supR3HardenedWinVerifyCacheProcessWvtTodos: 0 (was 0) fWinVerifyTrust=0 for '\Device\HarddiskVolume2\Windows\System32\vcruntime140_1.dll' [rescheduled]
62c4.84c: Detected loader lock ownership: rc=VINF_SUCCESS '\Device\HarddiskVolume2\Windows\System32\vcruntime140_1.dll'.
62c4.84c: supR3HardenedWinVerifyCacheProcessWvtTodos: 0 (was 0) fWinVerifyTrust=0 for '\Device\HarddiskVolume2\Windows\System32\vcruntime140_1.dll' [rescheduled]
62c4.84c: supR3HardenedIsApiSetDll: ApiSetQueryApiSetPresence(api-ms-win-core-localization-l1-2-1) -> 0x0, fPresent=1
62c4.84c: supR3HardenedMonitor_LdrLoadDll: pName=api-ms-win-core-localization-l1-2-1 (rcNtResolve=0x0) *pfFlags=0x0 pwszSearchPath=0000000000000801:<flags> [calling]
62c4.84c: supR3HardenedMonitor_LdrLoadDll: returns rcNt=0x0 hMod=00007ffae01d0000 'api-ms-win-core-localization-l1-2-1'
62c4.84c: Detected loader lock ownership: rc=VINF_SUCCESS '\Device\HarddiskVolume2\Windows\System32\vcruntime140_1.dll'.
62c4.84c: supR3HardenedWinVerifyCacheProcessWvtTodos: 0 (was 0) fWinVerifyTrust=0 for '\Device\HarddiskVolume2\Windows\System32\vcruntime140_1.dll' [rescheduled]
62c4.84c: Detected loader lock ownership: rc=VINF_SUCCESS '\Device\HarddiskVolume2\Windows\System32\vcruntime140_1.dll'.
62c4.84c: supR3HardenedWinVerifyCacheProcessWvtTodos: 0 (was 0) fWinVerifyTrust=0 for '\Device\HarddiskVolume2\Windows\System32\vcruntime140_1.dll' [rescheduled]
62c4.84c: supR3HardenedIsApiSetDll: ApiSetQueryApiSetPresence(api-ms-win-core-datetime-l1-1-1) -> 0x0, fPresent=1
62c4.84c: supR3HardenedMonitor_LdrLoadDll: pName=api-ms-win-core-datetime-l1-1-1 (rcNtResolve=0x0) *pfFlags=0x0 pwszSearchPath=0000000000000801:<flags> [calling]
62c4.84c: supR3HardenedMonitor_LdrLoadDll: returns rcNt=0x0 hMod=00007ffae01d0000 'api-ms-win-core-datetime-l1-1-1'
62c4.84c: Detected loader lock ownership: rc=VINF_SUCCESS '\Device\HarddiskVolume2\Windows\System32\vcruntime140_1.dll'.
62c4.84c: supR3HardenedWinVerifyCacheProcessWvtTodos: 0 (was 0) fWinVerifyTrust=0 for '\Device\HarddiskVolume2\Windows\System32\vcruntime140_1.dll' [rescheduled]
62c4.84c: Detected loader lock ownership: rc=VINF_SUCCESS '\Device\HarddiskVolume2\Windows\System32\vcruntime140_1.dll'.
62c4.84c: supR3HardenedWinVerifyCacheProcessWvtTodos: 0 (was 0) fWinVerifyTrust=0 for '\Device\HarddiskVolume2\Windows\System32\vcruntime140_1.dll' [rescheduled]
62c4.84c: supR3HardenedIsApiSetDll: ApiSetQueryApiSetPresence(api-ms-win-core-localization-obsolete-l1-2-0) -> 0x0, fPresent=1
62c4.84c: supR3HardenedMonitor_LdrLoadDll: pName=api-ms-win-core-localization-obsolete-l1-2-0 (rcNtResolve=0x0) *pfFlags=0x0 pwszSearchPath=0000000000000801:<flags> [calling]
62c4.84c: supR3HardenedMonitor_LdrLoadDll: returns rcNt=0x0 hMod=00007ffae01d0000 'api-ms-win-core-localization-obsolete-l1-2-0'
62c4.84c: Detected loader lock ownership: rc=VINF_SUCCESS '\Device\HarddiskVolume2\Windows\System32\vcruntime140_1.dll'.
62c4.84c: supR3HardenedWinVerifyCacheProcessWvtTodos: 0 (was 0) fWinVerifyTrust=0 for '\Device\HarddiskVolume2\Windows\System32\vcruntime140_1.dll' [rescheduled]
62c4.84c: Detected loader lock ownership: rc=VINF_SUCCESS '\Device\HarddiskVolume2\Windows\System32\vcruntime140_1.dll'.
62c4.84c: supR3HardenedWinVerifyCacheProcessWvtTodos: 0 (was 0) fWinVerifyTrust=0 for '\Device\HarddiskVolume2\Windows\System32\vcruntime140_1.dll' [rescheduled]
62c4.84c: supR3HardenedScreenImage/LdrLoadDll: cache hit (VINF_SUCCESS) on \Device\HarddiskVolume2\Program Files\Oracle\VirtualBox\VBoxRT.dll
62c4.84c: supR3HardenedMonitor_LdrLoadDll: pName=C:\Program Files\Oracle\VirtualBox\VBoxRT.dll (rcNtResolve=0xc0150008) *pfFlags=0x0 pwszSearchPath=0000000000000001:<flags> [calling]
62c4.84c: supR3HardenedMonitor_LdrLoadDll: returns rcNt=0x0 hMod=00007ffa47370000 'C:\Program Files\Oracle\VirtualBox\VBoxRT.dll'
62c4.84c: Detected loader lock ownership: rc=VINF_SUCCESS '\Device\HarddiskVolume2\Windows\System32\vcruntime140_1.dll'.
62c4.84c: supR3HardenedWinVerifyCacheProcessWvtTodos: 0 (was 0) fWinVerifyTrust=0 for '\Device\HarddiskVolume2\Windows\System32\vcruntime140_1.dll' [rescheduled]
62c4.84c: Detected loader lock ownership: rc=VINF_SUCCESS '\Device\HarddiskVolume2\Windows\System32\vcruntime140_1.dll'.
62c4.84c: supR3HardenedWinVerifyCacheProcessWvtTodos: 0 (was 0) fWinVerifyTrust=0 for '\Device\HarddiskVolume2\Windows\System32\vcruntime140_1.dll' [rescheduled]
62c4.84c: supR3HardenedScreenImage/LdrLoadDll: cache hit (VINF_SUCCESS) on \Device\HarddiskVolume2\Program Files\Oracle\VirtualBox\VBoxRT.dll
62c4.84c: supR3HardenedMonitor_LdrLoadDll: pName=C:\Program Files\Oracle\VirtualBox\VBoxRT.dll (rcNtResolve=0xc0150008) *pfFlags=0x0 pwszSearchPath=0000000000000001:<flags> [calling]
62c4.84c: supR3HardenedMonitor_LdrLoadDll: returns rcNt=0x0 hMod=00007ffa47370000 'C:\Program Files\Oracle\VirtualBox\VBoxRT.dll'
62c4.84c: Detected loader lock ownership: rc=VINF_SUCCESS '\Device\HarddiskVolume2\Windows\System32\vcruntime140_1.dll'.
62c4.84c: supR3HardenedWinVerifyCacheProcessWvtTodos: 0 (was 0) fWinVerifyTrust=0 for '\Device\HarddiskVolume2\Windows\System32\vcruntime140_1.dll' [rescheduled]
62c4.84c: Detected loader lock ownership: rc=VINF_SUCCESS '\Device\HarddiskVolume2\Windows\System32\vcruntime140_1.dll'.
62c4.84c: supR3HardenedWinVerifyCacheProcessWvtTodos: 0 (was 0) fWinVerifyTrust=0 for '\Device\HarddiskVolume2\Windows\System32\vcruntime140_1.dll' [rescheduled]
62c4.84c: supR3HardenedScreenImage/LdrLoadDll: cache hit (VINF_SUCCESS) on \Device\HarddiskVolume2\Program Files\Oracle\VirtualBox\VBoxRT.dll
62c4.84c: supR3HardenedMonitor_LdrLoadDll: pName=C:\Program Files\Oracle\VirtualBox\VBoxRT.dll (rcNtResolve=0xc0150008) *pfFlags=0x0 pwszSearchPath=0000000000000001:<flags> [calling]
62c4.84c: supR3HardenedMonitor_LdrLoadDll: returns rcNt=0x0 hMod=00007ffa47370000 'C:\Program Files\Oracle\VirtualBox\VBoxRT.dll'
62c4.84c: Detected loader lock ownership: rc=VINF_SUCCESS '\Device\HarddiskVolume2\Windows\System32\vcruntime140_1.dll'.
62c4.84c: supR3HardenedWinVerifyCacheProcessWvtTodos: 0 (was 0) fWinVerifyTrust=0 for '\Device\HarddiskVolume2\Windows\System32\vcruntime140_1.dll' [rescheduled]
62c4.84c: Detected loader lock ownership: rc=VINF_SUCCESS '\Device\HarddiskVolume2\Windows\System32\vcruntime140_1.dll'.
62c4.84c: supR3HardenedWinVerifyCacheProcessWvtTodos: 0 (was 0) fWinVerifyTrust=0 for '\Device\HarddiskVolume2\Windows\System32\vcruntime140_1.dll' [rescheduled]
62c4.84c: supR3HardenedScreenImage/LdrLoadDll: cache hit (VINF_SUCCESS) on \Device\HarddiskVolume2\Program Files\Oracle\VirtualBox\VBoxRT.dll
62c4.84c: supR3HardenedMonitor_LdrLoadDll: pName=C:\Program Files\Oracle\VirtualBox\VBoxRT.dll (rcNtResolve=0xc0150008) *pfFlags=0x0 pwszSearchPath=0000000000000001:<flags> [calling]
62c4.84c: supR3HardenedMonitor_LdrLoadDll: returns rcNt=0x0 hMod=00007ffa47370000 'C:\Program Files\Oracle\VirtualBox\VBoxRT.dll'
62c4.84c: Detected loader lock ownership: rc=VINF_SUCCESS '\Device\HarddiskVolume2\Windows\System32\vcruntime140_1.dll'.
62c4.84c: supR3HardenedWinVerifyCacheProcessWvtTodos: 0 (was 0) fWinVerifyTrust=0 for '\Device\HarddiskVolume2\Windows\System32\vcruntime140_1.dll' [rescheduled]
62c4.84c: Detected loader lock ownership: rc=VINF_SUCCESS '\Device\HarddiskVolume2\Windows\System32\vcruntime140_1.dll'.
62c4.84c: supR3HardenedWinVerifyCacheProcessWvtTodos: 0 (was 0) fWinVerifyTrust=0 for '\Device\HarddiskVolume2\Windows\System32\vcruntime140_1.dll' [rescheduled]
62c4.84c: supR3HardenedScreenImage/LdrLoadDll: cache hit (VINF_SUCCESS) on \Device\HarddiskVolume2\Program Files\Oracle\VirtualBox\VBoxRT.dll
62c4.84c: supR3HardenedMonitor_LdrLoadDll: pName=C:\Program Files\Oracle\VirtualBox\VBoxRT.dll (rcNtResolve=0xc0150008) *pfFlags=0x0 pwszSearchPath=0000000000000001:<flags> [calling]
62c4.84c: supR3HardenedMonitor_LdrLoadDll: returns rcNt=0x0 hMod=00007ffa47370000 'C:\Program Files\Oracle\VirtualBox\VBoxRT.dll'
62c4.84c: Detected loader lock ownership: rc=VINF_SUCCESS '\Device\HarddiskVolume2\Windows\System32\vcruntime140_1.dll'.
62c4.84c: supR3HardenedWinVerifyCacheProcessWvtTodos: 0 (was 0) fWinVerifyTrust=0 for '\Device\HarddiskVolume2\Windows\System32\vcruntime140_1.dll' [rescheduled]
62c4.84c: Detected loader lock ownership: rc=VINF_SUCCESS '\Device\HarddiskVolume2\Windows\System32\vcruntime140_1.dll'.
62c4.84c: supR3HardenedWinVerifyCacheProcessWvtTodos: 0 (was 0) fWinVerifyTrust=0 for '\Device\HarddiskVolume2\Windows\System32\vcruntime140_1.dll' [rescheduled]
62c4.84c: supR3HardenedScreenImage/LdrLoadDll: cache hit (VINF_SUCCESS) on \Device\HarddiskVolume2\Program Files\Oracle\VirtualBox\VBoxRT.dll
62c4.84c: supR3HardenedMonitor_LdrLoadDll: pName=C:\Program Files\Oracle\VirtualBox\VBoxRT.dll (rcNtResolve=0xc0150008) *pfFlags=0x0 pwszSearchPath=0000000000000001:<flags> [calling]
62c4.84c: supR3HardenedMonitor_LdrLoadDll: returns rcNt=0x0 hMod=00007ffa47370000 'C:\Program Files\Oracle\VirtualBox\VBoxRT.dll'
62c4.84c: Detected loader lock ownership: rc=VINF_SUCCESS '\Device\HarddiskVolume2\Windows\System32\vcruntime140_1.dll'.
62c4.84c: supR3HardenedWinVerifyCacheProcessWvtTodos: 0 (was 0) fWinVerifyTrust=0 for '\Device\HarddiskVolume2\Windows\System32\vcruntime140_1.dll' [rescheduled]
62c4.84c: Detected loader lock ownership: rc=VINF_SUCCESS '\Device\HarddiskVolume2\Windows\System32\vcruntime140_1.dll'.
62c4.84c: supR3HardenedWinVerifyCacheProcessWvtTodos: 0 (was 0) fWinVerifyTrust=0 for '\Device\HarddiskVolume2\Windows\System32\vcruntime140_1.dll' [rescheduled]
62c4.84c: supR3HardenedMonitor_LdrLoadDll: returns rcNt=0x0 hMod=00007ffa47370000 'C:\Program Files\Oracle\VirtualBox\VBoxRT.dll'
62c4.84c: Detected loader lock ownership: rc=VINF_SUCCESS '\Device\HarddiskVolume2\Windows\System32\vcruntime140_1.dll'.
62c4.84c: supR3HardenedWinVerifyCacheProcessWvtTodos: 0 (was 0) fWinVerifyTrust=0 for '\Device\HarddiskVolume2\Windows\System32\vcruntime140_1.dll' [rescheduled]
62c4.84c: Detected loader lock ownership: rc=VINF_SUCCESS '\Device\HarddiskVolume2\Windows\System32\vcruntime140_1.dll'.
62c4.84c: supR3HardenedWinVerifyCacheProcessWvtTodos: 0 (was 0) fWinVerifyTrust=0 for '\Device\HarddiskVolume2\Windows\System32\vcruntime140_1.dll' [rescheduled]
62c4.84c: supR3HardenedMonitor_LdrLoadDll: returns rcNt=0x0 hMod=00007ffa47370000 'C:\Program Files\Oracle\VirtualBox\VBoxRT.dll'
62c4.84c: Detected loader lock ownership: rc=VINF_SUCCESS '\Device\HarddiskVolume2\Windows\System32\vcruntime140_1.dll'.
62c4.84c: supR3HardenedWinVerifyCacheProcessWvtTodos: 0 (was 0) fWinVerifyTrust=0 for '\Device\HarddiskVolume2\Windows\System32\vcruntime140_1.dll' [rescheduled]
62c4.84c: Detected loader lock ownership: rc=VINF_SUCCESS '\Device\HarddiskVolume2\Windows\System32\vcruntime140_1.dll'.
62c4.84c: supR3HardenedWinVerifyCacheProcessWvtTodos: 0 (was 0) fWinVerifyTrust=0 for '\Device\HarddiskVolume2\Windows\System32\vcruntime140_1.dll' [rescheduled]
62c4.84c: supR3HardenedMonitor_LdrLoadDll: returns rcNt=0x0 hMod=00007ffa47370000 'C:\Program Files\Oracle\VirtualBox\VBoxRT.dll'
62c4.84c: Detected loader lock ownership: rc=VINF_SUCCESS '\Device\HarddiskVolume2\Windows\System32\vcruntime140_1.dll'.
62c4.84c: supR3HardenedWinVerifyCacheProcessWvtTodos: 0 (was 0) fWinVerifyTrust=0 for '\Device\HarddiskVolume2\Windows\System32\vcruntime140_1.dll' [rescheduled]
62c4.84c: Detected loader lock ownership: rc=VINF_SUCCESS '\Device\HarddiskVolume2\Windows\System32\vcruntime140_1.dll'.
62c4.84c: supR3HardenedWinVerifyCacheProcessWvtTodos: 0 (was 0) fWinVerifyTrust=0 for '\Device\HarddiskVolume2\Windows\System32\vcruntime140_1.dll' [rescheduled]
62c4.84c: supR3HardenedMonitor_LdrLoadDll: returns rcNt=0x0 hMod=00007ffa47370000 'C:\Program Files\Oracle\VirtualBox\VBoxRT.dll'
62c4.84c: Detected loader lock ownership: rc=VINF_SUCCESS '\Device\HarddiskVolume2\Windows\System32\vcruntime140_1.dll'.
62c4.84c: supR3HardenedWinVerifyCacheProcessWvtTodos: 0 (was 0) fWinVerifyTrust=0 for '\Device\HarddiskVolume2\Windows\System32\vcruntime140_1.dll' [rescheduled]
62c4.84c: Detected loader lock ownership: rc=VINF_SUCCESS '\Device\HarddiskVolume2\Windows\System32\vcruntime140_1.dll'.
62c4.84c: supR3HardenedWinVerifyCacheProcessWvtTodos: 0 (was 0) fWinVerifyTrust=0 for '\Device\HarddiskVolume2\Windows\System32\vcruntime140_1.dll' [rescheduled]
62c4.84c: supR3HardenedMonitor_LdrLoadDll: returns rcNt=0x0 hMod=00007ffa47370000 'C:\Program Files\Oracle\VirtualBox\VBoxRT.dll'
62c4.84c: Detected loader lock ownership: rc=VINF_SUCCESS '\Device\HarddiskVolume2\Windows\System32\vcruntime140_1.dll'.
62c4.84c: supR3HardenedWinVerifyCacheProcessWvtTodos: 0 (was 0) fWinVerifyTrust=0 for '\Device\HarddiskVolume2\Windows\System32\vcruntime140_1.dll' [rescheduled]
62c4.84c: Detected loader lock ownership: rc=VINF_SUCCESS '\Device\HarddiskVolume2\Windows\System32\vcruntime140_1.dll'.
62c4.84c: supR3HardenedWinVerifyCacheProcessWvtTodos: 0 (was 0) fWinVerifyTrust=0 for '\Device\HarddiskVolume2\Windows\System32\vcruntime140_1.dll' [rescheduled]
62c4.84c: supR3HardenedMonitor_LdrLoadDll: returns rcNt=0x0 hMod=00007ffa47370000 'C:\Program Files\Oracle\VirtualBox\VBoxRT.dll'
62c4.84c: Detected loader lock ownership: rc=VINF_SUCCESS '\Device\HarddiskVolume2\Windows\System32\vcruntime140_1.dll'.
62c4.84c: supR3HardenedWinVerifyCacheProcessWvtTodos: 0 (was 0) fWinVerifyTrust=0 for '\Device\HarddiskVolume2\Windows\System32\vcruntime140_1.dll' [rescheduled]
62c4.84c: Detected loader lock ownership: rc=VINF_SUCCESS '\Device\HarddiskVolume2\Windows\System32\vcruntime140_1.dll'.
62c4.84c: supR3HardenedWinVerifyCacheProcessWvtTodos: 0 (was 0) fWinVerifyTrust=0 for '\Device\HarddiskVolume2\Windows\System32\vcruntime140_1.dll' [rescheduled]
62c4.84c: supR3HardenedMonitor_LdrLoadDll: returns rcNt=0x0 hMod=00007ffa47370000 'C:\Program Files\Oracle\VirtualBox\VBoxRT.dll'
62c4.84c: Detected loader lock ownership: rc=VINF_SUCCESS '\Device\HarddiskVolume2\Windows\System32\vcruntime140_1.dll'.
62c4.84c: supR3HardenedWinVerifyCacheProcessWvtTodos: 0 (was 0) fWinVerifyTrust=0 for '\Device\HarddiskVolume2\Windows\System32\vcruntime140_1.dll' [rescheduled]
62c4.84c: Detected loader lock ownership: rc=VINF_SUCCESS '\Device\HarddiskVolume2\Windows\System32\vcruntime140_1.dll'.
62c4.84c: supR3HardenedWinVerifyCacheProcessWvtTodos: 0 (was 0) fWinVerifyTrust=0 for '\Device\HarddiskVolume2\Windows\System32\vcruntime140_1.dll' [rescheduled]
62c4.84c: supR3HardenedScreenImage/LdrLoadDll: cache hit (VINF_SUCCESS) on \Device\HarddiskVolume2\Program Files\Oracle\VirtualBox\VBoxRT.dll
62c4.84c: supR3HardenedMonitor_LdrLoadDll: pName=C:\Program Files\Oracle\VirtualBox\VBoxRT.dll (rcNtResolve=0xc0150008) *pfFlags=0x0 pwszSearchPath=0000000000000001:<flags> [calling]
62c4.84c: supR3HardenedMonitor_LdrLoadDll: returns rcNt=0x0 hMod=00007ffa47370000 'C:\Program Files\Oracle\VirtualBox\VBoxRT.dll'
62c4.84c: Detected loader lock ownership: rc=VINF_SUCCESS '\Device\HarddiskVolume2\Windows\System32\vcruntime140_1.dll'.
62c4.84c: supR3HardenedWinVerifyCacheProcessWvtTodos: 0 (was 0) fWinVerifyTrust=0 for '\Device\HarddiskVolume2\Windows\System32\vcruntime140_1.dll' [rescheduled]
62c4.84c: Detected loader lock ownership: rc=VINF_SUCCESS '\Device\HarddiskVolume2\Windows\System32\vcruntime140_1.dll'.
62c4.84c: supR3HardenedWinVerifyCacheProcessWvtTodos: 0 (was 0) fWinVerifyTrust=0 for '\Device\HarddiskVolume2\Windows\System32\vcruntime140_1.dll' [rescheduled]
62c4.84c: supR3HardenedMonitor_LdrLoadDll: returns rcNt=0x0 hMod=00007ffa47370000 'C:\Program Files\Oracle\VirtualBox\VBoxRT.dll'
62c4.84c: Detected loader lock ownership: rc=VINF_SUCCESS '\Device\HarddiskVolume2\Windows\System32\vcruntime140_1.dll'.
62c4.84c: supR3HardenedWinVerifyCacheProcessWvtTodos: 0 (was 0) fWinVerifyTrust=0 for '\Device\HarddiskVolume2\Windows\System32\vcruntime140_1.dll' [rescheduled]
62c4.84c: Detected loader lock ownership: rc=VINF_SUCCESS '\Device\HarddiskVolume2\Windows\System32\vcruntime140_1.dll'.
62c4.84c: supR3HardenedWinVerifyCacheProcessWvtTodos: 0 (was 0) fWinVerifyTrust=0 for '\Device\HarddiskVolume2\Windows\System32\vcruntime140_1.dll' [rescheduled]
62c4.84c: supR3HardenedMonitor_LdrLoadDll: returns rcNt=0x0 hMod=00007ffa47370000 'C:\Program Files\Oracle\VirtualBox\VBoxRT.dll'
62c4.84c: Detected loader lock ownership: rc=VINF_SUCCESS '\Device\HarddiskVolume2\Windows\System32\vcruntime140_1.dll'.
62c4.84c: supR3HardenedWinVerifyCacheProcessWvtTodos: 0 (was 0) fWinVerifyTrust=0 for '\Device\HarddiskVolume2\Windows\System32\vcruntime140_1.dll' [rescheduled]
62c4.84c: Detected loader lock ownership: rc=VINF_SUCCESS '\Device\HarddiskVolume2\Windows\System32\vcruntime140_1.dll'.
62c4.84c: supR3HardenedWinVerifyCacheProcessWvtTodos: 0 (was 0) fWinVerifyTrust=0 for '\Device\HarddiskVolume2\Windows\System32\vcruntime140_1.dll' [rescheduled]
62c4.84c: supR3HardenedMonitor_LdrLoadDll: returns rcNt=0x0 hMod=00007ffa47370000 'C:\Program Files\Oracle\VirtualBox\VBoxRT.dll'
62c4.84c: Detected loader lock ownership: rc=VINF_SUCCESS '\Device\HarddiskVolume2\Windows\System32\vcruntime140_1.dll'.
62c4.84c: supR3HardenedWinVerifyCacheProcessWvtTodos: 0 (was 0) fWinVerifyTrust=0 for '\Device\HarddiskVolume2\Windows\System32\vcruntime140_1.dll' [rescheduled]
62c4.84c: Detected loader lock ownership: rc=VINF_SUCCESS '\Device\HarddiskVolume2\Windows\System32\vcruntime140_1.dll'.
62c4.84c: supR3HardenedWinVerifyCacheProcessWvtTodos: 0 (was 0) fWinVerifyTrust=0 for '\Device\HarddiskVolume2\Windows\System32\vcruntime140_1.dll' [rescheduled]
62c4.84c: supR3HardenedMonitor_LdrLoadDll: returns rcNt=0x0 hMod=00007ffa47370000 'C:\Program Files\Oracle\VirtualBox\VBoxRT.dll'
62c4.84c: Detected loader lock ownership: rc=VINF_SUCCESS '\Device\HarddiskVolume2\Windows\System32\vcruntime140_1.dll'.
62c4.84c: supR3HardenedWinVerifyCacheProcessWvtTodos: 0 (was 0) fWinVerifyTrust=0 for '\Device\HarddiskVolume2\Windows\System32\vcruntime140_1.dll' [rescheduled]
62c4.84c: Detected loader lock ownership: rc=VINF_SUCCESS '\Device\HarddiskVolume2\Windows\System32\vcruntime140_1.dll'.
62c4.84c: supR3HardenedWinVerifyCacheProcessWvtTodos: 0 (was 0) fWinVerifyTrust=0 for '\Device\HarddiskVolume2\Windows\System32\vcruntime140_1.dll' [rescheduled]
62c4.84c: supR3HardenedMonitor_LdrLoadDll: returns rcNt=0x0 hMod=00007ffa47370000 'C:\Program Files\Oracle\VirtualBox\VBoxRT.dll'
62c4.84c: Detected loader lock ownership: rc=VINF_SUCCESS '\Device\HarddiskVolume2\Windows\System32\vcruntime140_1.dll'.
62c4.84c: supR3HardenedWinVerifyCacheProcessWvtTodos: 0 (was 0) fWinVerifyTrust=0 for '\Device\HarddiskVolume2\Windows\System32\vcruntime140_1.dll' [rescheduled]
62c4.84c: Detected loader lock ownership: rc=VINF_SUCCESS '\Device\HarddiskVolume2\Windows\System32\vcruntime140_1.dll'.
62c4.84c: supR3HardenedWinVerifyCacheProcessWvtTodos: 0 (was 0) fWinVerifyTrust=0 for '\Device\HarddiskVolume2\Windows\System32\vcruntime140_1.dll' [rescheduled]
62c4.84c: supR3HardenedMonitor_LdrLoadDll: returns rcNt=0x0 hMod=00007ffa47370000 'C:\Program Files\Oracle\VirtualBox\VBoxRT.dll'
62c4.84c: Detected loader lock ownership: rc=VINF_SUCCESS '\Device\HarddiskVolume2\Windows\System32\vcruntime140_1.dll'.
62c4.84c: supR3HardenedWinVerifyCacheProcessWvtTodos: 0 (was 0) fWinVerifyTrust=0 for '\Device\HarddiskVolume2\Windows\System32\vcruntime140_1.dll' [rescheduled]
62c4.84c: Detected loader lock ownership: rc=VINF_SUCCESS '\Device\HarddiskVolume2\Windows\System32\vcruntime140_1.dll'.
62c4.84c: supR3HardenedWinVerifyCacheProcessWvtTodos: 0 (was 0) fWinVerifyTrust=0 for '\Device\HarddiskVolume2\Windows\System32\vcruntime140_1.dll' [rescheduled]
62c4.84c: supR3HardenedMonitor_LdrLoadDll: returns rcNt=0x0 hMod=00007ffa47370000 'C:\Program Files\Oracle\VirtualBox\VBoxRT.dll'
62c4.84c: Detected loader lock ownership: rc=VINF_SUCCESS '\Device\HarddiskVolume2\Windows\System32\vcruntime140_1.dll'.
62c4.84c: supR3HardenedWinVerifyCacheProcessWvtTodos: 0 (was 0) fWinVerifyTrust=0 for '\Device\HarddiskVolume2\Windows\System32\vcruntime140_1.dll' [rescheduled]
62c4.84c: Detected loader lock ownership: rc=VINF_SUCCESS '\Device\HarddiskVolume2\Windows\System32\vcruntime140_1.dll'.
62c4.84c: supR3HardenedWinVerifyCacheProcessWvtTodos: 0 (was 0) fWinVerifyTrust=0 for '\Device\HarddiskVolume2\Windows\System32\vcruntime140_1.dll' [rescheduled]
62c4.84c: supR3HardenedMonitor_LdrLoadDll: returns rcNt=0x0 hMod=00007ffa47370000 'C:\Program Files\Oracle\VirtualBox\VBoxRT.dll'
62c4.84c: Detected loader lock ownership: rc=VINF_SUCCESS '\Device\HarddiskVolume2\Windows\System32\vcruntime140_1.dll'.
62c4.84c: supR3HardenedWinVerifyCacheProcessWvtTodos: 0 (was 0) fWinVerifyTrust=0 for '\Device\HarddiskVolume2\Windows\System32\vcruntime140_1.dll' [rescheduled]
62c4.84c: Detected loader lock ownership: rc=VINF_SUCCESS '\Device\HarddiskVolume2\Windows\System32\vcruntime140_1.dll'.
62c4.84c: supR3HardenedWinVerifyCacheProcessWvtTodos: 0 (was 0) fWinVerifyTrust=0 for '\Device\HarddiskVolume2\Windows\System32\vcruntime140_1.dll' [rescheduled]
62c4.84c: supR3HardenedMonitor_LdrLoadDll: returns rcNt=0x0 hMod=00007ffa47370000 'C:\Program Files\Oracle\VirtualBox\VBoxRT.dll'
62c4.84c: Detected loader lock ownership: rc=VINF_SUCCESS '\Device\HarddiskVolume2\Windows\System32\vcruntime140_1.dll'.
62c4.84c: supR3HardenedWinVerifyCacheProcessWvtTodos: 0 (was 0) fWinVerifyTrust=0 for '\Device\HarddiskVolume2\Windows\System32\vcruntime140_1.dll' [rescheduled]
62c4.84c: Detected loader lock ownership: rc=VINF_SUCCESS '\Device\HarddiskVolume2\Windows\System32\vcruntime140_1.dll'.
62c4.84c: supR3HardenedWinVerifyCacheProcessWvtTodos: 0 (was 0) fWinVerifyTrust=0 for '\Device\HarddiskVolume2\Windows\System32\vcruntime140_1.dll' [rescheduled]
62c4.84c: supR3HardenedMonitor_LdrLoadDll: returns rcNt=0x0 hMod=00007ffa47370000 'C:\Program Files\Oracle\VirtualBox\VBoxRT.dll'
62c4.84c: Detected loader lock ownership: rc=VINF_SUCCESS '\Device\HarddiskVolume2\Windows\System32\vcruntime140_1.dll'.
62c4.84c: supR3HardenedWinVerifyCacheProcessWvtTodos: 0 (was 0) fWinVerifyTrust=0 for '\Device\HarddiskVolume2\Windows\System32\vcruntime140_1.dll' [rescheduled]
62c4.84c: Detected loader lock ownership: rc=VINF_SUCCESS '\Device\HarddiskVolume2\Windows\System32\vcruntime140_1.dll'.
62c4.84c: supR3HardenedWinVerifyCacheProcessWvtTodos: 0 (was 0) fWinVerifyTrust=0 for '\Device\HarddiskVolume2\Windows\System32\vcruntime140_1.dll' [rescheduled]
62c4.84c: supR3HardenedMonitor_LdrLoadDll: returns rcNt=0x0 hMod=00007ffa47370000 'C:\Program Files\Oracle\VirtualBox\VBoxRT.dll'
62c4.84c: Detected loader lock ownership: rc=VINF_SUCCESS '\Device\HarddiskVolume2\Windows\System32\vcruntime140_1.dll'.
62c4.84c: supR3HardenedWinVerifyCacheProcessWvtTodos: 0 (was 0) fWinVerifyTrust=0 for '\Device\HarddiskVolume2\Windows\System32\vcruntime140_1.dll' [rescheduled]
62c4.84c: Detected loader lock ownership: rc=VINF_SUCCESS '\Device\HarddiskVolume2\Windows\System32\vcruntime140_1.dll'.
62c4.84c: supR3HardenedWinVerifyCacheProcessWvtTodos: 0 (was 0) fWinVerifyTrust=0 for '\Device\HarddiskVolume2\Windows\System32\vcruntime140_1.dll' [rescheduled]
62c4.84c: supR3HardenedMonitor_LdrLoadDll: returns rcNt=0x0 hMod=00007ffa47370000 'C:\Program Files\Oracle\VirtualBox\VBoxRT.dll'
62c4.84c: Detected loader lock ownership: rc=VINF_SUCCESS '\Device\HarddiskVolume2\Windows\System32\vcruntime140_1.dll'.
62c4.84c: supR3HardenedWinVerifyCacheProcessWvtTodos: 0 (was 0) fWinVerifyTrust=0 for '\Device\HarddiskVolume2\Windows\System32\vcruntime140_1.dll' [rescheduled]
62c4.84c: Detected loader lock ownership: rc=VINF_SUCCESS '\Device\HarddiskVolume2\Windows\System32\vcruntime140_1.dll'.
62c4.84c: supR3HardenedWinVerifyCacheProcessWvtTodos: 0 (was 0) fWinVerifyTrust=0 for '\Device\HarddiskVolume2\Windows\System32\vcruntime140_1.dll' [rescheduled]
62c4.84c: supR3HardenedMonitor_LdrLoadDll: returns rcNt=0x0 hMod=00007ffa47370000 'C:\Program Files\Oracle\VirtualBox\VBoxRT.dll'
62c4.84c: Detected loader lock ownership: rc=VINF_SUCCESS '\Device\HarddiskVolume2\Windows\System32\vcruntime140_1.dll'.
62c4.84c: supR3HardenedWinVerifyCacheProcessWvtTodos: 0 (was 0) fWinVerifyTrust=0 for '\Device\HarddiskVolume2\Windows\System32\vcruntime140_1.dll' [rescheduled]
62c4.84c: Detected loader lock ownership: rc=VINF_SUCCESS '\Device\HarddiskVolume2\Windows\System32\vcruntime140_1.dll'.
62c4.84c: supR3HardenedWinVerifyCacheProcessWvtTodos: 0 (was 0) fWinVerifyTrust=0 for '\Device\HarddiskVolume2\Windows\System32\vcruntime140_1.dll' [rescheduled]
62c4.84c: supR3HardenedMonitor_LdrLoadDll: returns rcNt=0x0 hMod=00007ffa47370000 'C:\Program Files\Oracle\VirtualBox\VBoxRT.dll'
62c4.84c: Detected loader lock ownership: rc=VINF_SUCCESS '\Device\HarddiskVolume2\Windows\System32\vcruntime140_1.dll'.
62c4.84c: supR3HardenedWinVerifyCacheProcessWvtTodos: 0 (was 0) fWinVerifyTrust=0 for '\Device\HarddiskVolume2\Windows\System32\vcruntime140_1.dll' [rescheduled]
62c4.84c: Detected loader lock ownership: rc=VINF_SUCCESS '\Device\HarddiskVolume2\Windows\System32\vcruntime140_1.dll'.
62c4.84c: supR3HardenedWinVerifyCacheProcessWvtTodos: 0 (was 0) fWinVerifyTrust=0 for '\Device\HarddiskVolume2\Windows\System32\vcruntime140_1.dll' [rescheduled]
62c4.84c: supR3HardenedMonitor_LdrLoadDll: returns rcNt=0x0 hMod=00007ffa47370000 'C:\Program Files\Oracle\VirtualBox\VBoxRT.dll'
62c4.84c: Detected loader lock ownership: rc=VINF_SUCCESS '\Device\HarddiskVolume2\Windows\System32\vcruntime140_1.dll'.
62c4.84c: supR3HardenedWinVerifyCacheProcessWvtTodos: 0 (was 0) fWinVerifyTrust=0 for '\Device\HarddiskVolume2\Windows\System32\vcruntime140_1.dll' [rescheduled]
62c4.84c: Detected loader lock ownership: rc=VINF_SUCCESS '\Device\HarddiskVolume2\Windows\System32\vcruntime140_1.dll'.
62c4.84c: supR3HardenedWinVerifyCacheProcessWvtTodos: 0 (was 0) fWinVerifyTrust=0 for '\Device\HarddiskVolume2\Windows\System32\vcruntime140_1.dll' [rescheduled]
62c4.84c: supR3HardenedScreenImage/LdrLoadDll: cache hit (VINF_SUCCESS) on \Device\HarddiskVolume2\Program Files\Oracle\VirtualBox\VBoxRT.dll
62c4.84c: supR3HardenedMonitor_LdrLoadDll: pName=C:\Program Files\Oracle\VirtualBox\VBoxRT.dll (rcNtResolve=0xc0150008) *pfFlags=0x0 pwszSearchPath=0000000000000001:<flags> [calling]
62c4.84c: supR3HardenedMonitor_LdrLoadDll: returns rcNt=0x0 hMod=00007ffa47370000 'C:\Program Files\Oracle\VirtualBox\VBoxRT.dll'
62c4.84c: Detected loader lock ownership: rc=VINF_SUCCESS '\Device\HarddiskVolume2\Windows\System32\vcruntime140_1.dll'.
62c4.84c: supR3HardenedWinVerifyCacheProcessWvtTodos: 0 (was 0) fWinVerifyTrust=0 for '\Device\HarddiskVolume2\Windows\System32\vcruntime140_1.dll' [rescheduled]
62c4.84c: Detected loader lock ownership: rc=VINF_SUCCESS '\Device\HarddiskVolume2\Windows\System32\vcruntime140_1.dll'.
62c4.84c: supR3HardenedWinVerifyCacheProcessWvtTodos: 0 (was 0) fWinVerifyTrust=0 for '\Device\HarddiskVolume2\Windows\System32\vcruntime140_1.dll' [rescheduled]
62c4.84c: supR3HardenedMonitor_LdrLoadDll: returns rcNt=0x0 hMod=00007ffa47370000 'C:\Program Files\Oracle\VirtualBox\VBoxRT.dll'
62c4.84c: Detected loader lock ownership: rc=VINF_SUCCESS '\Device\HarddiskVolume2\Windows\System32\vcruntime140_1.dll'.
62c4.84c: supR3HardenedWinVerifyCacheProcessWvtTodos: 0 (was 0) fWinVerifyTrust=0 for '\Device\HarddiskVolume2\Windows\System32\vcruntime140_1.dll' [rescheduled]
62c4.84c: Detected loader lock ownership: rc=VINF_SUCCESS '\Device\HarddiskVolume2\Windows\System32\vcruntime140_1.dll'.
62c4.84c: supR3HardenedWinVerifyCacheProcessWvtTodos: 0 (was 0) fWinVerifyTrust=0 for '\Device\HarddiskVolume2\Windows\System32\vcruntime140_1.dll' [rescheduled]
62c4.84c: supR3HardenedMonitor_LdrLoadDll: returns rcNt=0x0 hMod=00007ffa47370000 'C:\Program Files\Oracle\VirtualBox\VBoxRT.dll'
62c4.84c: Detected loader lock ownership: rc=VINF_SUCCESS '\Device\HarddiskVolume2\Windows\System32\vcruntime140_1.dll'.
62c4.84c: supR3HardenedWinVerifyCacheProcessWvtTodos: 0 (was 0) fWinVerifyTrust=0 for '\Device\HarddiskVolume2\Windows\System32\vcruntime140_1.dll' [rescheduled]
62c4.84c: supR3HardenedMonitor_LdrLoadDll: returns rcNt=0x0 hMod=00007ffa47370000 'C:\Program Files\Oracle\VirtualBox\VBoxRT.dll'
62c4.84c: supR3HardenedMonitor_LdrLoadDll: returns rcNt=0x0 hMod=00007ffadec80000 'C:\WINDOWS\system32\rsaenh.dll'
62c4.84c: supR3HardenedMonitor_LdrLoadDll: returns rcNt=0x0 hMod=00007ffae0070000 'C:\WINDOWS\System32\crypt32.dll'
62c4.84c: supR3HardenedWinVerifyCacheProcessWvtTodos: 0 (was 0) fWinVerifyTrust=1 for '\Device\HarddiskVolume2\Windows\System32\vcruntime140_1.dll'
62c4.84c: supR3HardenedScreenImage/LdrLoadDll: cache hit (VINF_SUCCESS) on \Device\HarddiskVolume2\Windows\System32\wintrust.dll
62c4.84c: supR3HardenedMonitor_LdrLoadDll: pName=C:\WINDOWS\system32\Wintrust.dll (rcNtResolve=0xc0150008) *pfFlags=0x0 pwszSearchPath=0000000000000801:<flags> [calling]
62c4.84c: supR3HardenedMonitor_LdrLoadDll: returns rcNt=0x0 hMod=00007ffae04d0000 'C:\WINDOWS\system32\Wintrust.dll'
62c4.84c: supR3HardenedMonitor_LdrLoadDll: returns rcNt=0x0 hMod=00007ffadec80000 'C:\WINDOWS\system32\rsaenh.dll'
62c4.84c: supR3HardenedMonitor_LdrLoadDll: returns rcNt=0x0 hMod=00007ffae0070000 'C:\WINDOWS\System32\crypt32.dll'
62c4.84c: supR3HardenedMonitor_LdrLoadDll: returns rcNt=0x0 hMod=00007ffadec80000 'C:\WINDOWS\system32\rsaenh.dll'
62c4.84c: supR3HardenedMonitor_LdrLoadDll: returns rcNt=0x0 hMod=00007ffae0070000 'C:\WINDOWS\System32\crypt32.dll'
62c4.84c: supR3HardenedMonitor_LdrLoadDll: returns rcNt=0x0 hMod=00007ffae0070000 'C:\WINDOWS\system32\crypt32.dll'
62c4.84c: SUPR3HardenedMain: Load TrustedMain...
62c4.5dc4: supR3HardenedIsApiSetDll: ApiSetQueryApiSetPresence(api-ms-win-appmodel-runtime-l1-1-2) -> 0x0, fPresent=1
62c4.5dc4: supR3HardenedMonitor_LdrLoadDll: pName=api-ms-win-appmodel-runtime-l1-1-2 (rcNtResolve=0x0) *pfFlags=0x0 pwszSearchPath=0000000000000801:<flags> [calling]
62c4.5dc4: supR3HardenedWinVerifyCacheScheduleImports: Import todo: #7 'msvcrt.dll'.
62c4.5dc4: supR3HardenedWinVerifyCacheScheduleImports: Import todo: #8 'rpcrt4.dll'.
62c4.5dc4: supHardenedWinVerifyImageByHandle: -> 0 (\Device\HarddiskVolume2\Windows\System32\kernel.appcore.dll)
62c4.5dc4: supR3HardenedWinVerifyCacheInsert: \Device\HarddiskVolume2\Windows\System32\kernel.appcore.dll
62c4.5dc4: supR3HardenedDllNotificationCallback: load   00007ffaddad0000 LB 0x00012000 C:\WINDOWS\SYSTEM32\kernel.appcore.dll [fFlags=0x0]
62c4.5dc4: supR3HardenedScreenImage/LdrLoadDll: cache hit (VINF_SUCCESS) on \Device\HarddiskVolume2\Windows\System32\kernel.appcore.dll [avoiding WinVerifyTrust]
62c4.5dc4: supR3HardenedMonitor_LdrLoadDll: returns rcNt=0x0 hMod=00007ffaddad0000 'api-ms-win-appmodel-runtime-l1-1-2'
62c4.5dc4: supR3HardenedWinVerifyCacheProcessImportTodos: Processing 'rpcrt4.dll'...
62c4.5dc4: supR3HardenedWinVerifyCacheProcessImportTodos: 'rpcrt4.dll' -> '\Device\HarddiskVolume2\Windows\System32\rpcrt4.dll' [rcNtRedir=0xc0150008]
62c4.5dc4: supR3HardenedScreenImage/Imports: cache hit (VINF_SUCCESS) on \Device\HarddiskVolume2\Windows\System32\rpcrt4.dll
62c4.5dc4: supR3HardenedWinVerifyCacheProcessImportTodos: Processing 'msvcrt.dll'...
62c4.5dc4: supR3HardenedWinVerifyCacheProcessImportTodos: 'msvcrt.dll' -> '\Device\HarddiskVolume2\Windows\System32\msvcrt.dll' [rcNtRedir=0xc0150008]
62c4.5dc4: supR3HardenedScreenImage/Imports: cache hit (VINF_SUCCESS) on \Device\HarddiskVolume2\Windows\System32\msvcrt.dll
62c4.5dc4: supR3HardenedMonitor_LdrLoadDll: returns rcNt=0x0 hMod=00007ffadec80000 'C:\WINDOWS\system32\rsaenh.dll'
62c4.5dc4: supR3HardenedMonitor_LdrLoadDll: returns rcNt=0x0 hMod=00007ffae0070000 'C:\WINDOWS\System32\crypt32.dll'
62c4.5dc4: supR3HardenedWinVerifyCacheProcessWvtTodos: 0 (was 0) fWinVerifyTrust=1 for '\Device\HarddiskVolume2\Windows\System32\kernel.appcore.dll'
62c4.84c: supR3HardenedMonitor_LdrLoadDll: returns rcNt=0x0 hMod=00007ffadec80000 'C:\WINDOWS\system32\rsaenh.dll'
62c4.84c: supR3HardenedMonitor_LdrLoadDll: returns rcNt=0x0 hMod=00007ffae0070000 'C:\WINDOWS\System32\crypt32.dll'
62c4.84c: supR3HardenedWinVerifyCacheScheduleImports: Import todo: #0 'uicommon.dll'.
62c4.84c: supR3HardenedWinVerifyCacheScheduleImports: Import todo: #1 'vboxrt.dll'.
62c4.84c: supR3HardenedWinVerifyCacheScheduleImports: Import todo: #2 'vcruntime140.dll'.
62c4.84c: supR3HardenedWinVerifyCacheScheduleImports: Import todo: #3 'vcruntime140_1.dll'.
62c4.84c: supR3HardenedWinVerifyCacheScheduleImports: Import todo: #4 'msvcp140.dll'.
62c4.84c: supR3HardenedWinVerifyCacheScheduleImports: Import todo: #5 'qt6corevbox.dll'.
62c4.84c: supR3HardenedWinVerifyCacheScheduleImports: Import todo: #6 'qt6guivbox.dll'.
62c4.84c: supR3HardenedWinVerifyCacheScheduleImports: Import todo: #7 'qt6widgetsvbox.dll'.
62c4.84c: supR3HardenedWinVerifyCacheScheduleImports: Import todo: #9 'user32.dll'.
62c4.84c: supR3HardenedWinVerifyCacheScheduleImports: Import todo: #10 'advapi32.dll'.
62c4.84c: supR3HardenedWinVerifyCacheScheduleImports: Import todo: #11 'ole32.dll'.
62c4.84c: supR3HardenedWinVerifyCacheScheduleImports: Import todo: #12 'oleaut32.dll'.
62c4.84c: supR3HardenedWinVerifyCacheScheduleImports: Import todo: #13 'winmm.dll'.
62c4.84c: supHardenedWinVerifyImageByHandle: -> 0 (\Device\HarddiskVolume2\Program Files\Oracle\VirtualBox\VirtualBoxVM.dll) WinVerifyTrust
62c4.84c: supR3HardenedWinVerifyCacheInsert: \Device\HarddiskVolume2\Program Files\Oracle\VirtualBox\VirtualBoxVM.dll
62c4.84c: supR3HardenedWinVerifyCacheProcessImportTodos: Processing 'winmm.dll'...
62c4.84c: supR3HardenedWinVerifyCacheProcessImportTodos: 'winmm.dll' -> '\Device\HarddiskVolume2\Windows\System32\winmm.dll' [rcNtRedir=0xc0150008]
62c4.84c: supR3HardenedMonitor_LdrLoadDll: returns rcNt=0x0 hMod=00007ffadec80000 'C:\WINDOWS\system32\rsaenh.dll'
62c4.84c: supR3HardenedMonitor_LdrLoadDll: returns rcNt=0x0 hMod=00007ffae0070000 'C:\WINDOWS\System32\crypt32.dll'
62c4.84c: supR3HardenedWinVerifyCacheScheduleImports: Import todo: #1 'msvcrt.dll'.
62c4.84c: supHardenedWinVerifyImageByHandle: -> 0 (\Device\HarddiskVolume2\Windows\System32\winmm.dll) WinVerifyTrust
62c4.84c: supR3HardenedWinVerifyCacheInsert: \Device\HarddiskVolume2\Windows\System32\winmm.dll
62c4.84c: supR3HardenedWinVerifyCacheProcessImportTodos: Processing 'oleaut32.dll'...
62c4.84c: supR3HardenedWinVerifyCacheProcessImportTodos: 'oleaut32.dll' -> '\Device\HarddiskVolume2\Windows\System32\oleaut32.dll' [rcNtRedir=0xc0150008]
62c4.84c: supR3HardenedWinVerifyCacheProcessImportTodos: Processing 'msvcrt.dll'...
62c4.84c: supR3HardenedWinVerifyCacheProcessImportTodos: 'msvcrt.dll' -> '\Device\HarddiskVolume2\Windows\System32\msvcrt.dll' [rcNtRedir=0xc0150008]
62c4.84c: supR3HardenedScreenImage/Imports: cache hit (VINF_SUCCESS) on \Device\HarddiskVolume2\Windows\System32\msvcrt.dll
62c4.84c: supR3HardenedMonitor_LdrLoadDll: returns rcNt=0x0 hMod=00007ffadec80000 'C:\WINDOWS\system32\rsaenh.dll'
62c4.84c: supR3HardenedMonitor_LdrLoadDll: returns rcNt=0x0 hMod=00007ffae0070000 'C:\WINDOWS\System32\crypt32.dll'
62c4.84c: supR3HardenedWinVerifyCacheScheduleImports: Import todo: #0 'msvcp_win.dll'.
62c4.84c: supR3HardenedWinVerifyCacheScheduleImports: Import todo: #5 'combase.dll'.
62c4.84c: supR3HardenedWinVerifyCacheScheduleImports: Import todo: #21 'rpcrt4.dll'.
62c4.84c: supHardenedWinVerifyImageByHandle: -> 0 (\Device\HarddiskVolume2\Windows\System32\oleaut32.dll) WinVerifyTrust
62c4.84c: supR3HardenedWinVerifyCacheInsert: \Device\HarddiskVolume2\Windows\System32\oleaut32.dll
62c4.84c: supR3HardenedWinVerifyCacheProcessImportTodos: Processing 'ole32.dll'...
62c4.84c: supR3HardenedWinVerifyCacheProcessImportTodos: 'ole32.dll' -> '\Device\HarddiskVolume2\Windows\System32\ole32.dll' [rcNtRedir=0xc0150008]
62c4.84c: supR3HardenedWinVerifyCacheProcessImportTodos: Processing 'rpcrt4.dll'...
62c4.84c: supR3HardenedWinVerifyCacheProcessImportTodos: 'rpcrt4.dll' -> '\Device\HarddiskVolume2\Windows\System32\rpcrt4.dll' [rcNtRedir=0xc0150008]
62c4.84c: supR3HardenedWinVerifyCacheProcessImportTodos: Processing 'combase.dll'...
62c4.84c: supR3HardenedWinVerifyCacheProcessImportTodos: 'combase.dll' -> '\Device\HarddiskVolume2\Windows\System32\combase.dll' [rcNtRedir=0xc0150008]
62c4.84c: Detected WinVerifyTrust recursion: rc=VINF_SUCCESS '\Device\HarddiskVolume2\Windows\System32\combase.dll'.
62c4.84c: supR3HardenedWinVerifyCacheScheduleImports: Import todo: #3 'rpcrt4.dll'.
62c4.84c: supHardenedWinVerifyImageByHandle: -> 0 (\Device\HarddiskVolume2\Windows\System32\combase.dll)
62c4.84c: supR3HardenedWinVerifyCacheInsert: \Device\HarddiskVolume2\Windows\System32\combase.dll
62c4.84c: supR3HardenedWinVerifyCacheProcessImportTodos: Processing 'msvcp_win.dll'...
62c4.84c: supR3HardenedWinVerifyCacheProcessImportTodos: 'msvcp_win.dll' -> '\Device\HarddiskVolume2\Windows\System32\msvcp_win.dll' [rcNtRedir=0xc0150008]
62c4.84c: Detected WinVerifyTrust recursion: rc=VINF_SUCCESS '\Device\HarddiskVolume2\Windows\System32\msvcp_win.dll'.
62c4.84c: supHardenedWinVerifyImageByHandle: -> 0 (\Device\HarddiskVolume2\Windows\System32\msvcp_win.dll)
62c4.84c: supR3HardenedWinVerifyCacheInsert: \Device\HarddiskVolume2\Windows\System32\msvcp_win.dll
62c4.84c: supR3HardenedWinVerifyCacheProcessImportTodos: Processing 'rpcrt4.dll'...
62c4.84c: supR3HardenedWinVerifyCacheProcessImportTodos: 'rpcrt4.dll' -> '\Device\HarddiskVolume2\Windows\System32\rpcrt4.dll' [rcNtRedir=0xc0150008]
62c4.84c: supR3HardenedMonitor_LdrLoadDll: returns rcNt=0x0 hMod=00007ffadec80000 'C:\WINDOWS\system32\rsaenh.dll'
62c4.84c: supR3HardenedMonitor_LdrLoadDll: returns rcNt=0x0 hMod=00007ffae0070000 'C:\WINDOWS\System32\crypt32.dll'
62c4.84c: supR3HardenedWinVerifyCacheScheduleImports: Import todo: #21 'rpcrt4.dll'.
62c4.84c: supR3HardenedWinVerifyCacheScheduleImports: Import todo: #49 'gdi32.dll'.
62c4.84c: supR3HardenedWinVerifyCacheScheduleImports: Import todo: #50 'user32.dll'.
62c4.84c: supR3HardenedWinVerifyCacheScheduleImports: Import todo: #51 'combase.dll'.
62c4.84c: supHardenedWinVerifyImageByHandle: -> 0 (\Device\HarddiskVolume2\Windows\System32\ole32.dll) WinVerifyTrust
62c4.84c: supR3HardenedWinVerifyCacheInsert: \Device\HarddiskVolume2\Windows\System32\ole32.dll
62c4.84c: supR3HardenedWinVerifyCacheProcessImportTodos: Processing 'advapi32.dll'...
62c4.84c: supR3HardenedWinVerifyCacheProcessImportTodos: 'advapi32.dll' -> '\Device\HarddiskVolume2\Windows\System32\advapi32.dll' [rcNtRedir=0xc0150008]
62c4.84c: supR3HardenedScreenImage/Imports: cache hit (VINF_SUCCESS) on \Device\HarddiskVolume2\Windows\System32\advapi32.dll
62c4.84c: supR3HardenedWinVerifyCacheProcessImportTodos: Processing 'user32.dll'...
62c4.84c: supR3HardenedWinVerifyCacheProcessImportTodos: 'user32.dll' -> '\Device\HarddiskVolume2\Windows\System32\user32.dll' [rcNtRedir=0xc0150008]
62c4.84c: supR3HardenedWinVerifyCacheProcessImportTodos: Processing 'combase.dll'...
62c4.84c: supR3HardenedWinVerifyCacheProcessImportTodos: 'combase.dll' -> '\Device\HarddiskVolume2\Windows\System32\combase.dll' [rcNtRedir=0xc0150008]
62c4.84c: supR3HardenedScreenImage/Imports: cache hit (VINF_SUCCESS) on \Device\HarddiskVolume2\Windows\System32\combase.dll [lacks WinVerifyTrust]
62c4.84c: supR3HardenedWinVerifyCacheProcessImportTodos: Processing 'user32.dll'...
62c4.84c: supR3HardenedWinVerifyCacheProcessImportTodos: 'user32.dll' -> '\Device\HarddiskVolume2\Windows\System32\user32.dll' [rcNtRedir=0xc0150008]
62c4.84c: Detected WinVerifyTrust recursion: rc=VINF_SUCCESS '\Device\HarddiskVolume2\Windows\System32\user32.dll'.
62c4.84c: supR3HardenedWinVerifyCacheScheduleImports: Import todo: #0 'win32u.dll'.
62c4.84c: supR3HardenedWinVerifyCacheScheduleImports: Import todo: #37 'gdi32.dll'.
62c4.84c: supHardenedWinVerifyImageByHandle: -> 0 (\Device\HarddiskVolume2\Windows\System32\user32.dll)
62c4.84c: supR3HardenedWinVerifyCacheInsert: \Device\HarddiskVolume2\Windows\System32\user32.dll
62c4.84c: supR3HardenedWinVerifyCacheProcessImportTodos: Processing 'gdi32.dll'...
62c4.84c: supR3HardenedWinVerifyCacheProcessImportTodos: 'gdi32.dll' -> '\Device\HarddiskVolume2\Windows\System32\gdi32.dll' [rcNtRedir=0xc0150008]
62c4.84c: Detected WinVerifyTrust recursion: rc=VINF_SUCCESS '\Device\HarddiskVolume2\Windows\System32\gdi32.dll'.
62c4.84c: supR3HardenedWinVerifyCacheScheduleImports: Import todo: #9 'win32u.dll'.
62c4.84c: supHardenedWinVerifyImageByHandle: -> 0 (\Device\HarddiskVolume2\Windows\System32\gdi32.dll)
62c4.84c: supR3HardenedWinVerifyCacheInsert: \Device\HarddiskVolume2\Windows\System32\gdi32.dll
62c4.84c: supR3HardenedWinVerifyCacheProcessImportTodos: Processing 'rpcrt4.dll'...
62c4.84c: supR3HardenedWinVerifyCacheProcessImportTodos: 'rpcrt4.dll' -> '\Device\HarddiskVolume2\Windows\System32\rpcrt4.dll' [rcNtRedir=0xc0150008]
62c4.84c: supR3HardenedWinVerifyCacheProcessImportTodos: Processing 'win32u.dll'...
62c4.84c: supR3HardenedWinVerifyCacheProcessImportTodos: 'win32u.dll' -> '\Device\HarddiskVolume2\Windows\System32\win32u.dll' [rcNtRedir=0xc0150008]
62c4.84c: Detected WinVerifyTrust recursion: rc=VINF_SUCCESS '\Device\HarddiskVolume2\Windows\System32\win32u.dll'.
62c4.84c: '\Device\HarddiskVolume2\Windows\System32\win32u.dll' has no imports
62c4.84c: supHardenedWinVerifyImageByHandle: -> 0 (\Device\HarddiskVolume2\Windows\System32\win32u.dll)
62c4.84c: supR3HardenedWinVerifyCacheInsert: \Device\HarddiskVolume2\Windows\System32\win32u.dll
62c4.84c: supR3HardenedWinVerifyCacheProcessImportTodos: Processing 'gdi32.dll'...
62c4.84c: supR3HardenedWinVerifyCacheProcessImportTodos: 'gdi32.dll' -> '\Device\HarddiskVolume2\Windows\System32\gdi32.dll' [rcNtRedir=0xc0150008]
62c4.84c: supR3HardenedScreenImage/Imports: cache hit (VINF_SUCCESS) on \Device\HarddiskVolume2\Windows\System32\gdi32.dll [lacks WinVerifyTrust]
62c4.84c: supR3HardenedWinVerifyCacheProcessImportTodos: Processing 'win32u.dll'...
62c4.84c: supR3HardenedWinVerifyCacheProcessImportTodos: 'win32u.dll' -> '\Device\HarddiskVolume2\Windows\System32\win32u.dll' [rcNtRedir=0xc0150008]
62c4.84c: supR3HardenedScreenImage/Imports: cache hit (VINF_SUCCESS) on \Device\HarddiskVolume2\Windows\System32\win32u.dll [lacks WinVerifyTrust]
62c4.84c: supR3HardenedMonitor_LdrLoadDll: returns rcNt=0x0 hMod=00007ffadec80000 'C:\WINDOWS\system32\rsaenh.dll'
62c4.84c: supR3HardenedMonitor_LdrLoadDll: returns rcNt=0x0 hMod=00007ffae0070000 'C:\WINDOWS\System32\crypt32.dll'
62c4.84c: supR3HardenedWinVerifyCacheScheduleImports: Import todo: #0 'win32u.dll'.
62c4.84c: supR3HardenedWinVerifyCacheScheduleImports: Import todo: #37 'gdi32.dll'.
62c4.84c: supHardenedWinVerifyImageByHandle: -> 0 (\Device\HarddiskVolume2\Windows\System32\user32.dll) WinVerifyTrust
62c4.84c: supR3HardenedWinVerifyCacheProcessImportTodos: Processing 'qt6widgetsvbox.dll'...
62c4.84c: supR3HardenedWinVerifyCacheProcessImportTodos: 'qt6widgetsvbox.dll' -> '\Device\HarddiskVolume2\Program Files\Oracle\VirtualBox\qt6widgetsvbox.dll' [rcNtRedir=0xc0150008]
62c4.84c: supR3HardenedWinVerifyCacheProcessImportTodos: Processing 'gdi32.dll'...
62c4.84c: supR3HardenedWinVerifyCacheProcessImportTodos: 'gdi32.dll' -> '\Device\HarddiskVolume2\Windows\System32\gdi32.dll' [rcNtRedir=0xc0150008]
62c4.84c: supR3HardenedScreenImage/Imports: cache hit (VINF_SUCCESS) on \Device\HarddiskVolume2\Windows\System32\gdi32.dll [lacks WinVerifyTrust]
62c4.84c: supR3HardenedWinVerifyCacheProcessImportTodos: Processing 'win32u.dll'...
62c4.84c: supR3HardenedWinVerifyCacheProcessImportTodos: 'win32u.dll' -> '\Device\HarddiskVolume2\Windows\System32\win32u.dll' [rcNtRedir=0xc0150008]
62c4.84c: supR3HardenedScreenImage/Imports: cache hit (VINF_SUCCESS) on \Device\HarddiskVolume2\Windows\System32\win32u.dll [lacks WinVerifyTrust]
62c4.84c: supR3HardenedMonitor_LdrLoadDll: returns rcNt=0x0 hMod=00007ffadec80000 'C:\WINDOWS\system32\rsaenh.dll'
62c4.84c: supR3HardenedMonitor_LdrLoadDll: returns rcNt=0x0 hMod=00007ffae0070000 'C:\WINDOWS\System32\crypt32.dll'
62c4.84c: supR3HardenedWinVerifyCacheScheduleImports: Import todo: #0 'dwmapi.dll'.
62c4.84c: supR3HardenedWinVerifyCacheScheduleImports: Import todo: #1 'uxtheme.dll'.
62c4.84c: supR3HardenedWinVerifyCacheScheduleImports: Import todo: #2 'qt6guivbox.dll'.
62c4.84c: supR3HardenedWinVerifyCacheScheduleImports: Import todo: #3 'qt6corevbox.dll'.
62c4.84c: supR3HardenedWinVerifyCacheScheduleImports: Import todo: #5 'user32.dll'.
62c4.84c: supR3HardenedWinVerifyCacheScheduleImports: Import todo: #6 'gdi32.dll'.
62c4.84c: supR3HardenedWinVerifyCacheScheduleImports: Import todo: #7 'msvcp140.dll'.
62c4.84c: supR3HardenedWinVerifyCacheScheduleImports: Import todo: #8 'msvcp140_1.dll'.
62c4.84c: supR3HardenedWinVerifyCacheScheduleImports: Import todo: #9 'vcruntime140.dll'.
62c4.84c: supR3HardenedWinVerifyCacheScheduleImports: Import todo: #10 'vcruntime140_1.dll'.
62c4.84c: supHardenedWinVerifyImageByHandle: -> 0 (\Device\HarddiskVolume2\Program Files\Oracle\VirtualBox\Qt6WidgetsVBox.dll) WinVerifyTrust
62c4.84c: supR3HardenedWinVerifyCacheInsert: \Device\HarddiskVolume2\Program Files\Oracle\VirtualBox\Qt6WidgetsVBox.dll
62c4.84c: supR3HardenedWinVerifyCacheProcessImportTodos: Processing 'qt6guivbox.dll'...
62c4.84c: supR3HardenedWinVerifyCacheProcessImportTodos: 'qt6guivbox.dll' -> '\Device\HarddiskVolume2\Program Files\Oracle\VirtualBox\qt6guivbox.dll' [rcNtRedir=0xc0150008]
62c4.84c: supR3HardenedWinVerifyCacheProcessImportTodos: Processing 'vcruntime140_1.dll'...
62c4.84c: supR3HardenedWinVerifyCacheProcessImportTodos: 'vcruntime140_1.dll' -> '\Device\HarddiskVolume2\Windows\System32\vcruntime140_1.dll' [rcNtRedir=0xc0150008]
62c4.84c: supR3HardenedScreenImage/Imports: cache hit (VINF_SUCCESS) on \Device\HarddiskVolume2\Windows\System32\vcruntime140_1.dll
62c4.84c: supR3HardenedWinVerifyCacheProcessImportTodos: Processing 'vcruntime140.dll'...
62c4.84c: supR3HardenedWinVerifyCacheProcessImportTodos: 'vcruntime140.dll' -> '\Device\HarddiskVolume2\Windows\System32\vcruntime140.dll' [rcNtRedir=0xc0150008]
62c4.84c: supR3HardenedScreenImage/Imports: cache hit (VINF_SUCCESS) on \Device\HarddiskVolume2\Windows\System32\vcruntime140.dll
62c4.84c: supR3HardenedWinVerifyCacheProcessImportTodos: Processing 'msvcp140_1.dll'...
62c4.84c: supR3HardenedWinVerifyCacheProcessImportTodos: 'msvcp140_1.dll' -> '\Device\HarddiskVolume2\Windows\System32\msvcp140_1.dll' [rcNtRedir=0xc0150008]
62c4.84c: Detected WinVerifyTrust recursion: rc=VINF_SUCCESS '\Device\HarddiskVolume2\Windows\System32\msvcp140_1.dll'.
62c4.84c: supR3HardenedWinVerifyCacheScheduleImports: Import todo: #0 'msvcp140.dll'.
62c4.84c: supR3HardenedWinVerifyCacheScheduleImports: Import todo: #1 'vcruntime140.dll'.
62c4.84c: supHardenedWinVerifyImageByHandle: -> 0 (\Device\HarddiskVolume2\Windows\System32\msvcp140_1.dll)
62c4.84c: supR3HardenedWinVerifyCacheInsert: \Device\HarddiskVolume2\Windows\System32\msvcp140_1.dll
62c4.84c: supR3HardenedWinVerifyCacheProcessImportTodos: Processing 'msvcp140.dll'...
62c4.84c: supR3HardenedWinVerifyCacheProcessImportTodos: 'msvcp140.dll' -> '\Device\HarddiskVolume2\Windows\System32\msvcp140.dll' [rcNtRedir=0xc0150008]
62c4.84c: supR3HardenedScreenImage/Imports: cache hit (VINF_SUCCESS) on \Device\HarddiskVolume2\Windows\System32\msvcp140.dll
62c4.84c: supR3HardenedWinVerifyCacheProcessImportTodos: Processing 'gdi32.dll'...
62c4.84c: supR3HardenedWinVerifyCacheProcessImportTodos: 'gdi32.dll' -> '\Device\HarddiskVolume2\Windows\System32\gdi32.dll' [rcNtRedir=0xc0150008]
62c4.84c: supR3HardenedScreenImage/Imports: cache hit (VINF_SUCCESS) on \Device\HarddiskVolume2\Windows\System32\gdi32.dll [lacks WinVerifyTrust]
62c4.84c: supR3HardenedWinVerifyCacheProcessImportTodos: Processing 'user32.dll'...
62c4.84c: supR3HardenedWinVerifyCacheProcessImportTodos: 'user32.dll' -> '\Device\HarddiskVolume2\Windows\System32\user32.dll' [rcNtRedir=0xc0150008]
62c4.84c: supR3HardenedScreenImage/Imports: cache hit (VINF_SUCCESS) on \Device\HarddiskVolume2\Windows\System32\user32.dll [lacks WinVerifyTrust]
62c4.84c: supR3HardenedWinVerifyCacheProcessImportTodos: Processing 'qt6corevbox.dll'...
62c4.84c: supR3HardenedWinVerifyCacheProcessImportTodos: 'qt6corevbox.dll' -> '\Device\HarddiskVolume2\Program Files\Oracle\VirtualBox\qt6corevbox.dll' [rcNtRedir=0xc0150008]
62c4.84c: Detected WinVerifyTrust recursion: rc=VINF_SUCCESS '\Device\HarddiskVolume2\Program Files\Oracle\VirtualBox\Qt6CoreVBox.dll'.
62c4.84c: supR3HardenedWinVerifyCacheScheduleImports: Import todo: #1 'mpr.dll'.
62c4.84c: supR3HardenedWinVerifyCacheScheduleImports: Import todo: #2 'userenv.dll'.
62c4.84c: supR3HardenedWinVerifyCacheScheduleImports: Import todo: #3 'advapi32.dll'.
62c4.84c: supR3HardenedWinVerifyCacheScheduleImports: Import todo: #4 'authz.dll'.
62c4.84c: supR3HardenedWinVerifyCacheScheduleImports: Import todo: #6 'netapi32.dll'.
62c4.84c: supR3HardenedWinVerifyCacheScheduleImports: Import todo: #7 'ole32.dll'.
62c4.84c: supR3HardenedWinVerifyCacheScheduleImports: Import todo: #8 'shell32.dll'.
62c4.84c: supR3HardenedWinVerifyCacheScheduleImports: Import todo: #9 'user32.dll'.
62c4.84c: supR3HardenedWinVerifyCacheScheduleImports: Import todo: #10 'version.dll'.
62c4.84c: supR3HardenedWinVerifyCacheScheduleImports: Import todo: #11 'winmm.dll'.
62c4.84c: supR3HardenedWinVerifyCacheScheduleImports: Import todo: #12 'ws2_32.dll'.
62c4.84c: supR3HardenedWinVerifyCacheScheduleImports: Import todo: #13 'msvcp140.dll'.
62c4.84c: supR3HardenedWinVerifyCacheScheduleImports: Import todo: #14 'msvcp140_1.dll'.
62c4.84c: supR3HardenedWinVerifyCacheScheduleImports: Import todo: #15 'vcruntime140.dll'.
62c4.84c: supR3HardenedWinVerifyCacheScheduleImports: Import todo: #16 'vcruntime140_1.dll'.
62c4.84c: supHardenedWinVerifyImageByHandle: -> 0 (\Device\HarddiskVolume2\Program Files\Oracle\VirtualBox\Qt6CoreVBox.dll)
62c4.84c: supR3HardenedWinVerifyCacheInsert: \Device\HarddiskVolume2\Program Files\Oracle\VirtualBox\Qt6CoreVBox.dll
62c4.84c: supR3HardenedWinVerifyCacheProcessImportTodos: Processing 'qt6guivbox.dll'...
62c4.84c: supR3HardenedWinVerifyCacheProcessImportTodos: 'qt6guivbox.dll' -> '\Device\HarddiskVolume2\Program Files\Oracle\VirtualBox\qt6guivbox.dll' [rcNtRedir=0xc0150008]
62c4.84c: Detected WinVerifyTrust recursion: rc=VINF_SUCCESS '\Device\HarddiskVolume2\Program Files\Oracle\VirtualBox\Qt6GuiVBox.dll'.
62c4.84c: supR3HardenedWinVerifyCacheScheduleImports: Import todo: #0 'd3d11.dll'.
62c4.84c: supR3HardenedWinVerifyCacheScheduleImports: Import todo: #1 'dxgi.dll'.
62c4.84c: supR3HardenedWinVerifyCacheScheduleImports: Import todo: #2 'gdi32.dll'.
62c4.84c: supR3HardenedWinVerifyCacheScheduleImports: Import todo: #3 'ole32.dll'.
62c4.84c: supR3HardenedWinVerifyCacheScheduleImports: Import todo: #4 'shell32.dll'.
62c4.84c: supR3HardenedWinVerifyCacheScheduleImports: Import todo: #5 'user32.dll'.
62c4.84c: supR3HardenedWinVerifyCacheScheduleImports: Import todo: #6 'dwrite.dll'.
62c4.84c: supR3HardenedWinVerifyCacheScheduleImports: Import todo: #7 'qt6corevbox.dll'.
62c4.84c: supR3HardenedWinVerifyCacheScheduleImports: Import todo: #9 'msvcp140.dll'.
62c4.84c: supR3HardenedWinVerifyCacheScheduleImports: Import todo: #10 'msvcp140_1.dll'.
62c4.84c: supR3HardenedWinVerifyCacheScheduleImports: Import todo: #11 'msvcp140_2.dll'.
62c4.84c: supR3HardenedWinVerifyCacheScheduleImports: Import todo: #12 'vcruntime140.dll'.
62c4.84c: supR3HardenedWinVerifyCacheScheduleImports: Import todo: #13 'vcruntime140_1.dll'.
62c4.84c: supHardenedWinVerifyImageByHandle: -> 0 (\Device\HarddiskVolume2\Program Files\Oracle\VirtualBox\Qt6GuiVBox.dll)
62c4.84c: supR3HardenedWinVerifyCacheInsert: \Device\HarddiskVolume2\Program Files\Oracle\VirtualBox\Qt6GuiVBox.dll
62c4.84c: supR3HardenedWinVerifyCacheProcessImportTodos: Processing 'uxtheme.dll'...
62c4.84c: supR3HardenedWinVerifyCacheProcessImportTodos: 'uxtheme.dll' -> '\Device\HarddiskVolume2\Windows\System32\uxtheme.dll' [rcNtRedir=0xc0150008]
62c4.84c: Detected WinVerifyTrust recursion: rc=22900 '\Device\HarddiskVolume2\Windows\System32\uxtheme.dll'.
62c4.84c: supR3HardenedWinVerifyCacheScheduleImports: Import todo: #0 'msvcrt.dll'.
62c4.84c: supR3HardenedWinVerifyCacheScheduleImports: Import todo: #33 'gdi32.dll'.
62c4.84c: supR3HardenedWinVerifyCacheScheduleImports: Import todo: #34 'user32.dll'.
62c4.84c: supHardenedWinVerifyImageByHandle: -> 22900 (\Device\HarddiskVolume2\Windows\System32\uxtheme.dll)
62c4.84c: supR3HardenedWinVerifyCacheInsert: \Device\HarddiskVolume2\Windows\System32\uxtheme.dll
62c4.84c: supR3HardenedWinVerifyCacheProcessImportTodos: Processing 'dwmapi.dll'...
62c4.84c: supR3HardenedWinVerifyCacheProcessImportTodos: 'dwmapi.dll' -> '\Device\HarddiskVolume2\Windows\System32\dwmapi.dll' [rcNtRedir=0xc0150008]
62c4.84c: Detected WinVerifyTrust recursion: rc=VINF_SUCCESS '\Device\HarddiskVolume2\Windows\System32\dwmapi.dll'.
62c4.84c: supR3HardenedWinVerifyCacheScheduleImports: Import todo: #0 'msvcrt.dll'.
62c4.84c: supR3HardenedWinVerifyCacheScheduleImports: Import todo: #20 'win32u.dll'.
62c4.84c: supR3HardenedWinVerifyCacheScheduleImports: Import todo: #21 'user32.dll'.
62c4.84c: supR3HardenedWinVerifyCacheScheduleImports: Import todo: #22 'gdi32.dll'.
62c4.84c: supHardenedWinVerifyImageByHandle: -> 0 (\Device\HarddiskVolume2\Windows\System32\dwmapi.dll)
62c4.84c: supR3HardenedWinVerifyCacheInsert: \Device\HarddiskVolume2\Windows\System32\dwmapi.dll
62c4.84c: supR3HardenedWinVerifyCacheProcessImportTodos: Processing 'gdi32.dll'...
62c4.84c: supR3HardenedWinVerifyCacheProcessImportTodos: 'gdi32.dll' -> '\Device\HarddiskVolume2\Windows\System32\gdi32.dll' [rcNtRedir=0xc0150008]
62c4.84c: supR3HardenedScreenImage/Imports: cache hit (VINF_SUCCESS) on \Device\HarddiskVolume2\Windows\System32\gdi32.dll [lacks WinVerifyTrust]
62c4.84c: supR3HardenedWinVerifyCacheProcessImportTodos: Processing 'user32.dll'...
62c4.84c: supR3HardenedWinVerifyCacheProcessImportTodos: 'user32.dll' -> '\Device\HarddiskVolume2\Windows\System32\user32.dll' [rcNtRedir=0xc0150008]
62c4.84c: supR3HardenedScreenImage/Imports: cache hit (VINF_SUCCESS) on \Device\HarddiskVolume2\Windows\System32\user32.dll [lacks WinVerifyTrust]
62c4.84c: supR3HardenedWinVerifyCacheProcessImportTodos: Processing 'win32u.dll'...
62c4.84c: supR3HardenedWinVerifyCacheProcessImportTodos: 'win32u.dll' -> '\Device\HarddiskVolume2\Windows\System32\win32u.dll' [rcNtRedir=0xc0150008]
62c4.84c: supR3HardenedScreenImage/Imports: cache hit (VINF_SUCCESS) on \Device\HarddiskVolume2\Windows\System32\win32u.dll [lacks WinVerifyTrust]
62c4.84c: supR3HardenedWinVerifyCacheProcessImportTodos: Processing 'msvcrt.dll'...
62c4.84c: supR3HardenedWinVerifyCacheProcessImportTodos: 'msvcrt.dll' -> '\Device\HarddiskVolume2\Windows\System32\msvcrt.dll' [rcNtRedir=0xc0150008]
62c4.84c: supR3HardenedScreenImage/Imports: cache hit (VINF_SUCCESS) on \Device\HarddiskVolume2\Windows\System32\msvcrt.dll
62c4.84c: supR3HardenedWinVerifyCacheProcessImportTodos: Processing 'user32.dll'...
62c4.84c: supR3HardenedWinVerifyCacheProcessImportTodos: 'user32.dll' -> '\Device\HarddiskVolume2\Windows\System32\user32.dll' [rcNtRedir=0xc0150008]
62c4.84c: supR3HardenedScreenImage/Imports: cache hit (VINF_SUCCESS) on \Device\HarddiskVolume2\Windows\System32\user32.dll [lacks WinVerifyTrust]
62c4.84c: supR3HardenedWinVerifyCacheProcessImportTodos: Processing 'gdi32.dll'...
62c4.84c: supR3HardenedWinVerifyCacheProcessImportTodos: 'gdi32.dll' -> '\Device\HarddiskVolume2\Windows\System32\gdi32.dll' [rcNtRedir=0xc0150008]
62c4.84c: supR3HardenedScreenImage/Imports: cache hit (VINF_SUCCESS) on \Device\HarddiskVolume2\Windows\System32\gdi32.dll [lacks WinVerifyTrust]
62c4.84c: supR3HardenedWinVerifyCacheProcessImportTodos: Processing 'msvcrt.dll'...
62c4.84c: supR3HardenedWinVerifyCacheProcessImportTodos: 'msvcrt.dll' -> '\Device\HarddiskVolume2\Windows\System32\msvcrt.dll' [rcNtRedir=0xc0150008]
62c4.84c: supR3HardenedScreenImage/Imports: cache hit (VINF_SUCCESS) on \Device\HarddiskVolume2\Windows\System32\msvcrt.dll
62c4.84c: supR3HardenedWinVerifyCacheProcessImportTodos: Processing 'vcruntime140_1.dll'...
62c4.84c: supR3HardenedWinVerifyCacheProcessImportTodos: 'vcruntime140_1.dll' -> '\Device\HarddiskVolume2\Windows\System32\vcruntime140_1.dll' [rcNtRedir=0xc0150008]
62c4.84c: supR3HardenedScreenImage/Imports: cache hit (VINF_SUCCESS) on \Device\HarddiskVolume2\Windows\System32\vcruntime140_1.dll
62c4.84c: supR3HardenedWinVerifyCacheProcessImportTodos: Processing 'vcruntime140.dll'...
62c4.84c: supR3HardenedWinVerifyCacheProcessImportTodos: 'vcruntime140.dll' -> '\Device\HarddiskVolume2\Windows\System32\vcruntime140.dll' [rcNtRedir=0xc0150008]
62c4.84c: supR3HardenedScreenImage/Imports: cache hit (VINF_SUCCESS) on \Device\HarddiskVolume2\Windows\System32\vcruntime140.dll
62c4.84c: supR3HardenedWinVerifyCacheProcessImportTodos: Processing 'msvcp140_2.dll'...
62c4.84c: supR3HardenedWinVerifyCacheProcessImportTodos: 'msvcp140_2.dll' -> '\Device\HarddiskVolume2\Windows\System32\msvcp140_2.dll' [rcNtRedir=0xc0150008]
62c4.84c: Detected WinVerifyTrust recursion: rc=VINF_SUCCESS '\Device\HarddiskVolume2\Windows\System32\msvcp140_2.dll'.
62c4.84c: supR3HardenedWinVerifyCacheScheduleImports: Import todo: #0 'msvcp140.dll'.
62c4.84c: supR3HardenedWinVerifyCacheScheduleImports: Import todo: #1 'vcruntime140.dll'.
62c4.84c: supR3HardenedWinVerifyCacheScheduleImports: Import todo: #2 'vcruntime140_1.dll'.
62c4.84c: supHardenedWinVerifyImageByHandle: -> 0 (\Device\HarddiskVolume2\Windows\System32\msvcp140_2.dll)
62c4.84c: supR3HardenedWinVerifyCacheInsert: \Device\HarddiskVolume2\Windows\System32\msvcp140_2.dll
62c4.84c: supR3HardenedWinVerifyCacheProcessImportTodos: Processing 'msvcp140_1.dll'...
62c4.84c: supR3HardenedWinVerifyCacheProcessImportTodos: 'msvcp140_1.dll' -> '\Device\HarddiskVolume2\Windows\System32\msvcp140_1.dll' [rcNtRedir=0xc0150008]
62c4.84c: supR3HardenedScreenImage/Imports: cache hit (VINF_SUCCESS) on \Device\HarddiskVolume2\Windows\System32\msvcp140_1.dll [lacks WinVerifyTrust]
62c4.84c: supR3HardenedWinVerifyCacheProcessImportTodos: Processing 'msvcp140.dll'...
62c4.84c: supR3HardenedWinVerifyCacheProcessImportTodos: 'msvcp140.dll' -> '\Device\HarddiskVolume2\Windows\System32\msvcp140.dll' [rcNtRedir=0xc0150008]
62c4.84c: supR3HardenedScreenImage/Imports: cache hit (VINF_SUCCESS) on \Device\HarddiskVolume2\Windows\System32\msvcp140.dll
62c4.84c: supR3HardenedWinVerifyCacheProcessImportTodos: Processing 'qt6corevbox.dll'...
62c4.84c: supR3HardenedWinVerifyCacheProcessImportTodos: 'qt6corevbox.dll' -> '\Device\HarddiskVolume2\Program Files\Oracle\VirtualBox\qt6corevbox.dll' [rcNtRedir=0xc0150008]
62c4.84c: supR3HardenedScreenImage/Imports: cache hit (VINF_SUCCESS) on \Device\HarddiskVolume2\Program Files\Oracle\VirtualBox\Qt6CoreVBox.dll [lacks WinVerifyTrust]
62c4.84c: supR3HardenedWinVerifyCacheProcessImportTodos: Processing 'dwrite.dll'...
62c4.84c: supR3HardenedWinVerifyCacheProcessImportTodos: 'dwrite.dll' -> '\Device\HarddiskVolume2\Windows\System32\dwrite.dll' [rcNtRedir=0xc0150008]
62c4.84c: Detected WinVerifyTrust recursion: rc=22900 '\Device\HarddiskVolume2\Windows\System32\DWrite.dll'.
62c4.84c: supR3HardenedWinVerifyCacheScheduleImports: Import todo: #0 'msvcrt.dll'.
62c4.84c: supR3HardenedWinVerifyCacheScheduleImports: Import todo: #12 'rpcrt4.dll'.
62c4.84c: supHardenedWinVerifyImageByHandle: -> 22900 (\Device\HarddiskVolume2\Windows\System32\DWrite.dll)
62c4.84c: supR3HardenedWinVerifyCacheInsert: \Device\HarddiskVolume2\Windows\System32\DWrite.dll
62c4.84c: supR3HardenedWinVerifyCacheProcessImportTodos: Processing 'user32.dll'...
62c4.84c: supR3HardenedWinVerifyCacheProcessImportTodos: 'user32.dll' -> '\Device\HarddiskVolume2\Windows\System32\user32.dll' [rcNtRedir=0xc0150008]
62c4.84c: supR3HardenedScreenImage/Imports: cache hit (VINF_SUCCESS) on \Device\HarddiskVolume2\Windows\System32\user32.dll [lacks WinVerifyTrust]
62c4.84c: supR3HardenedWinVerifyCacheProcessImportTodos: Processing 'shell32.dll'...
62c4.84c: supR3HardenedWinVerifyCacheProcessImportTodos: 'shell32.dll' -> '\Device\HarddiskVolume2\Windows\System32\shell32.dll' [rcNtRedir=0xc0150008]
62c4.84c: Detected WinVerifyTrust recursion: rc=VINF_SUCCESS '\Device\HarddiskVolume2\Windows\System32\shell32.dll'.
62c4.84c: supR3HardenedWinVerifyCacheScheduleImports: Import todo: #0 'msvcp_win.dll'.
62c4.84c: supR3HardenedWinVerifyCacheScheduleImports: Import todo: #72 'user32.dll'.
62c4.84c: supR3HardenedWinVerifyCacheScheduleImports: Import todo: #74 'gdi32.dll'.
62c4.84c: supHardenedWinVerifyImageByHandle: -> 0 (\Device\HarddiskVolume2\Windows\System32\shell32.dll)
62c4.84c: supR3HardenedWinVerifyCacheInsert: \Device\HarddiskVolume2\Windows\System32\shell32.dll
62c4.84c: supR3HardenedWinVerifyCacheProcessImportTodos: Processing 'ole32.dll'...
62c4.84c: supR3HardenedWinVerifyCacheProcessImportTodos: 'ole32.dll' -> '\Device\HarddiskVolume2\Windows\System32\ole32.dll' [rcNtRedir=0xc0150008]
62c4.84c: supR3HardenedScreenImage/Imports: cache hit (VINF_SUCCESS) on \Device\HarddiskVolume2\Windows\System32\ole32.dll
62c4.84c: supR3HardenedWinVerifyCacheProcessImportTodos: Processing 'gdi32.dll'...
62c4.84c: supR3HardenedWinVerifyCacheProcessImportTodos: 'gdi32.dll' -> '\Device\HarddiskVolume2\Windows\System32\gdi32.dll' [rcNtRedir=0xc0150008]
62c4.84c: supR3HardenedScreenImage/Imports: cache hit (VINF_SUCCESS) on \Device\HarddiskVolume2\Windows\System32\gdi32.dll [lacks WinVerifyTrust]
62c4.84c: supR3HardenedWinVerifyCacheProcessImportTodos: Processing 'dxgi.dll'...
62c4.84c: supR3HardenedWinVerifyCacheProcessImportTodos: 'dxgi.dll' -> '\Device\HarddiskVolume2\Windows\System32\dxgi.dll' [rcNtRedir=0xc0150008]
62c4.84c: Detected WinVerifyTrust recursion: rc=VINF_SUCCESS '\Device\HarddiskVolume2\Windows\System32\dxgi.dll'.
62c4.84c: supR3HardenedWinVerifyCacheScheduleImports: Import todo: #0 'msvcrt.dll'.
62c4.84c: supR3HardenedWinVerifyCacheScheduleImports: Import todo: #2 'win32u.dll'.
62c4.84c: supHardenedWinVerifyImageByHandle: -> 0 (\Device\HarddiskVolume2\Windows\System32\dxgi.dll)
62c4.84c: supR3HardenedWinVerifyCacheInsert: \Device\HarddiskVolume2\Windows\System32\dxgi.dll
62c4.84c: supR3HardenedWinVerifyCacheProcessImportTodos: Processing 'd3d11.dll'...
62c4.84c: supR3HardenedWinVerifyCacheProcessImportTodos: 'd3d11.dll' -> '\Device\HarddiskVolume2\Windows\System32\d3d11.dll' [rcNtRedir=0xc0150008]
62c4.84c: Detected WinVerifyTrust recursion: rc=VINF_SUCCESS '\Device\HarddiskVolume2\Windows\System32\d3d11.dll'.
62c4.84c: supR3HardenedWinVerifyCacheScheduleImports: Import todo: #0 'msvcrt.dll'.
62c4.84c: supR3HardenedWinVerifyCacheScheduleImports: Import todo: #26 'dxgi.dll'.
62c4.84c: supR3HardenedWinVerifyCacheScheduleImports: Import todo: #28 'win32u.dll'.
62c4.84c: supHardenedWinVerifyImageByHandle: -> 0 (\Device\HarddiskVolume2\Windows\System32\d3d11.dll)
62c4.84c: supR3HardenedWinVerifyCacheInsert: \Device\HarddiskVolume2\Windows\System32\d3d11.dll
62c4.84c: supR3HardenedWinVerifyCacheProcessImportTodos: Processing 'vcruntime140_1.dll'...
62c4.84c: supR3HardenedWinVerifyCacheProcessImportTodos: 'vcruntime140_1.dll' -> '\Device\HarddiskVolume2\Windows\System32\vcruntime140_1.dll' [rcNtRedir=0xc0150008]
62c4.84c: supR3HardenedScreenImage/Imports: cache hit (VINF_SUCCESS) on \Device\HarddiskVolume2\Windows\System32\vcruntime140_1.dll
62c4.84c: supR3HardenedWinVerifyCacheProcessImportTodos: Processing 'vcruntime140.dll'...
62c4.84c: supR3HardenedWinVerifyCacheProcessImportTodos: 'vcruntime140.dll' -> '\Device\HarddiskVolume2\Windows\System32\vcruntime140.dll' [rcNtRedir=0xc0150008]
62c4.84c: supR3HardenedScreenImage/Imports: cache hit (VINF_SUCCESS) on \Device\HarddiskVolume2\Windows\System32\vcruntime140.dll
62c4.84c: supR3HardenedWinVerifyCacheProcessImportTodos: Processing 'msvcp140_1.dll'...
62c4.84c: supR3HardenedWinVerifyCacheProcessImportTodos: 'msvcp140_1.dll' -> '\Device\HarddiskVolume2\Windows\System32\msvcp140_1.dll' [rcNtRedir=0xc0150008]
62c4.84c: supR3HardenedScreenImage/Imports: cache hit (VINF_SUCCESS) on \Device\HarddiskVolume2\Windows\System32\msvcp140_1.dll [lacks WinVerifyTrust]
62c4.84c: supR3HardenedWinVerifyCacheProcessImportTodos: Processing 'msvcp140.dll'...
62c4.84c: supR3HardenedWinVerifyCacheProcessImportTodos: 'msvcp140.dll' -> '\Device\HarddiskVolume2\Windows\System32\msvcp140.dll' [rcNtRedir=0xc0150008]
62c4.84c: supR3HardenedScreenImage/Imports: cache hit (VINF_SUCCESS) on \Device\HarddiskVolume2\Windows\System32\msvcp140.dll
62c4.84c: supR3HardenedWinVerifyCacheProcessImportTodos: Processing 'ws2_32.dll'...
62c4.84c: supR3HardenedWinVerifyCacheProcessImportTodos: 'ws2_32.dll' -> '\Device\HarddiskVolume2\Windows\System32\ws2_32.dll' [rcNtRedir=0xc0150008]
62c4.84c: supR3HardenedScreenImage/Imports: cache hit (VINF_SUCCESS) on \Device\HarddiskVolume2\Windows\System32\ws2_32.dll
62c4.84c: supR3HardenedWinVerifyCacheProcessImportTodos: Processing 'winmm.dll'...
62c4.84c: supR3HardenedWinVerifyCacheProcessImportTodos: 'winmm.dll' -> '\Device\HarddiskVolume2\Windows\System32\winmm.dll' [rcNtRedir=0xc0150008]
62c4.84c: supR3HardenedScreenImage/Imports: cache hit (VINF_SUCCESS) on \Device\HarddiskVolume2\Windows\System32\winmm.dll
62c4.84c: supR3HardenedWinVerifyCacheProcessImportTodos: Processing 'version.dll'...
62c4.84c: supR3HardenedWinVerifyCacheProcessImportTodos: 'version.dll' -> '\Device\HarddiskVolume2\Windows\System32\version.dll' [rcNtRedir=0xc0150008]
62c4.84c: Detected WinVerifyTrust recursion: rc=VINF_SUCCESS '\Device\HarddiskVolume2\Windows\System32\version.dll'.
62c4.84c: supR3HardenedWinVerifyCacheScheduleImports: Import todo: #0 'msvcrt.dll'.
62c4.84c: supHardenedWinVerifyImageByHandle: -> 0 (\Device\HarddiskVolume2\Windows\System32\version.dll)
62c4.84c: supR3HardenedWinVerifyCacheInsert: \Device\HarddiskVolume2\Windows\System32\version.dll
62c4.84c: supR3HardenedWinVerifyCacheProcessImportTodos: Processing 'user32.dll'...
62c4.84c: supR3HardenedWinVerifyCacheProcessImportTodos: 'user32.dll' -> '\Device\HarddiskVolume2\Windows\System32\user32.dll' [rcNtRedir=0xc0150008]
62c4.84c: supR3HardenedScreenImage/Imports: cache hit (VINF_SUCCESS) on \Device\HarddiskVolume2\Windows\System32\user32.dll [lacks WinVerifyTrust]
62c4.84c: supR3HardenedWinVerifyCacheProcessImportTodos: Processing 'shell32.dll'...
62c4.84c: supR3HardenedWinVerifyCacheProcessImportTodos: 'shell32.dll' -> '\Device\HarddiskVolume2\Windows\System32\shell32.dll' [rcNtRedir=0xc0150008]
62c4.84c: supR3HardenedScreenImage/Imports: cache hit (VINF_SUCCESS) on \Device\HarddiskVolume2\Windows\System32\shell32.dll [lacks WinVerifyTrust]
62c4.84c: supR3HardenedWinVerifyCacheProcessImportTodos: Processing 'ole32.dll'...
62c4.84c: supR3HardenedWinVerifyCacheProcessImportTodos: 'ole32.dll' -> '\Device\HarddiskVolume2\Windows\System32\ole32.dll' [rcNtRedir=0xc0150008]
62c4.84c: supR3HardenedScreenImage/Imports: cache hit (VINF_SUCCESS) on \Device\HarddiskVolume2\Windows\System32\ole32.dll
62c4.84c: supR3HardenedWinVerifyCacheProcessImportTodos: Processing 'netapi32.dll'...
62c4.84c: supR3HardenedWinVerifyCacheProcessImportTodos: 'netapi32.dll' -> '\Device\HarddiskVolume2\Windows\System32\netapi32.dll' [rcNtRedir=0xc0150008]
62c4.84c: Detected WinVerifyTrust recursion: rc=VINF_SUCCESS '\Device\HarddiskVolume2\Windows\System32\netapi32.dll'.
62c4.84c: supR3HardenedWinVerifyCacheScheduleImports: Import todo: #0 'msvcrt.dll'.
62c4.84c: supHardenedWinVerifyImageByHandle: -> 0 (\Device\HarddiskVolume2\Windows\System32\netapi32.dll)
62c4.84c: supR3HardenedWinVerifyCacheInsert: \Device\HarddiskVolume2\Windows\System32\netapi32.dll
62c4.84c: supR3HardenedWinVerifyCacheProcessImportTodos: Processing 'authz.dll'...
62c4.84c: supR3HardenedWinVerifyCacheProcessImportTodos: 'authz.dll' -> '\Device\HarddiskVolume2\Windows\System32\authz.dll' [rcNtRedir=0xc0150008]
62c4.84c: Detected WinVerifyTrust recursion: rc=22900 '\Device\HarddiskVolume2\Windows\System32\authz.dll'.
62c4.84c: supHardenedWinVerifyImageByHandle: -> 22900 (\Device\HarddiskVolume2\Windows\System32\authz.dll)
62c4.84c: supR3HardenedWinVerifyCacheInsert: \Device\HarddiskVolume2\Windows\System32\authz.dll
62c4.84c: supR3HardenedWinVerifyCacheProcessImportTodos: Processing 'advapi32.dll'...
62c4.84c: supR3HardenedWinVerifyCacheProcessImportTodos: 'advapi32.dll' -> '\Device\HarddiskVolume2\Windows\System32\advapi32.dll' [rcNtRedir=0xc0150008]
62c4.84c: supR3HardenedScreenImage/Imports: cache hit (VINF_SUCCESS) on \Device\HarddiskVolume2\Windows\System32\advapi32.dll
62c4.84c: supR3HardenedWinVerifyCacheProcessImportTodos: Processing 'userenv.dll'...
62c4.84c: supR3HardenedWinVerifyCacheProcessImportTodos: 'userenv.dll' -> '\Device\HarddiskVolume2\Windows\System32\userenv.dll' [rcNtRedir=0xc0150008]
62c4.84c: Detected WinVerifyTrust recursion: rc=VINF_SUCCESS '\Device\HarddiskVolume2\Windows\System32\userenv.dll'.
62c4.84c: supR3HardenedWinVerifyCacheScheduleImports: Import todo: #17 'rpcrt4.dll'.
62c4.84c: supHardenedWinVerifyImageByHandle: -> 0 (\Device\HarddiskVolume2\Windows\System32\userenv.dll)
62c4.84c: supR3HardenedWinVerifyCacheInsert: \Device\HarddiskVolume2\Windows\System32\userenv.dll
62c4.84c: supR3HardenedWinVerifyCacheProcessImportTodos: Processing 'mpr.dll'...
62c4.84c: supR3HardenedWinVerifyCacheProcessImportTodos: 'mpr.dll' -> '\Device\HarddiskVolume2\Windows\System32\mpr.dll' [rcNtRedir=0xc0150008]
62c4.84c: supR3HardenedScreenImage/Imports: cache hit (VINF_SUCCESS) on \Device\HarddiskVolume2\Windows\System32\mpr.dll
62c4.84c: supR3HardenedWinVerifyCacheProcessImportTodos: Processing 'vcruntime140.dll'...
62c4.84c: supR3HardenedWinVerifyCacheProcessImportTodos: 'vcruntime140.dll' -> '\Device\HarddiskVolume2\Windows\System32\vcruntime140.dll' [rcNtRedir=0xc0150008]
62c4.84c: supR3HardenedWinVerifyCacheProcessImportTodos: Processing 'msvcp140.dll'...
62c4.84c: supR3HardenedWinVerifyCacheProcessImportTodos: 'msvcp140.dll' -> '\Device\HarddiskVolume2\Windows\System32\msvcp140.dll' [rcNtRedir=0xc0150008]
62c4.84c: supR3HardenedScreenImage/Imports: cache hit (VINF_SUCCESS) on \Device\HarddiskVolume2\Windows\System32\msvcp140.dll
62c4.84c: supR3HardenedWinVerifyCacheProcessImportTodos: Processing 'rpcrt4.dll'...
62c4.84c: supR3HardenedWinVerifyCacheProcessImportTodos: 'rpcrt4.dll' -> '\Device\HarddiskVolume2\Windows\System32\rpcrt4.dll' [rcNtRedir=0xc0150008]
62c4.84c: supR3HardenedWinVerifyCacheProcessImportTodos: Processing 'msvcrt.dll'...
62c4.84c: supR3HardenedWinVerifyCacheProcessImportTodos: 'msvcrt.dll' -> '\Device\HarddiskVolume2\Windows\System32\msvcrt.dll' [rcNtRedir=0xc0150008]
62c4.84c: supR3HardenedWinVerifyCacheProcessImportTodos: Processing 'msvcrt.dll'...
62c4.84c: supR3HardenedWinVerifyCacheProcessImportTodos: 'msvcrt.dll' -> '\Device\HarddiskVolume2\Windows\System32\msvcrt.dll' [rcNtRedir=0xc0150008]
62c4.84c: supR3HardenedWinVerifyCacheProcessImportTodos: Processing 'win32u.dll'...
62c4.84c: supR3HardenedWinVerifyCacheProcessImportTodos: 'win32u.dll' -> '\Device\HarddiskVolume2\Windows\System32\win32u.dll' [rcNtRedir=0xc0150008]
62c4.84c: supR3HardenedScreenImage/Imports: cache hit (VINF_SUCCESS) on \Device\HarddiskVolume2\Windows\System32\win32u.dll [lacks WinVerifyTrust]
62c4.84c: supR3HardenedWinVerifyCacheProcessImportTodos: Processing 'dxgi.dll'...
62c4.84c: supR3HardenedWinVerifyCacheProcessImportTodos: 'dxgi.dll' -> '\Device\HarddiskVolume2\Windows\System32\dxgi.dll' [rcNtRedir=0xc0150008]
62c4.84c: supR3HardenedScreenImage/Imports: cache hit (VINF_SUCCESS) on \Device\HarddiskVolume2\Windows\System32\dxgi.dll [lacks WinVerifyTrust]
62c4.84c: supR3HardenedWinVerifyCacheProcessImportTodos: Processing 'msvcrt.dll'...
62c4.84c: supR3HardenedWinVerifyCacheProcessImportTodos: 'msvcrt.dll' -> '\Device\HarddiskVolume2\Windows\System32\msvcrt.dll' [rcNtRedir=0xc0150008]
62c4.84c: supR3HardenedWinVerifyCacheProcessImportTodos: Processing 'win32u.dll'...
62c4.84c: supR3HardenedWinVerifyCacheProcessImportTodos: 'win32u.dll' -> '\Device\HarddiskVolume2\Windows\System32\win32u.dll' [rcNtRedir=0xc0150008]
62c4.84c: supR3HardenedScreenImage/Imports: cache hit (VINF_SUCCESS) on \Device\HarddiskVolume2\Windows\System32\win32u.dll [lacks WinVerifyTrust]
62c4.84c: supR3HardenedWinVerifyCacheProcessImportTodos: Processing 'msvcrt.dll'...
62c4.84c: supR3HardenedWinVerifyCacheProcessImportTodos: 'msvcrt.dll' -> '\Device\HarddiskVolume2\Windows\System32\msvcrt.dll' [rcNtRedir=0xc0150008]
62c4.84c: supR3HardenedWinVerifyCacheProcessImportTodos: Processing 'gdi32.dll'...
62c4.84c: supR3HardenedWinVerifyCacheProcessImportTodos: 'gdi32.dll' -> '\Device\HarddiskVolume2\Windows\System32\gdi32.dll' [rcNtRedir=0xc0150008]
62c4.84c: supR3HardenedScreenImage/Imports: cache hit (VINF_SUCCESS) on \Device\HarddiskVolume2\Windows\System32\gdi32.dll [lacks WinVerifyTrust]
62c4.84c: supR3HardenedWinVerifyCacheProcessImportTodos: Processing 'user32.dll'...
62c4.84c: supR3HardenedWinVerifyCacheProcessImportTodos: 'user32.dll' -> '\Device\HarddiskVolume2\Windows\System32\user32.dll' [rcNtRedir=0xc0150008]
62c4.84c: supR3HardenedScreenImage/Imports: cache hit (VINF_SUCCESS) on \Device\HarddiskVolume2\Windows\System32\user32.dll [lacks WinVerifyTrust]
62c4.84c: supR3HardenedWinVerifyCacheProcessImportTodos: Processing 'msvcp_win.dll'...
62c4.84c: supR3HardenedWinVerifyCacheProcessImportTodos: 'msvcp_win.dll' -> '\Device\HarddiskVolume2\Windows\System32\msvcp_win.dll' [rcNtRedir=0xc0150008]
62c4.84c: supR3HardenedScreenImage/Imports: cache hit (VINF_SUCCESS) on \Device\HarddiskVolume2\Windows\System32\msvcp_win.dll [lacks WinVerifyTrust]
62c4.84c: supR3HardenedWinVerifyCacheProcessImportTodos: Processing 'rpcrt4.dll'...
62c4.84c: supR3HardenedWinVerifyCacheProcessImportTodos: 'rpcrt4.dll' -> '\Device\HarddiskVolume2\Windows\System32\rpcrt4.dll' [rcNtRedir=0xc0150008]
62c4.84c: supR3HardenedWinVerifyCacheProcessImportTodos: Processing 'msvcrt.dll'...
62c4.84c: supR3HardenedWinVerifyCacheProcessImportTodos: 'msvcrt.dll' -> '\Device\HarddiskVolume2\Windows\System32\msvcrt.dll' [rcNtRedir=0xc0150008]
62c4.84c: supR3HardenedWinVerifyCacheProcessImportTodos: Processing 'vcruntime140_1.dll'...
62c4.84c: supR3HardenedWinVerifyCacheProcessImportTodos: 'vcruntime140_1.dll' -> '\Device\HarddiskVolume2\Windows\System32\vcruntime140_1.dll' [rcNtRedir=0xc0150008]
62c4.84c: supR3HardenedScreenImage/Imports: cache hit (VINF_SUCCESS) on \Device\HarddiskVolume2\Windows\System32\vcruntime140_1.dll
62c4.84c: supR3HardenedWinVerifyCacheProcessImportTodos: Processing 'vcruntime140.dll'...
62c4.84c: supR3HardenedWinVerifyCacheProcessImportTodos: 'vcruntime140.dll' -> '\Device\HarddiskVolume2\Windows\System32\vcruntime140.dll' [rcNtRedir=0xc0150008]
62c4.84c: supR3HardenedWinVerifyCacheProcessImportTodos: Processing 'msvcp140.dll'...
62c4.84c: supR3HardenedWinVerifyCacheProcessImportTodos: 'msvcp140.dll' -> '\Device\HarddiskVolume2\Windows\System32\msvcp140.dll' [rcNtRedir=0xc0150008]
62c4.84c: supR3HardenedScreenImage/Imports: cache hit (VINF_SUCCESS) on \Device\HarddiskVolume2\Windows\System32\msvcp140.dll
62c4.84c: supR3HardenedMonitor_LdrLoadDll: returns rcNt=0x0 hMod=00007ffadec80000 'C:\WINDOWS\system32\rsaenh.dll'
62c4.84c: supR3HardenedMonitor_LdrLoadDll: returns rcNt=0x0 hMod=00007ffae0070000 'C:\WINDOWS\System32\crypt32.dll'
62c4.84c: supR3HardenedWinVerifyCacheScheduleImports: Import todo: #0 'd3d11.dll'.
62c4.84c: supR3HardenedWinVerifyCacheScheduleImports: Import todo: #1 'dxgi.dll'.
62c4.84c: supR3HardenedWinVerifyCacheScheduleImports: Import todo: #2 'gdi32.dll'.
62c4.84c: supR3HardenedWinVerifyCacheScheduleImports: Import todo: #3 'ole32.dll'.
62c4.84c: supR3HardenedWinVerifyCacheScheduleImports: Import todo: #4 'shell32.dll'.
62c4.84c: supR3HardenedWinVerifyCacheScheduleImports: Import todo: #5 'user32.dll'.
62c4.84c: supR3HardenedWinVerifyCacheScheduleImports: Import todo: #6 'dwrite.dll'.
62c4.84c: supR3HardenedWinVerifyCacheScheduleImports: Import todo: #7 'qt6corevbox.dll'.
62c4.84c: supR3HardenedWinVerifyCacheScheduleImports: Import todo: #9 'msvcp140.dll'.
62c4.84c: supR3HardenedWinVerifyCacheScheduleImports: Import todo: #10 'msvcp140_1.dll'.
62c4.84c: supR3HardenedWinVerifyCacheScheduleImports: Import todo: #11 'msvcp140_2.dll'.
62c4.84c: supR3HardenedWinVerifyCacheScheduleImports: Import todo: #12 'vcruntime140.dll'.
62c4.84c: supR3HardenedWinVerifyCacheScheduleImports: Import todo: #13 'vcruntime140_1.dll'.
62c4.84c: supHardenedWinVerifyImageByHandle: -> 0 (\Device\HarddiskVolume2\Program Files\Oracle\VirtualBox\Qt6GuiVBox.dll) WinVerifyTrust
62c4.84c: supR3HardenedWinVerifyCacheProcessImportTodos: Processing 'qt6corevbox.dll'...
62c4.84c: supR3HardenedWinVerifyCacheProcessImportTodos: 'qt6corevbox.dll' -> '\Device\HarddiskVolume2\Program Files\Oracle\VirtualBox\qt6corevbox.dll' [rcNtRedir=0xc0150008]
62c4.84c: supR3HardenedScreenImage/Imports: cache hit (VINF_SUCCESS) on \Device\HarddiskVolume2\Program Files\Oracle\VirtualBox\Qt6CoreVBox.dll [redoing WinVerifyTrust]
62c4.84c: supR3HardenedWinVerifyCacheProcessImportTodos: Processing 'vcruntime140_1.dll'...
62c4.84c: supR3HardenedWinVerifyCacheProcessImportTodos: 'vcruntime140_1.dll' -> '\Device\HarddiskVolume2\Windows\System32\vcruntime140_1.dll' [rcNtRedir=0xc0150008]
62c4.84c: supR3HardenedScreenImage/Imports: cache hit (VINF_SUCCESS) on \Device\HarddiskVolume2\Windows\System32\vcruntime140_1.dll
62c4.84c: supR3HardenedWinVerifyCacheProcessImportTodos: Processing 'vcruntime140.dll'...
62c4.84c: supR3HardenedWinVerifyCacheProcessImportTodos: 'vcruntime140.dll' -> '\Device\HarddiskVolume2\Windows\System32\vcruntime140.dll' [rcNtRedir=0xc0150008]
62c4.84c: supR3HardenedWinVerifyCacheProcessImportTodos: Processing 'msvcp140_2.dll'...
62c4.84c: supR3HardenedWinVerifyCacheProcessImportTodos: 'msvcp140_2.dll' -> '\Device\HarddiskVolume2\Windows\System32\msvcp140_2.dll' [rcNtRedir=0xc0150008]
62c4.84c: supR3HardenedScreenImage/Imports: cache hit (VINF_SUCCESS) on \Device\HarddiskVolume2\Windows\System32\msvcp140_2.dll [lacks WinVerifyTrust]
62c4.84c: supR3HardenedWinVerifyCacheProcessImportTodos: Processing 'msvcp140_1.dll'...
62c4.84c: supR3HardenedWinVerifyCacheProcessImportTodos: 'msvcp140_1.dll' -> '\Device\HarddiskVolume2\Windows\System32\msvcp140_1.dll' [rcNtRedir=0xc0150008]
62c4.84c: supR3HardenedScreenImage/Imports: cache hit (VINF_SUCCESS) on \Device\HarddiskVolume2\Windows\System32\msvcp140_1.dll [lacks WinVerifyTrust]
62c4.84c: supR3HardenedWinVerifyCacheProcessImportTodos: Processing 'msvcp140.dll'...
62c4.84c: supR3HardenedWinVerifyCacheProcessImportTodos: 'msvcp140.dll' -> '\Device\HarddiskVolume2\Windows\System32\msvcp140.dll' [rcNtRedir=0xc0150008]
62c4.84c: supR3HardenedScreenImage/Imports: cache hit (VINF_SUCCESS) on \Device\HarddiskVolume2\Windows\System32\msvcp140.dll
62c4.84c: supR3HardenedWinVerifyCacheProcessImportTodos: Processing 'qt6corevbox.dll'...
62c4.84c: supR3HardenedWinVerifyCacheProcessImportTodos: 'qt6corevbox.dll' -> '\Device\HarddiskVolume2\Program Files\Oracle\VirtualBox\qt6corevbox.dll' [rcNtRedir=0xc0150008]
62c4.84c: supR3HardenedScreenImage/Imports: cache hit (VINF_SUCCESS) on \Device\HarddiskVolume2\Program Files\Oracle\VirtualBox\Qt6CoreVBox.dll [lacks WinVerifyTrust]
62c4.84c: supR3HardenedWinVerifyCacheProcessImportTodos: Processing 'dwrite.dll'...
62c4.84c: supR3HardenedWinVerifyCacheProcessImportTodos: 'dwrite.dll' -> '\Device\HarddiskVolume2\Windows\System32\dwrite.dll' [rcNtRedir=0xc0150008]
62c4.84c: supR3HardenedScreenImage/Imports: cache hit (22900) on \Device\HarddiskVolume2\Windows\System32\DWrite.dll [lacks WinVerifyTrust]
62c4.84c: supR3HardenedWinVerifyCacheProcessImportTodos: Processing 'user32.dll'...
62c4.84c: supR3HardenedWinVerifyCacheProcessImportTodos: 'user32.dll' -> '\Device\HarddiskVolume2\Windows\System32\user32.dll' [rcNtRedir=0xc0150008]
62c4.84c: supR3HardenedScreenImage/Imports: cache hit (VINF_SUCCESS) on \Device\HarddiskVolume2\Windows\System32\user32.dll [lacks WinVerifyTrust]
62c4.84c: supR3HardenedWinVerifyCacheProcessImportTodos: Processing 'shell32.dll'...
62c4.84c: supR3HardenedWinVerifyCacheProcessImportTodos: 'shell32.dll' -> '\Device\HarddiskVolume2\Windows\System32\shell32.dll' [rcNtRedir=0xc0150008]
62c4.84c: supR3HardenedScreenImage/Imports: cache hit (VINF_SUCCESS) on \Device\HarddiskVolume2\Windows\System32\shell32.dll [lacks WinVerifyTrust]
62c4.84c: supR3HardenedWinVerifyCacheProcessImportTodos: Processing 'ole32.dll'...
62c4.84c: supR3HardenedWinVerifyCacheProcessImportTodos: 'ole32.dll' -> '\Device\HarddiskVolume2\Windows\System32\ole32.dll' [rcNtRedir=0xc0150008]
62c4.84c: supR3HardenedScreenImage/Imports: cache hit (VINF_SUCCESS) on \Device\HarddiskVolume2\Windows\System32\ole32.dll
62c4.84c: supR3HardenedWinVerifyCacheProcessImportTodos: Processing 'gdi32.dll'...
62c4.84c: supR3HardenedWinVerifyCacheProcessImportTodos: 'gdi32.dll' -> '\Device\HarddiskVolume2\Windows\System32\gdi32.dll' [rcNtRedir=0xc0150008]
62c4.84c: supR3HardenedScreenImage/Imports: cache hit (VINF_SUCCESS) on \Device\HarddiskVolume2\Windows\System32\gdi32.dll [lacks WinVerifyTrust]
62c4.84c: supR3HardenedWinVerifyCacheProcessImportTodos: Processing 'dxgi.dll'...
62c4.84c: supR3HardenedWinVerifyCacheProcessImportTodos: 'dxgi.dll' -> '\Device\HarddiskVolume2\Windows\System32\dxgi.dll' [rcNtRedir=0xc0150008]
62c4.84c: supR3HardenedScreenImage/Imports: cache hit (VINF_SUCCESS) on \Device\HarddiskVolume2\Windows\System32\dxgi.dll [lacks WinVerifyTrust]
62c4.84c: supR3HardenedWinVerifyCacheProcessImportTodos: Processing 'd3d11.dll'...
62c4.84c: supR3HardenedWinVerifyCacheProcessImportTodos: 'd3d11.dll' -> '\Device\HarddiskVolume2\Windows\System32\d3d11.dll' [rcNtRedir=0xc0150008]
62c4.84c: supR3HardenedScreenImage/Imports: cache hit (VINF_SUCCESS) on \Device\HarddiskVolume2\Windows\System32\d3d11.dll [lacks WinVerifyTrust]
62c4.84c: supR3HardenedMonitor_LdrLoadDll: returns rcNt=0x0 hMod=00007ffadec80000 'C:\WINDOWS\system32\rsaenh.dll'
62c4.84c: supR3HardenedMonitor_LdrLoadDll: returns rcNt=0x0 hMod=00007ffae0070000 'C:\WINDOWS\System32\crypt32.dll'
62c4.84c: supR3HardenedScreenImage/Imports: 0 (was 0) fWinVerifyTrust=1 for '\Device\HarddiskVolume2\Program Files\Oracle\VirtualBox\Qt6CoreVBox.dll'
62c4.84c: supR3HardenedWinVerifyCacheProcessImportTodos: Processing 'msvcp140.dll'...
62c4.84c: supR3HardenedWinVerifyCacheProcessImportTodos: 'msvcp140.dll' -> '\Device\HarddiskVolume2\Windows\System32\msvcp140.dll' [rcNtRedir=0xc0150008]
62c4.84c: supR3HardenedWinVerifyCacheProcessImportTodos: Processing 'vcruntime140_1.dll'...
62c4.84c: supR3HardenedWinVerifyCacheProcessImportTodos: 'vcruntime140_1.dll' -> '\Device\HarddiskVolume2\Windows\System32\vcruntime140_1.dll' [rcNtRedir=0xc0150008]
62c4.84c: supR3HardenedScreenImage/Imports: cache hit (VINF_SUCCESS) on \Device\HarddiskVolume2\Windows\System32\vcruntime140_1.dll
62c4.84c: supR3HardenedWinVerifyCacheProcessImportTodos: Processing 'vcruntime140.dll'...
62c4.84c: supR3HardenedWinVerifyCacheProcessImportTodos: 'vcruntime140.dll' -> '\Device\HarddiskVolume2\Windows\System32\vcruntime140.dll' [rcNtRedir=0xc0150008]
62c4.84c: supR3HardenedWinVerifyCacheProcessImportTodos: Processing 'vboxrt.dll'...
62c4.84c: supR3HardenedWinVerifyCacheProcessImportTodos: 'vboxrt.dll' -> '\Device\HarddiskVolume2\Program Files\Oracle\VirtualBox\vboxrt.dll' [rcNtRedir=0xc0150008]
62c4.84c: supR3HardenedWinVerifyCacheProcessImportTodos: Processing 'uicommon.dll'...
62c4.84c: supR3HardenedWinVerifyCacheProcessImportTodos: 'uicommon.dll' -> '\Device\HarddiskVolume2\Program Files\Oracle\VirtualBox\uicommon.dll' [rcNtRedir=0xc0150008]
62c4.84c: supR3HardenedMonitor_LdrLoadDll: returns rcNt=0x0 hMod=00007ffadec80000 'C:\WINDOWS\system32\rsaenh.dll'
62c4.84c: supR3HardenedMonitor_LdrLoadDll: returns rcNt=0x0 hMod=00007ffae0070000 'C:\WINDOWS\System32\crypt32.dll'
62c4.84c: supR3HardenedWinVerifyCacheScheduleImports: Import todo: #0 'vboxrt.dll'.
62c4.84c: supR3HardenedWinVerifyCacheScheduleImports: Import todo: #1 'vcruntime140.dll'.
62c4.84c: supR3HardenedWinVerifyCacheScheduleImports: Import todo: #2 'vcruntime140_1.dll'.
62c4.84c: supR3HardenedWinVerifyCacheScheduleImports: Import todo: #3 'msvcp140.dll'.
62c4.84c: supR3HardenedWinVerifyCacheScheduleImports: Import todo: #4 'qt6corevbox.dll'.
62c4.84c: supR3HardenedWinVerifyCacheScheduleImports: Import todo: #5 'qt6guivbox.dll'.
62c4.84c: supR3HardenedWinVerifyCacheScheduleImports: Import todo: #6 'qt6widgetsvbox.dll'.
62c4.84c: supR3HardenedWinVerifyCacheScheduleImports: Import todo: #7 'qt6helpvbox.dll'.
62c4.84c: supR3HardenedWinVerifyCacheScheduleImports: Import todo: #8 'qt6statemachinevbox.dll'.
62c4.84c: supR3HardenedWinVerifyCacheScheduleImports: Import todo: #15 'user32.dll'.
62c4.84c: supR3HardenedWinVerifyCacheScheduleImports: Import todo: #16 'advapi32.dll'.
62c4.84c: supR3HardenedWinVerifyCacheScheduleImports: Import todo: #17 'ole32.dll'.
62c4.84c: supR3HardenedWinVerifyCacheScheduleImports: Import todo: #18 'oleaut32.dll'.
62c4.84c: supR3HardenedWinVerifyCacheScheduleImports: Import todo: #19 'rpcrt4.dll'.
62c4.84c: supHardenedWinVerifyImageByHandle: -> 0 (\Device\HarddiskVolume2\Program Files\Oracle\VirtualBox\UICommon.dll) WinVerifyTrust
62c4.84c: supR3HardenedWinVerifyCacheInsert: \Device\HarddiskVolume2\Program Files\Oracle\VirtualBox\UICommon.dll
62c4.84c: supR3HardenedWinVerifyCacheProcessImportTodos: Processing 'rpcrt4.dll'...
62c4.84c: supR3HardenedWinVerifyCacheProcessImportTodos: 'rpcrt4.dll' -> '\Device\HarddiskVolume2\Windows\System32\rpcrt4.dll' [rcNtRedir=0xc0150008]
62c4.84c: supR3HardenedWinVerifyCacheProcessImportTodos: Processing 'oleaut32.dll'...
62c4.84c: supR3HardenedWinVerifyCacheProcessImportTodos: 'oleaut32.dll' -> '\Device\HarddiskVolume2\Windows\System32\oleaut32.dll' [rcNtRedir=0xc0150008]
62c4.84c: supR3HardenedScreenImage/Imports: cache hit (VINF_SUCCESS) on \Device\HarddiskVolume2\Windows\System32\oleaut32.dll
62c4.84c: supR3HardenedWinVerifyCacheProcessImportTodos: Processing 'ole32.dll'...
62c4.84c: supR3HardenedWinVerifyCacheProcessImportTodos: 'ole32.dll' -> '\Device\HarddiskVolume2\Windows\System32\ole32.dll' [rcNtRedir=0xc0150008]
62c4.84c: supR3HardenedScreenImage/Imports: cache hit (VINF_SUCCESS) on \Device\HarddiskVolume2\Windows\System32\ole32.dll
62c4.84c: supR3HardenedWinVerifyCacheProcessImportTodos: Processing 'advapi32.dll'...
62c4.84c: supR3HardenedWinVerifyCacheProcessImportTodos: 'advapi32.dll' -> '\Device\HarddiskVolume2\Windows\System32\advapi32.dll' [rcNtRedir=0xc0150008]
62c4.84c: supR3HardenedScreenImage/Imports: cache hit (VINF_SUCCESS) on \Device\HarddiskVolume2\Windows\System32\advapi32.dll
62c4.84c: supR3HardenedWinVerifyCacheProcessImportTodos: Processing 'user32.dll'...
62c4.84c: supR3HardenedWinVerifyCacheProcessImportTodos: 'user32.dll' -> '\Device\HarddiskVolume2\Windows\System32\user32.dll' [rcNtRedir=0xc0150008]
62c4.84c: supR3HardenedScreenImage/Imports: cache hit (VINF_SUCCESS) on \Device\HarddiskVolume2\Windows\System32\user32.dll [redoing WinVerifyTrust]
62c4.84c: supR3HardenedMonitor_LdrLoadDll: returns rcNt=0x0 hMod=00007ffadec80000 'C:\WINDOWS\system32\rsaenh.dll'
62c4.84c: supR3HardenedMonitor_LdrLoadDll: returns rcNt=0x0 hMod=00007ffae0070000 'C:\WINDOWS\System32\crypt32.dll'
62c4.84c: supR3HardenedScreenImage/Imports: 0 (was 0) fWinVerifyTrust=1 for '\Device\HarddiskVolume2\Windows\System32\user32.dll'
62c4.84c: supR3HardenedWinVerifyCacheProcessImportTodos: Processing 'qt6statemachinevbox.dll'...
62c4.84c: supR3HardenedWinVerifyCacheProcessImportTodos: 'qt6statemachinevbox.dll' -> '\Device\HarddiskVolume2\Program Files\Oracle\VirtualBox\qt6statemachinevbox.dll' [rcNtRedir=0xc0150008]
62c4.84c: supR3HardenedMonitor_LdrLoadDll: returns rcNt=0x0 hMod=00007ffadec80000 'C:\WINDOWS\system32\rsaenh.dll'
62c4.84c: supR3HardenedMonitor_LdrLoadDll: returns rcNt=0x0 hMod=00007ffae0070000 'C:\WINDOWS\System32\crypt32.dll'
62c4.84c: supR3HardenedWinVerifyCacheScheduleImports: Import todo: #0 'qt6guivbox.dll'.
62c4.84c: supR3HardenedWinVerifyCacheScheduleImports: Import todo: #1 'qt6corevbox.dll'.
62c4.84c: supR3HardenedWinVerifyCacheScheduleImports: Import todo: #2 'vcruntime140.dll'.
62c4.84c: supHardenedWinVerifyImageByHandle: -> 0 (\Device\HarddiskVolume2\Program Files\Oracle\VirtualBox\Qt6StateMachineVBox.dll) WinVerifyTrust
62c4.84c: supR3HardenedWinVerifyCacheInsert: \Device\HarddiskVolume2\Program Files\Oracle\VirtualBox\Qt6StateMachineVBox.dll
62c4.84c: supR3HardenedWinVerifyCacheProcessImportTodos: Processing 'qt6helpvbox.dll'...
62c4.84c: supR3HardenedWinVerifyCacheProcessImportTodos: 'qt6helpvbox.dll' -> '\Device\HarddiskVolume2\Program Files\Oracle\VirtualBox\qt6helpvbox.dll' [rcNtRedir=0xc0150008]
62c4.84c: supR3HardenedWinVerifyCacheProcessImportTodos: Processing 'vcruntime140.dll'...
62c4.84c: supR3HardenedWinVerifyCacheProcessImportTodos: 'vcruntime140.dll' -> '\Device\HarddiskVolume2\Windows\System32\vcruntime140.dll' [rcNtRedir=0xc0150008]
62c4.84c: supR3HardenedWinVerifyCacheProcessImportTodos: Processing 'qt6corevbox.dll'...
62c4.84c: supR3HardenedWinVerifyCacheProcessImportTodos: 'qt6corevbox.dll' -> '\Device\HarddiskVolume2\Program Files\Oracle\VirtualBox\qt6corevbox.dll' [rcNtRedir=0xc0150008]
62c4.84c: supR3HardenedScreenImage/Imports: cache hit (VINF_SUCCESS) on \Device\HarddiskVolume2\Program Files\Oracle\VirtualBox\Qt6CoreVBox.dll
62c4.84c: supR3HardenedWinVerifyCacheProcessImportTodos: Processing 'qt6guivbox.dll'...
62c4.84c: supR3HardenedWinVerifyCacheProcessImportTodos: 'qt6guivbox.dll' -> '\Device\HarddiskVolume2\Program Files\Oracle\VirtualBox\qt6guivbox.dll' [rcNtRedir=0xc0150008]
62c4.84c: supR3HardenedScreenImage/Imports: cache hit (VINF_SUCCESS) on \Device\HarddiskVolume2\Program Files\Oracle\VirtualBox\Qt6GuiVBox.dll [lacks WinVerifyTrust]
62c4.84c: supR3HardenedMonitor_LdrLoadDll: returns rcNt=0x0 hMod=00007ffadec80000 'C:\WINDOWS\system32\rsaenh.dll'
62c4.84c: supR3HardenedMonitor_LdrLoadDll: returns rcNt=0x0 hMod=00007ffae0070000 'C:\WINDOWS\System32\crypt32.dll'
62c4.84c: supR3HardenedWinVerifyCacheScheduleImports: Import todo: #0 'qt6sqlvbox.dll'.
62c4.84c: supR3HardenedWinVerifyCacheScheduleImports: Import todo: #1 'qt6widgetsvbox.dll'.
62c4.84c: supR3HardenedWinVerifyCacheScheduleImports: Import todo: #2 'qt6guivbox.dll'.
62c4.84c: supR3HardenedWinVerifyCacheScheduleImports: Import todo: #3 'qt6corevbox.dll'.
62c4.84c: supR3HardenedWinVerifyCacheScheduleImports: Import todo: #4 'msvcp140.dll'.
62c4.84c: supR3HardenedWinVerifyCacheScheduleImports: Import todo: #5 'vcruntime140.dll'.
62c4.84c: supR3HardenedWinVerifyCacheScheduleImports: Import todo: #6 'vcruntime140_1.dll'.
62c4.84c: supHardenedWinVerifyImageByHandle: -> 0 (\Device\HarddiskVolume2\Program Files\Oracle\VirtualBox\Qt6HelpVBox.dll) WinVerifyTrust
62c4.84c: supR3HardenedWinVerifyCacheInsert: \Device\HarddiskVolume2\Program Files\Oracle\VirtualBox\Qt6HelpVBox.dll
62c4.84c: supR3HardenedWinVerifyCacheProcessImportTodos: Processing 'qt6widgetsvbox.dll'...
62c4.84c: supR3HardenedWinVerifyCacheProcessImportTodos: 'qt6widgetsvbox.dll' -> '\Device\HarddiskVolume2\Program Files\Oracle\VirtualBox\qt6widgetsvbox.dll' [rcNtRedir=0xc0150008]
62c4.84c: supR3HardenedScreenImage/Imports: cache hit (VINF_SUCCESS) on \Device\HarddiskVolume2\Program Files\Oracle\VirtualBox\Qt6WidgetsVBox.dll
62c4.84c: supR3HardenedWinVerifyCacheProcessImportTodos: Processing 'qt6guivbox.dll'...
62c4.84c: supR3HardenedWinVerifyCacheProcessImportTodos: 'qt6guivbox.dll' -> '\Device\HarddiskVolume2\Program Files\Oracle\VirtualBox\qt6guivbox.dll' [rcNtRedir=0xc0150008]
62c4.84c: supR3HardenedScreenImage/Imports: cache hit (VINF_SUCCESS) on \Device\HarddiskVolume2\Program Files\Oracle\VirtualBox\Qt6GuiVBox.dll [redoing WinVerifyTrust]
62c4.84c: supR3HardenedWinVerifyCacheProcessImportTodos: Processing 'vcruntime140_1.dll'...
62c4.84c: supR3HardenedWinVerifyCacheProcessImportTodos: 'vcruntime140_1.dll' -> '\Device\HarddiskVolume2\Windows\System32\vcruntime140_1.dll' [rcNtRedir=0xc0150008]
62c4.84c: supR3HardenedWinVerifyCacheProcessImportTodos: Processing 'vcruntime140.dll'...
62c4.84c: supR3HardenedWinVerifyCacheProcessImportTodos: 'vcruntime140.dll' -> '\Device\HarddiskVolume2\Windows\System32\vcruntime140.dll' [rcNtRedir=0xc0150008]
62c4.84c: supR3HardenedWinVerifyCacheProcessImportTodos: Processing 'msvcp140.dll'...
62c4.84c: supR3HardenedWinVerifyCacheProcessImportTodos: 'msvcp140.dll' -> '\Device\HarddiskVolume2\Windows\System32\msvcp140.dll' [rcNtRedir=0xc0150008]
62c4.84c: supR3HardenedWinVerifyCacheProcessImportTodos: Processing 'qt6corevbox.dll'...
62c4.84c: supR3HardenedWinVerifyCacheProcessImportTodos: 'qt6corevbox.dll' -> '\Device\HarddiskVolume2\Program Files\Oracle\VirtualBox\qt6corevbox.dll' [rcNtRedir=0xc0150008]
62c4.84c: supR3HardenedScreenImage/Imports: cache hit (VINF_SUCCESS) on \Device\HarddiskVolume2\Program Files\Oracle\VirtualBox\Qt6CoreVBox.dll
62c4.84c: supR3HardenedWinVerifyCacheProcessImportTodos: Processing 'qt6guivbox.dll'...
62c4.84c: supR3HardenedWinVerifyCacheProcessImportTodos: 'qt6guivbox.dll' -> '\Device\HarddiskVolume2\Program Files\Oracle\VirtualBox\qt6guivbox.dll' [rcNtRedir=0xc0150008]
62c4.84c: supR3HardenedScreenImage/Imports: cache hit (VINF_SUCCESS) on \Device\HarddiskVolume2\Program Files\Oracle\VirtualBox\Qt6GuiVBox.dll [lacks WinVerifyTrust]
62c4.84c: supR3HardenedWinVerifyCacheProcessImportTodos: Processing 'qt6widgetsvbox.dll'...
62c4.84c: supR3HardenedWinVerifyCacheProcessImportTodos: 'qt6widgetsvbox.dll' -> '\Device\HarddiskVolume2\Program Files\Oracle\VirtualBox\qt6widgetsvbox.dll' [rcNtRedir=0xc0150008]
62c4.84c: supR3HardenedScreenImage/Imports: cache hit (VINF_SUCCESS) on \Device\HarddiskVolume2\Program Files\Oracle\VirtualBox\Qt6WidgetsVBox.dll
62c4.84c: supR3HardenedWinVerifyCacheProcessImportTodos: Processing 'qt6sqlvbox.dll'...
62c4.84c: supR3HardenedWinVerifyCacheProcessImportTodos: 'qt6sqlvbox.dll' -> '\Device\HarddiskVolume2\Program Files\Oracle\VirtualBox\qt6sqlvbox.dll' [rcNtRedir=0xc0150008]
62c4.84c: Detected WinVerifyTrust recursion: rc=VINF_SUCCESS '\Device\HarddiskVolume2\Program Files\Oracle\VirtualBox\Qt6SqlVBox.dll'.
62c4.84c: supR3HardenedWinVerifyCacheScheduleImports: Import todo: #0 'qt6corevbox.dll'.
62c4.84c: supR3HardenedWinVerifyCacheScheduleImports: Import todo: #1 'msvcp140.dll'.
62c4.84c: supR3HardenedWinVerifyCacheScheduleImports: Import todo: #2 'vcruntime140.dll'.
62c4.84c: supR3HardenedWinVerifyCacheScheduleImports: Import todo: #3 'vcruntime140_1.dll'.
62c4.84c: supHardenedWinVerifyImageByHandle: -> 0 (\Device\HarddiskVolume2\Program Files\Oracle\VirtualBox\Qt6SqlVBox.dll)
62c4.84c: supR3HardenedWinVerifyCacheInsert: \Device\HarddiskVolume2\Program Files\Oracle\VirtualBox\Qt6SqlVBox.dll
62c4.84c: supR3HardenedWinVerifyCacheProcessImportTodos: Processing 'vcruntime140_1.dll'...
62c4.84c: supR3HardenedWinVerifyCacheProcessImportTodos: 'vcruntime140_1.dll' -> '\Device\HarddiskVolume2\Windows\System32\vcruntime140_1.dll' [rcNtRedir=0xc0150008]
62c4.84c: supR3HardenedWinVerifyCacheProcessImportTodos: Processing 'vcruntime140.dll'...
62c4.84c: supR3HardenedWinVerifyCacheProcessImportTodos: 'vcruntime140.dll' -> '\Device\HarddiskVolume2\Windows\System32\vcruntime140.dll' [rcNtRedir=0xc0150008]
62c4.84c: supR3HardenedWinVerifyCacheProcessImportTodos: Processing 'msvcp140.dll'...
62c4.84c: supR3HardenedWinVerifyCacheProcessImportTodos: 'msvcp140.dll' -> '\Device\HarddiskVolume2\Windows\System32\msvcp140.dll' [rcNtRedir=0xc0150008]
62c4.84c: supR3HardenedWinVerifyCacheProcessImportTodos: Processing 'qt6corevbox.dll'...
62c4.84c: supR3HardenedWinVerifyCacheProcessImportTodos: 'qt6corevbox.dll' -> '\Device\HarddiskVolume2\Program Files\Oracle\VirtualBox\qt6corevbox.dll' [rcNtRedir=0xc0150008]
62c4.84c: supR3HardenedScreenImage/Imports: cache hit (VINF_SUCCESS) on \Device\HarddiskVolume2\Program Files\Oracle\VirtualBox\Qt6CoreVBox.dll
62c4.84c: supR3HardenedMonitor_LdrLoadDll: returns rcNt=0x0 hMod=00007ffadec80000 'C:\WINDOWS\system32\rsaenh.dll'
62c4.84c: supR3HardenedMonitor_LdrLoadDll: returns rcNt=0x0 hMod=00007ffae0070000 'C:\WINDOWS\System32\crypt32.dll'
62c4.84c: supR3HardenedScreenImage/Imports: 0 (was 0) fWinVerifyTrust=1 for '\Device\HarddiskVolume2\Program Files\Oracle\VirtualBox\Qt6GuiVBox.dll'
62c4.84c: supR3HardenedWinVerifyCacheProcessImportTodos: Processing 'qt6corevbox.dll'...
62c4.84c: supR3HardenedWinVerifyCacheProcessImportTodos: 'qt6corevbox.dll' -> '\Device\HarddiskVolume2\Program Files\Oracle\VirtualBox\qt6corevbox.dll' [rcNtRedir=0xc0150008]
62c4.84c: supR3HardenedScreenImage/Imports: cache hit (VINF_SUCCESS) on \Device\HarddiskVolume2\Program Files\Oracle\VirtualBox\Qt6CoreVBox.dll
62c4.84c: supR3HardenedWinVerifyCacheProcessImportTodos: Processing 'msvcp140.dll'...
62c4.84c: supR3HardenedWinVerifyCacheProcessImportTodos: 'msvcp140.dll' -> '\Device\HarddiskVolume2\Windows\System32\msvcp140.dll' [rcNtRedir=0xc0150008]
62c4.84c: supR3HardenedWinVerifyCacheProcessImportTodos: Processing 'vcruntime140_1.dll'...
62c4.84c: supR3HardenedWinVerifyCacheProcessImportTodos: 'vcruntime140_1.dll' -> '\Device\HarddiskVolume2\Windows\System32\vcruntime140_1.dll' [rcNtRedir=0xc0150008]
62c4.84c: supR3HardenedWinVerifyCacheProcessImportTodos: Processing 'vcruntime140.dll'...
62c4.84c: supR3HardenedWinVerifyCacheProcessImportTodos: 'vcruntime140.dll' -> '\Device\HarddiskVolume2\Windows\System32\vcruntime140.dll' [rcNtRedir=0xc0150008]
62c4.84c: supR3HardenedScreenImage/Imports: cache hit (VINF_SUCCESS) on \Device\HarddiskVolume2\Windows\System32\vcruntime140.dll
62c4.84c: supR3HardenedWinVerifyCacheProcessImportTodos: Processing 'vboxrt.dll'...
62c4.84c: supR3HardenedWinVerifyCacheProcessImportTodos: 'vboxrt.dll' -> '\Device\HarddiskVolume2\Program Files\Oracle\VirtualBox\vboxrt.dll' [rcNtRedir=0xc0150008]
62c4.84c: supR3HardenedMonitor_LdrLoadDll: pName=C:\Program Files\Oracle\VirtualBox\VirtualBoxVM.dll (rcNtResolve=0xc0150008) *pfFlags=0x0 pwszSearchPath=0000000000000a01:<flags> [calling]
62c4.84c: supR3HardenedScreenImage/NtCreateSection: cache hit (VINF_SUCCESS) on \Device\HarddiskVolume2\Program Files\Oracle\VirtualBox\VirtualBoxVM.dll
62c4.84c: supR3HardenedScreenImage/NtCreateSection: cache hit (VINF_SUCCESS) on \Device\HarddiskVolume2\Program Files\Oracle\VirtualBox\UICommon.dll
62c4.84c: supR3HardenedScreenImage/NtCreateSection: cache hit (VINF_SUCCESS) on \Device\HarddiskVolume2\Program Files\Oracle\VirtualBox\Qt6CoreVBox.dll
62c4.84c: supR3HardenedScreenImage/NtCreateSection: cache hit (VINF_SUCCESS) on \Device\HarddiskVolume2\Program Files\Oracle\VirtualBox\Qt6GuiVBox.dll
62c4.84c: supR3HardenedScreenImage/NtCreateSection: cache hit (VINF_SUCCESS) on \Device\HarddiskVolume2\Program Files\Oracle\VirtualBox\Qt6WidgetsVBox.dll
62c4.84c: supR3HardenedScreenImage/NtCreateSection: cache hit (VINF_SUCCESS) on \Device\HarddiskVolume2\Windows\System32\winmm.dll
62c4.84c: supR3HardenedScreenImage/NtCreateSection: cache hit (VINF_SUCCESS) on \Device\HarddiskVolume2\Program Files\Oracle\VirtualBox\Qt6HelpVBox.dll
62c4.84c: supR3HardenedScreenImage/NtCreateSection: cache hit (VINF_SUCCESS) on \Device\HarddiskVolume2\Program Files\Oracle\VirtualBox\Qt6StateMachineVBox.dll
62c4.84c: supR3HardenedScreenImage/NtCreateSection: cache hit (VINF_SUCCESS) on \Device\HarddiskVolume2\Windows\System32\userenv.dll [avoiding WinVerifyTrust]
62c4.84c: supR3HardenedScreenImage/NtCreateSection: cache hit (22900) on \Device\HarddiskVolume2\Windows\System32\authz.dll [avoiding WinVerifyTrust]
62c4.84c: supR3HardenedScreenImage/NtCreateSection: cache hit (VINF_SUCCESS) on \Device\HarddiskVolume2\Windows\System32\netapi32.dll [avoiding WinVerifyTrust]
62c4.84c: supR3HardenedScreenImage/NtCreateSection: cache hit (VINF_SUCCESS) on \Device\HarddiskVolume2\Windows\System32\version.dll [avoiding WinVerifyTrust]
62c4.84c: supR3HardenedScreenImage/NtCreateSection: cache hit (VINF_SUCCESS) on \Device\HarddiskVolume2\Windows\System32\msvcp140_1.dll [avoiding WinVerifyTrust]
62c4.84c: supR3HardenedScreenImage/NtCreateSection: cache hit (VINF_SUCCESS) on \Device\HarddiskVolume2\Windows\System32\d3d11.dll [avoiding WinVerifyTrust]
62c4.84c: supR3HardenedScreenImage/NtCreateSection: cache hit (VINF_SUCCESS) on \Device\HarddiskVolume2\Windows\System32\dxgi.dll [avoiding WinVerifyTrust]
62c4.84c: supR3HardenedScreenImage/NtCreateSection: cache hit (22900) on \Device\HarddiskVolume2\Windows\System32\DWrite.dll [avoiding WinVerifyTrust]
62c4.84c: supR3HardenedScreenImage/NtCreateSection: cache hit (VINF_SUCCESS) on \Device\HarddiskVolume2\Windows\System32\msvcp140_2.dll [avoiding WinVerifyTrust]
62c4.84c: supR3HardenedScreenImage/NtCreateSection: cache hit (VINF_SUCCESS) on \Device\HarddiskVolume2\Windows\System32\dwmapi.dll [avoiding WinVerifyTrust]
62c4.84c: supR3HardenedScreenImage/NtCreateSection: cache hit (22900) on \Device\HarddiskVolume2\Windows\System32\uxtheme.dll [avoiding WinVerifyTrust]
62c4.84c: supR3HardenedScreenImage/NtCreateSection: cache hit (VINF_SUCCESS) on \Device\HarddiskVolume2\Program Files\Oracle\VirtualBox\Qt6SqlVBox.dll [avoiding WinVerifyTrust]
62c4.84c: supHardenedWinVerifyImageByHandle: -> 0 (\Device\HarddiskVolume2\Windows\System32\netutils.dll)
62c4.84c: supR3HardenedWinVerifyCacheInsert: \Device\HarddiskVolume2\Windows\System32\netutils.dll
62c4.84c: supR3HardenedWinVerifyCacheScheduleImports: Import todo: #3 'rpcrt4.dll'.
62c4.84c: supHardenedWinVerifyImageByHandle: -> 0 (\Device\HarddiskVolume2\Windows\System32\srvcli.dll)
62c4.84c: supR3HardenedWinVerifyCacheInsert: \Device\HarddiskVolume2\Windows\System32\srvcli.dll
62c4.84c: supR3HardenedDllNotificationCallback: load   00007ffadfb30000 LB 0x0002e000 C:\WINDOWS\SYSTEM32\USERENV.dll [fFlags=0x0]
62c4.84c: supR3HardenedScreenImage/LdrLoadDll: cache hit (VINF_SUCCESS) on \Device\HarddiskVolume2\Windows\System32\userenv.dll [avoiding WinVerifyTrust]
62c4.84c: supR3HardenedDllNotificationCallback: load   00007ffade9a0000 LB 0x0004f000 C:\WINDOWS\SYSTEM32\AUTHZ.dll [fFlags=0x0]
62c4.84c: supR3HardenedScreenImage/LdrLoadDll: cache hit (22900) on \Device\HarddiskVolume2\Windows\System32\authz.dll [avoiding WinVerifyTrust]
62c4.84c: supR3HardenedDllNotificationCallback: load   00007ffac8ba0000 LB 0x00019000 C:\WINDOWS\SYSTEM32\NETAPI32.dll [fFlags=0x0]
62c4.84c: supR3HardenedScreenImage/LdrLoadDll: cache hit (VINF_SUCCESS) on \Device\HarddiskVolume2\Windows\System32\netapi32.dll [avoiding WinVerifyTrust]
62c4.84c: supR3HardenedDllNotificationCallback: load   00007ffae10d0000 LB 0x00354000 C:\WINDOWS\System32\combase.dll [fFlags=0x0]
62c4.84c: supR3HardenedScreenImage/LdrLoadDll: cache hit (VINF_SUCCESS) on \Device\HarddiskVolume2\Windows\System32\combase.dll [avoiding WinVerifyTrust]
62c4.84c: supR3HardenedDllNotificationCallback: load   00007ffae05a0000 LB 0x00022000 C:\WINDOWS\System32\win32u.dll [fFlags=0x0]
62c4.84c: supR3HardenedScreenImage/LdrLoadDll: cache hit (VINF_SUCCESS) on \Device\HarddiskVolume2\Windows\System32\win32u.dll [avoiding WinVerifyTrust]
62c4.84c: supR3HardenedDllNotificationCallback: load   00007ffadfe60000 LB 0x0009d000 C:\WINDOWS\System32\msvcp_win.dll [fFlags=0x0]
62c4.84c: supR3HardenedScreenImage/LdrLoadDll: cache hit (VINF_SUCCESS) on \Device\HarddiskVolume2\Windows\System32\msvcp_win.dll [avoiding WinVerifyTrust]
62c4.84c: supR3HardenedDllNotificationCallback: load   00007ffae0e20000 LB 0x001a1000 C:\WINDOWS\System32\USER32.dll [fFlags=0x0]
62c4.84c: supR3HardenedDllNotificationCallback: load   00007ffadfc40000 LB 0x00119000 C:\WINDOWS\System32\gdi32full.dll [fFlags=0x0]
62c4.84c: supR3HardenedWinVerifyCacheScheduleImports: Import todo: #0 'msvcp_win.dll'.
62c4.84c: supR3HardenedWinVerifyCacheScheduleImports: Import todo: #39 'gdi32.dll'.
62c4.84c: supR3HardenedWinVerifyCacheScheduleImports: Import todo: #42 'user32.dll'.
62c4.84c: supR3HardenedWinVerifyCacheScheduleImports: Import todo: #43 'win32u.dll'.
62c4.84c: supHardenedWinVerifyImageByHandle: -> 0 (\Device\HarddiskVolume2\Windows\System32\gdi32full.dll)
62c4.84c: supR3HardenedWinVerifyCacheInsert: \Device\HarddiskVolume2\Windows\System32\gdi32full.dll
62c4.84c: supR3HardenedDllNotificationCallback: load   00007ffae10a0000 LB 0x0002b000 C:\WINDOWS\System32\GDI32.dll [fFlags=0x0]
62c4.84c: supR3HardenedScreenImage/LdrLoadDll: cache hit (VINF_SUCCESS) on \Device\HarddiskVolume2\Windows\System32\gdi32.dll [avoiding WinVerifyTrust]
62c4.84c: supR3HardenedDllNotificationCallback: load   00007ffae0690000 LB 0x0012b000 C:\WINDOWS\System32\ole32.dll [fFlags=0x0]
62c4.84c: supR3HardenedScreenImage/LdrLoadDll: cache hit (VINF_SUCCESS) on \Device\HarddiskVolume2\Windows\System32\ole32.dll
62c4.84c: supR3HardenedDllNotificationCallback: load   00007ffae1430000 LB 0x00770000 C:\WINDOWS\System32\SHELL32.dll [fFlags=0x0]
62c4.84c: supR3HardenedScreenImage/LdrLoadDll: cache hit (VINF_SUCCESS) on \Device\HarddiskVolume2\Windows\System32\shell32.dll [avoiding WinVerifyTrust]
62c4.84c: supR3HardenedDllNotificationCallback: load   00007ffad88a0000 LB 0x0000a000 C:\WINDOWS\SYSTEM32\VERSION.dll [fFlags=0x0]
62c4.84c: supR3HardenedScreenImage/LdrLoadDll: cache hit (VINF_SUCCESS) on \Device\HarddiskVolume2\Windows\System32\version.dll [avoiding WinVerifyTrust]
62c4.84c: supR3HardenedDllNotificationCallback: load   00007ffacfd20000 LB 0x00027000 C:\WINDOWS\SYSTEM32\WINMM.dll [fFlags=0x0]
62c4.84c: supR3HardenedScreenImage/LdrLoadDll: cache hit (VINF_SUCCESS) on \Device\HarddiskVolume2\Windows\System32\winmm.dll
62c4.84c: supR3HardenedDllNotificationCallback: load   00007ffadb050000 LB 0x00009000 C:\WINDOWS\SYSTEM32\MSVCP140_1.dll [fFlags=0x0]
62c4.84c: supR3HardenedScreenImage/LdrLoadDll: cache hit (VINF_SUCCESS) on \Device\HarddiskVolume2\Windows\System32\msvcp140_1.dll [avoiding WinVerifyTrust]
62c4.84c: supR3HardenedDllNotificationCallback: load   00007ffadf0a0000 LB 0x0000c000 C:\WINDOWS\SYSTEM32\NETUTILS.DLL [fFlags=0x0]
62c4.84c: supR3HardenedScreenImage/LdrLoadDll: cache hit (VINF_SUCCESS) on \Device\HarddiskVolume2\Windows\System32\netutils.dll [avoiding WinVerifyTrust]
62c4.84c: supR3HardenedDllNotificationCallback: load   00007ffad46c0000 LB 0x00028000 C:\WINDOWS\SYSTEM32\SRVCLI.DLL [fFlags=0x0]
62c4.84c: supR3HardenedScreenImage/LdrLoadDll: cache hit (VINF_SUCCESS) on \Device\HarddiskVolume2\Windows\System32\srvcli.dll [avoiding WinVerifyTrust]
62c4.84c: supR3HardenedDllNotificationCallback: load   00007ffa67250000 LB 0x00588000 C:\Program Files\Oracle\VirtualBox\Qt6CoreVBox.dll [fFlags=0x0]
62c4.84c: supR3HardenedDllNotificationCallback: load   00007ffade4c0000 LB 0x000f6000 C:\WINDOWS\SYSTEM32\dxgi.dll [fFlags=0x0]
62c4.84c: supR3HardenedScreenImage/LdrLoadDll: cache hit (VINF_SUCCESS) on \Device\HarddiskVolume2\Windows\System32\dxgi.dll [avoiding WinVerifyTrust]
62c4.84c: supR3HardenedDllNotificationCallback: load   00007ffad9da0000 LB 0x00264000 C:\WINDOWS\SYSTEM32\d3d11.dll [fFlags=0x0]
62c4.84c: supR3HardenedScreenImage/LdrLoadDll: cache hit (VINF_SUCCESS) on \Device\HarddiskVolume2\Windows\System32\d3d11.dll [avoiding WinVerifyTrust]
62c4.84c: supR3HardenedDllNotificationCallback: load   00007ffaada40000 LB 0x0027f000 C:\WINDOWS\SYSTEM32\DWrite.dll [fFlags=0x0]
62c4.84c: supR3HardenedScreenImage/LdrLoadDll: cache hit (22900) on \Device\HarddiskVolume2\Windows\System32\DWrite.dll [avoiding WinVerifyTrust]
62c4.84c: supR3HardenedDllNotificationCallback: load   00007ffa7a9f0000 LB 0x00041000 C:\WINDOWS\SYSTEM32\MSVCP140_2.dll [fFlags=0x0]
62c4.84c: supR3HardenedScreenImage/LdrLoadDll: cache hit (VINF_SUCCESS) on \Device\HarddiskVolume2\Windows\System32\msvcp140_2.dll [avoiding WinVerifyTrust]
62c4.84c: supR3HardenedDllNotificationCallback: load   00007ffa46bf0000 LB 0x00773000 C:\Program Files\Oracle\VirtualBox\Qt6GuiVBox.dll [fFlags=0x0]
62c4.84c: supR3HardenedScreenImage/LdrLoadDll: cache hit (VINF_SUCCESS) on \Device\HarddiskVolume2\Program Files\Oracle\VirtualBox\Qt6GuiVBox.dll
62c4.84c: supR3HardenedDllNotificationCallback: load   00007ffadd7d0000 LB 0x0002e000 C:\WINDOWS\SYSTEM32\dwmapi.dll [fFlags=0x0]
62c4.84c: supR3HardenedScreenImage/LdrLoadDll: cache hit (VINF_SUCCESS) on \Device\HarddiskVolume2\Windows\System32\dwmapi.dll [avoiding WinVerifyTrust]
62c4.84c: supR3HardenedDllNotificationCallback: load   00007ffadd540000 LB 0x0009e000 C:\WINDOWS\SYSTEM32\UxTheme.dll [fFlags=0x0]
62c4.84c: supR3HardenedScreenImage/LdrLoadDll: cache hit (22900) on \Device\HarddiskVolume2\Windows\System32\uxtheme.dll [avoiding WinVerifyTrust]
62c4.84c: supR3HardenedDllNotificationCallback: load   00007ffa43270000 LB 0x005c1000 C:\Program Files\Oracle\VirtualBox\Qt6WidgetsVBox.dll [fFlags=0x0]
62c4.84c: supR3HardenedScreenImage/LdrLoadDll: cache hit (VINF_SUCCESS) on \Device\HarddiskVolume2\Program Files\Oracle\VirtualBox\Qt6WidgetsVBox.dll
62c4.84c: supR3HardenedDllNotificationCallback: load   00007ffa751b0000 LB 0x00047000 C:\Program Files\Oracle\VirtualBox\Qt6SqlVBox.dll [fFlags=0x0]
62c4.84c: supR3HardenedScreenImage/LdrLoadDll: cache hit (VINF_SUCCESS) on \Device\HarddiskVolume2\Program Files\Oracle\VirtualBox\Qt6SqlVBox.dll [avoiding WinVerifyTrust]
62c4.84c: supR3HardenedDllNotificationCallback: load   00007ffa75200000 LB 0x0008b000 C:\Program Files\Oracle\VirtualBox\Qt6HelpVBox.dll [fFlags=0x0]
62c4.84c: supR3HardenedScreenImage/LdrLoadDll: cache hit (VINF_SUCCESS) on \Device\HarddiskVolume2\Program Files\Oracle\VirtualBox\Qt6HelpVBox.dll
62c4.84c: supR3HardenedDllNotificationCallback: load   00007ffaaa970000 LB 0x0004f000 C:\Program Files\Oracle\VirtualBox\Qt6StateMachineVBox.dll [fFlags=0x0]
62c4.84c: supR3HardenedScreenImage/LdrLoadDll: cache hit (VINF_SUCCESS) on \Device\HarddiskVolume2\Program Files\Oracle\VirtualBox\Qt6StateMachineVBox.dll
62c4.84c: supR3HardenedDllNotificationCallback: load   00007ffae0c80000 LB 0x000cd000 C:\WINDOWS\System32\OLEAUT32.dll [fFlags=0x0]
62c4.84c: supR3HardenedScreenImage/LdrLoadDll: cache hit (VINF_SUCCESS) on \Device\HarddiskVolume2\Windows\System32\oleaut32.dll
62c4.84c: supR3HardenedDllNotificationCallback: load   00007ffa3fdc0000 LB 0x01b4a000 C:\Program Files\Oracle\VirtualBox\UICommon.dll [fFlags=0x0]
62c4.84c: supR3HardenedScreenImage/LdrLoadDll: cache hit (VINF_SUCCESS) on \Device\HarddiskVolume2\Program Files\Oracle\VirtualBox\UICommon.dll
62c4.84c: supR3HardenedDllNotificationCallback: load   00007ffa71220000 LB 0x00154000 C:\Program Files\Oracle\VirtualBox\VirtualBoxVM.dll [fFlags=0x0]
62c4.84c: supR3HardenedScreenImage/LdrLoadDll: cache hit (VINF_SUCCESS) on \Device\HarddiskVolume2\Program Files\Oracle\VirtualBox\VirtualBoxVM.dll
62c4.84c: Detected loader lock ownership: rc=VINF_SUCCESS '\Device\HarddiskVolume2\Windows\System32\gdi32full.dll'.
62c4.84c: supR3HardenedWinVerifyCacheProcessWvtTodos: 0 (was 0) fWinVerifyTrust=0 for '\Device\HarddiskVolume2\Windows\System32\gdi32full.dll' [rescheduled]
62c4.84c: Detected loader lock ownership: rc=VINF_SUCCESS '\Device\HarddiskVolume2\Windows\System32\srvcli.dll'.
62c4.84c: supR3HardenedWinVerifyCacheProcessWvtTodos: 0 (was 0) fWinVerifyTrust=0 for '\Device\HarddiskVolume2\Windows\System32\srvcli.dll' [rescheduled]
62c4.84c: Detected loader lock ownership: rc=VINF_SUCCESS '\Device\HarddiskVolume2\Windows\System32\netutils.dll'.
62c4.84c: supR3HardenedWinVerifyCacheProcessWvtTodos: 0 (was 0) fWinVerifyTrust=0 for '\Device\HarddiskVolume2\Windows\System32\netutils.dll' [rescheduled]
62c4.84c: Detected loader lock ownership: rc=VINF_SUCCESS '\Device\HarddiskVolume2\Program Files\Oracle\VirtualBox\Qt6SqlVBox.dll'.
62c4.84c: supR3HardenedWinVerifyCacheProcessWvtTodos: 0 (was 0) fWinVerifyTrust=0 for '\Device\HarddiskVolume2\Program Files\Oracle\VirtualBox\Qt6SqlVBox.dll' [rescheduled]
62c4.84c: Detected loader lock ownership: rc=VINF_SUCCESS '\Device\HarddiskVolume2\Windows\System32\userenv.dll'.
62c4.84c: supR3HardenedWinVerifyCacheProcessWvtTodos: 0 (was 0) fWinVerifyTrust=0 for '\Device\HarddiskVolume2\Windows\System32\userenv.dll' [rescheduled]
62c4.84c: Detected loader lock ownership: rc=22900 '\Device\HarddiskVolume2\Windows\System32\authz.dll'.
62c4.84c: supR3HardenedWinVerifyCacheProcessWvtTodos: 22900 (was 22900) fWinVerifyTrust=0 for '\Device\HarddiskVolume2\Windows\System32\authz.dll' [rescheduled]
62c4.84c: Detected loader lock ownership: rc=VINF_SUCCESS '\Device\HarddiskVolume2\Windows\System32\netapi32.dll'.
62c4.84c: supR3HardenedWinVerifyCacheProcessWvtTodos: 0 (was 0) fWinVerifyTrust=0 for '\Device\HarddiskVolume2\Windows\System32\netapi32.dll' [rescheduled]
62c4.84c: Detected loader lock ownership: rc=VINF_SUCCESS '\Device\HarddiskVolume2\Windows\System32\version.dll'.
62c4.84c: supR3HardenedWinVerifyCacheProcessWvtTodos: 0 (was 0) fWinVerifyTrust=0 for '\Device\HarddiskVolume2\Windows\System32\version.dll' [rescheduled]
62c4.84c: Detected loader lock ownership: rc=VINF_SUCCESS '\Device\HarddiskVolume2\Windows\System32\d3d11.dll'.
62c4.84c: supR3HardenedWinVerifyCacheProcessWvtTodos: 0 (was 0) fWinVerifyTrust=0 for '\Device\HarddiskVolume2\Windows\System32\d3d11.dll' [rescheduled]
62c4.84c: Detected loader lock ownership: rc=VINF_SUCCESS '\Device\HarddiskVolume2\Windows\System32\dxgi.dll'.
62c4.84c: supR3HardenedWinVerifyCacheProcessWvtTodos: 0 (was 0) fWinVerifyTrust=0 for '\Device\HarddiskVolume2\Windows\System32\dxgi.dll' [rescheduled]
62c4.84c: Detected loader lock ownership: rc=VINF_SUCCESS '\Device\HarddiskVolume2\Windows\System32\shell32.dll'.
62c4.84c: supR3HardenedWinVerifyCacheProcessWvtTodos: 0 (was 0) fWinVerifyTrust=0 for '\Device\HarddiskVolume2\Windows\System32\shell32.dll' [rescheduled]
62c4.84c: Detected loader lock ownership: rc=22900 '\Device\HarddiskVolume2\Windows\System32\DWrite.dll'.
62c4.84c: supR3HardenedWinVerifyCacheProcessWvtTodos: 22900 (was 22900) fWinVerifyTrust=0 for '\Device\HarddiskVolume2\Windows\System32\DWrite.dll' [rescheduled]
62c4.84c: Detected loader lock ownership: rc=VINF_SUCCESS '\Device\HarddiskVolume2\Windows\System32\msvcp140_2.dll'.
62c4.84c: supR3HardenedWinVerifyCacheProcessWvtTodos: 0 (was 0) fWinVerifyTrust=0 for '\Device\HarddiskVolume2\Windows\System32\msvcp140_2.dll' [rescheduled]
62c4.84c: Detected loader lock ownership: rc=VINF_SUCCESS '\Device\HarddiskVolume2\Windows\System32\dwmapi.dll'.
62c4.84c: supR3HardenedWinVerifyCacheProcessWvtTodos: 0 (was 0) fWinVerifyTrust=0 for '\Device\HarddiskVolume2\Windows\System32\dwmapi.dll' [rescheduled]
62c4.84c: Detected loader lock ownership: rc=22900 '\Device\HarddiskVolume2\Windows\System32\uxtheme.dll'.
62c4.84c: supR3HardenedWinVerifyCacheProcessWvtTodos: 22900 (was 22900) fWinVerifyTrust=0 for '\Device\HarddiskVolume2\Windows\System32\uxtheme.dll' [rescheduled]
62c4.84c: Detected loader lock ownership: rc=VINF_SUCCESS '\Device\HarddiskVolume2\Windows\System32\msvcp140_1.dll'.
62c4.84c: supR3HardenedWinVerifyCacheProcessWvtTodos: 0 (was 0) fWinVerifyTrust=0 for '\Device\HarddiskVolume2\Windows\System32\msvcp140_1.dll' [rescheduled]
62c4.84c: Detected loader lock ownership: rc=VINF_SUCCESS '\Device\HarddiskVolume2\Windows\System32\win32u.dll'.
62c4.84c: supR3HardenedWinVerifyCacheProcessWvtTodos: 0 (was 0) fWinVerifyTrust=0 for '\Device\HarddiskVolume2\Windows\System32\win32u.dll' [rescheduled]
62c4.84c: Detected loader lock ownership: rc=VINF_SUCCESS '\Device\HarddiskVolume2\Windows\System32\gdi32.dll'.
62c4.84c: supR3HardenedWinVerifyCacheProcessWvtTodos: 0 (was 0) fWinVerifyTrust=0 for '\Device\HarddiskVolume2\Windows\System32\gdi32.dll' [rescheduled]
62c4.84c: Detected loader lock ownership: rc=VINF_SUCCESS '\Device\HarddiskVolume2\Windows\System32\msvcp_win.dll'.
62c4.84c: supR3HardenedWinVerifyCacheProcessWvtTodos: 0 (was 0) fWinVerifyTrust=0 for '\Device\HarddiskVolume2\Windows\System32\msvcp_win.dll' [rescheduled]
62c4.84c: Detected loader lock ownership: rc=VINF_SUCCESS '\Device\HarddiskVolume2\Windows\System32\combase.dll'.
62c4.84c: supR3HardenedWinVerifyCacheProcessWvtTodos: 0 (was 0) fWinVerifyTrust=0 for '\Device\HarddiskVolume2\Windows\System32\combase.dll' [rescheduled]
62c4.84c: Detected loader lock ownership: rc=VINF_SUCCESS '\Device\HarddiskVolume2\Windows\System32\imm32.dll'.
62c4.84c: supR3HardenedWinVerifyCacheScheduleImports: Import todo: #0 'user32.dll'.
62c4.84c: supR3HardenedWinVerifyCacheScheduleImports: Import todo: #25 'win32u.dll'.
62c4.84c: supHardenedWinVerifyImageByHandle: -> 0 (\Device\HarddiskVolume2\Windows\System32\imm32.dll)
62c4.84c: supR3HardenedWinVerifyCacheInsert: \Device\HarddiskVolume2\Windows\System32\imm32.dll
62c4.84c: supR3HardenedWinVerifyCacheProcessImportTodos: Processing 'win32u.dll'...
62c4.84c: supR3HardenedWinVerifyCacheProcessImportTodos: 'win32u.dll' -> '\Device\HarddiskVolume2\Windows\System32\win32u.dll' [rcNtRedir=0xc0150008]
62c4.84c: supR3HardenedScreenImage/Imports: cache hit (VINF_SUCCESS) on \Device\HarddiskVolume2\Windows\System32\win32u.dll [redoing WinVerifyTrust]
62c4.84c: Detected loader lock ownership: rc=VINF_SUCCESS '\Device\HarddiskVolume2\Windows\System32\win32u.dll'.
62c4.84c: supR3HardenedScreenImage/Imports: WinVerifyTrust not available, rescheduling \Device\HarddiskVolume2\Windows\System32\win32u.dll
62c4.84c: supR3HardenedWinVerifyCacheProcessImportTodos: Processing 'user32.dll'...
62c4.84c: supR3HardenedWinVerifyCacheProcessImportTodos: 'user32.dll' -> '\Device\HarddiskVolume2\Windows\System32\user32.dll' [rcNtRedir=0xc0150008]
62c4.84c: supR3HardenedWinVerifyCacheProcessImportTodos: Processing 'win32u.dll'...
62c4.84c: supR3HardenedWinVerifyCacheProcessImportTodos: 'win32u.dll' -> '\Device\HarddiskVolume2\Windows\System32\win32u.dll' [rcNtRedir=0xc0150008]
62c4.84c: supR3HardenedScreenImage/Imports: cache hit (VINF_SUCCESS) on \Device\HarddiskVolume2\Windows\System32\win32u.dll [redoing WinVerifyTrust]
62c4.84c: Detected loader lock ownership: rc=VINF_SUCCESS '\Device\HarddiskVolume2\Windows\System32\win32u.dll'.
62c4.84c: supR3HardenedScreenImage/Imports: WinVerifyTrust not available, rescheduling \Device\HarddiskVolume2\Windows\System32\win32u.dll
62c4.84c: supR3HardenedWinVerifyCacheProcessImportTodos: Processing 'user32.dll'...
62c4.84c: supR3HardenedWinVerifyCacheProcessImportTodos: 'user32.dll' -> '\Device\HarddiskVolume2\Windows\System32\user32.dll' [rcNtRedir=0xc0150008]
62c4.84c: supR3HardenedWinVerifyCacheProcessImportTodos: Processing 'gdi32.dll'...
62c4.84c: supR3HardenedWinVerifyCacheProcessImportTodos: 'gdi32.dll' -> '\Device\HarddiskVolume2\Windows\System32\gdi32.dll' [rcNtRedir=0xc0150008]
62c4.84c: supR3HardenedScreenImage/Imports: cache hit (VINF_SUCCESS) on \Device\HarddiskVolume2\Windows\System32\gdi32.dll [redoing WinVerifyTrust]
62c4.84c: Detected loader lock ownership: rc=VINF_SUCCESS '\Device\HarddiskVolume2\Windows\System32\gdi32.dll'.
62c4.84c: supR3HardenedScreenImage/Imports: WinVerifyTrust not available, rescheduling \Device\HarddiskVolume2\Windows\System32\gdi32.dll
62c4.84c: supR3HardenedWinVerifyCacheProcessImportTodos: Processing 'msvcp_win.dll'...
62c4.84c: supR3HardenedWinVerifyCacheProcessImportTodos: 'msvcp_win.dll' -> '\Device\HarddiskVolume2\Windows\System32\msvcp_win.dll' [rcNtRedir=0xc0150008]
62c4.84c: supR3HardenedScreenImage/Imports: cache hit (VINF_SUCCESS) on \Device\HarddiskVolume2\Windows\System32\msvcp_win.dll [redoing WinVerifyTrust]
62c4.84c: Detected loader lock ownership: rc=VINF_SUCCESS '\Device\HarddiskVolume2\Windows\System32\msvcp_win.dll'.
62c4.84c: supR3HardenedScreenImage/Imports: WinVerifyTrust not available, rescheduling \Device\HarddiskVolume2\Windows\System32\msvcp_win.dll
62c4.84c: supR3HardenedWinVerifyCacheProcessImportTodos: Processing 'rpcrt4.dll'...
62c4.84c: supR3HardenedWinVerifyCacheProcessImportTodos: 'rpcrt4.dll' -> '\Device\HarddiskVolume2\Windows\System32\rpcrt4.dll' [rcNtRedir=0xc0150008]
62c4.84c: supR3HardenedMonitor_LdrLoadDll: pName=C:\WINDOWS\system32\IMM32.DLL (rcNtResolve=0xc0150008) *pfFlags=0x0 pwszSearchPath=0000000000000009:<flags> [calling]
62c4.84c: supR3HardenedDllNotificationCallback: load   00007ffae0d50000 LB 0x0002f000 C:\WINDOWS\System32\IMM32.DLL [fFlags=0x0]
62c4.84c: supR3HardenedScreenImage/LdrLoadDll: cache hit (VINF_SUCCESS) on \Device\HarddiskVolume2\Windows\System32\imm32.dll [avoiding WinVerifyTrust]
62c4.84c: supR3HardenedMonitor_LdrLoadDll: returns rcNt=0x0 hMod=00007ffae0d50000 'C:\WINDOWS\system32\IMM32.DLL'
62c4.84c: Detected loader lock ownership: rc=VINF_SUCCESS '\Device\HarddiskVolume2\Windows\System32\imm32.dll'.
62c4.84c: supR3HardenedWinVerifyCacheProcessWvtTodos: 0 (was 0) fWinVerifyTrust=0 for '\Device\HarddiskVolume2\Windows\System32\imm32.dll' [rescheduled]
62c4.84c: Detected loader lock ownership: rc=VINF_SUCCESS '\Device\HarddiskVolume2\Windows\System32\gdi32full.dll'.
62c4.84c: supR3HardenedWinVerifyCacheProcessWvtTodos: 0 (was 0) fWinVerifyTrust=0 for '\Device\HarddiskVolume2\Windows\System32\gdi32full.dll' [rescheduled]
62c4.84c: Detected loader lock ownership: rc=VINF_SUCCESS '\Device\HarddiskVolume2\Windows\System32\srvcli.dll'.
62c4.84c: supR3HardenedWinVerifyCacheProcessWvtTodos: 0 (was 0) fWinVerifyTrust=0 for '\Device\HarddiskVolume2\Windows\System32\srvcli.dll' [rescheduled]
62c4.84c: Detected loader lock ownership: rc=VINF_SUCCESS '\Device\HarddiskVolume2\Windows\System32\netutils.dll'.
62c4.84c: supR3HardenedWinVerifyCacheProcessWvtTodos: 0 (was 0) fWinVerifyTrust=0 for '\Device\HarddiskVolume2\Windows\System32\netutils.dll' [rescheduled]
62c4.84c: Detected loader lock ownership: rc=VINF_SUCCESS '\Device\HarddiskVolume2\Program Files\Oracle\VirtualBox\Qt6SqlVBox.dll'.
62c4.84c: supR3HardenedWinVerifyCacheProcessWvtTodos: 0 (was 0) fWinVerifyTrust=0 for '\Device\HarddiskVolume2\Program Files\Oracle\VirtualBox\Qt6SqlVBox.dll' [rescheduled]
62c4.84c: Detected loader lock ownership: rc=VINF_SUCCESS '\Device\HarddiskVolume2\Windows\System32\userenv.dll'.
62c4.84c: supR3HardenedWinVerifyCacheProcessWvtTodos: 0 (was 0) fWinVerifyTrust=0 for '\Device\HarddiskVolume2\Windows\System32\userenv.dll' [rescheduled]
62c4.84c: Detected loader lock ownership: rc=22900 '\Device\HarddiskVolume2\Windows\System32\authz.dll'.
62c4.84c: supR3HardenedWinVerifyCacheProcessWvtTodos: 22900 (was 22900) fWinVerifyTrust=0 for '\Device\HarddiskVolume2\Windows\System32\authz.dll' [rescheduled]
62c4.84c: Detected loader lock ownership: rc=VINF_SUCCESS '\Device\HarddiskVolume2\Windows\System32\netapi32.dll'.
62c4.84c: supR3HardenedWinVerifyCacheProcessWvtTodos: 0 (was 0) fWinVerifyTrust=0 for '\Device\HarddiskVolume2\Windows\System32\netapi32.dll' [rescheduled]
62c4.84c: Detected loader lock ownership: rc=VINF_SUCCESS '\Device\HarddiskVolume2\Windows\System32\version.dll'.
62c4.84c: supR3HardenedWinVerifyCacheProcessWvtTodos: 0 (was 0) fWinVerifyTrust=0 for '\Device\HarddiskVolume2\Windows\System32\version.dll' [rescheduled]
62c4.84c: Detected loader lock ownership: rc=VINF_SUCCESS '\Device\HarddiskVolume2\Windows\System32\d3d11.dll'.
62c4.84c: supR3HardenedWinVerifyCacheProcessWvtTodos: 0 (was 0) fWinVerifyTrust=0 for '\Device\HarddiskVolume2\Windows\System32\d3d11.dll' [rescheduled]
62c4.84c: Detected loader lock ownership: rc=VINF_SUCCESS '\Device\HarddiskVolume2\Windows\System32\dxgi.dll'.
62c4.84c: supR3HardenedWinVerifyCacheProcessWvtTodos: 0 (was 0) fWinVerifyTrust=0 for '\Device\HarddiskVolume2\Windows\System32\dxgi.dll' [rescheduled]
62c4.84c: Detected loader lock ownership: rc=VINF_SUCCESS '\Device\HarddiskVolume2\Windows\System32\shell32.dll'.
62c4.84c: supR3HardenedWinVerifyCacheProcessWvtTodos: 0 (was 0) fWinVerifyTrust=0 for '\Device\HarddiskVolume2\Windows\System32\shell32.dll' [rescheduled]
62c4.84c: Detected loader lock ownership: rc=22900 '\Device\HarddiskVolume2\Windows\System32\DWrite.dll'.
62c4.84c: supR3HardenedWinVerifyCacheProcessWvtTodos: 22900 (was 22900) fWinVerifyTrust=0 for '\Device\HarddiskVolume2\Windows\System32\DWrite.dll' [rescheduled]
62c4.84c: Detected loader lock ownership: rc=VINF_SUCCESS '\Device\HarddiskVolume2\Windows\System32\msvcp140_2.dll'.
62c4.84c: supR3HardenedWinVerifyCacheProcessWvtTodos: 0 (was 0) fWinVerifyTrust=0 for '\Device\HarddiskVolume2\Windows\System32\msvcp140_2.dll' [rescheduled]
62c4.84c: Detected loader lock ownership: rc=VINF_SUCCESS '\Device\HarddiskVolume2\Windows\System32\dwmapi.dll'.
62c4.84c: supR3HardenedWinVerifyCacheProcessWvtTodos: 0 (was 0) fWinVerifyTrust=0 for '\Device\HarddiskVolume2\Windows\System32\dwmapi.dll' [rescheduled]
62c4.84c: Detected loader lock ownership: rc=22900 '\Device\HarddiskVolume2\Windows\System32\uxtheme.dll'.
62c4.84c: supR3HardenedWinVerifyCacheProcessWvtTodos: 22900 (was 22900) fWinVerifyTrust=0 for '\Device\HarddiskVolume2\Windows\System32\uxtheme.dll' [rescheduled]
62c4.84c: Detected loader lock ownership: rc=VINF_SUCCESS '\Device\HarddiskVolume2\Windows\System32\msvcp140_1.dll'.
62c4.84c: supR3HardenedWinVerifyCacheProcessWvtTodos: 0 (was 0) fWinVerifyTrust=0 for '\Device\HarddiskVolume2\Windows\System32\msvcp140_1.dll' [rescheduled]
62c4.84c: Detected loader lock ownership: rc=VINF_SUCCESS '\Device\HarddiskVolume2\Windows\System32\win32u.dll'.
62c4.84c: supR3HardenedWinVerifyCacheProcessWvtTodos: 0 (was 0) fWinVerifyTrust=0 for '\Device\HarddiskVolume2\Windows\System32\win32u.dll' [rescheduled]
62c4.84c: Detected loader lock ownership: rc=VINF_SUCCESS '\Device\HarddiskVolume2\Windows\System32\gdi32.dll'.
62c4.84c: supR3HardenedWinVerifyCacheProcessWvtTodos: 0 (was 0) fWinVerifyTrust=0 for '\Device\HarddiskVolume2\Windows\System32\gdi32.dll' [rescheduled]
62c4.84c: Detected loader lock ownership: rc=VINF_SUCCESS '\Device\HarddiskVolume2\Windows\System32\msvcp_win.dll'.
62c4.84c: supR3HardenedWinVerifyCacheProcessWvtTodos: 0 (was 0) fWinVerifyTrust=0 for '\Device\HarddiskVolume2\Windows\System32\msvcp_win.dll' [rescheduled]
62c4.84c: Detected loader lock ownership: rc=VINF_SUCCESS '\Device\HarddiskVolume2\Windows\System32\combase.dll'.
62c4.84c: supR3HardenedWinVerifyCacheProcessWvtTodos: 0 (was 0) fWinVerifyTrust=0 for '\Device\HarddiskVolume2\Windows\System32\combase.dll' [rescheduled]
62c4.84c: Detected loader lock ownership: rc=VINF_SUCCESS '\Device\HarddiskVolume2\Windows\System32\imm32.dll'.
62c4.84c: supR3HardenedWinVerifyCacheProcessWvtTodos: 0 (was 0) fWinVerifyTrust=0 for '\Device\HarddiskVolume2\Windows\System32\imm32.dll' [rescheduled]
62c4.84c: Detected loader lock ownership: rc=VINF_SUCCESS '\Device\HarddiskVolume2\Windows\System32\gdi32full.dll'.
62c4.84c: supR3HardenedWinVerifyCacheProcessWvtTodos: 0 (was 0) fWinVerifyTrust=0 for '\Device\HarddiskVolume2\Windows\System32\gdi32full.dll' [rescheduled]
62c4.84c: Detected loader lock ownership: rc=VINF_SUCCESS '\Device\HarddiskVolume2\Windows\System32\srvcli.dll'.
62c4.84c: supR3HardenedWinVerifyCacheProcessWvtTodos: 0 (was 0) fWinVerifyTrust=0 for '\Device\HarddiskVolume2\Windows\System32\srvcli.dll' [rescheduled]
62c4.84c: Detected loader lock ownership: rc=VINF_SUCCESS '\Device\HarddiskVolume2\Windows\System32\netutils.dll'.
62c4.84c: supR3HardenedWinVerifyCacheProcessWvtTodos: 0 (was 0) fWinVerifyTrust=0 for '\Device\HarddiskVolume2\Windows\System32\netutils.dll' [rescheduled]
62c4.84c: Detected loader lock ownership: rc=VINF_SUCCESS '\Device\HarddiskVolume2\Program Files\Oracle\VirtualBox\Qt6SqlVBox.dll'.
62c4.84c: supR3HardenedWinVerifyCacheProcessWvtTodos: 0 (was 0) fWinVerifyTrust=0 for '\Device\HarddiskVolume2\Program Files\Oracle\VirtualBox\Qt6SqlVBox.dll' [rescheduled]
62c4.84c: Detected loader lock ownership: rc=VINF_SUCCESS '\Device\HarddiskVolume2\Windows\System32\userenv.dll'.
62c4.84c: supR3HardenedWinVerifyCacheProcessWvtTodos: 0 (was 0) fWinVerifyTrust=0 for '\Device\HarddiskVolume2\Windows\System32\userenv.dll' [rescheduled]
62c4.84c: Detected loader lock ownership: rc=22900 '\Device\HarddiskVolume2\Windows\System32\authz.dll'.
62c4.84c: supR3HardenedWinVerifyCacheProcessWvtTodos: 22900 (was 22900) fWinVerifyTrust=0 for '\Device\HarddiskVolume2\Windows\System32\authz.dll' [rescheduled]
62c4.84c: Detected loader lock ownership: rc=VINF_SUCCESS '\Device\HarddiskVolume2\Windows\System32\netapi32.dll'.
62c4.84c: supR3HardenedWinVerifyCacheProcessWvtTodos: 0 (was 0) fWinVerifyTrust=0 for '\Device\HarddiskVolume2\Windows\System32\netapi32.dll' [rescheduled]
62c4.84c: Detected loader lock ownership: rc=VINF_SUCCESS '\Device\HarddiskVolume2\Windows\System32\version.dll'.
62c4.84c: supR3HardenedWinVerifyCacheProcessWvtTodos: 0 (was 0) fWinVerifyTrust=0 for '\Device\HarddiskVolume2\Windows\System32\version.dll' [rescheduled]
62c4.84c: Detected loader lock ownership: rc=VINF_SUCCESS '\Device\HarddiskVolume2\Windows\System32\d3d11.dll'.
62c4.84c: supR3HardenedWinVerifyCacheProcessWvtTodos: 0 (was 0) fWinVerifyTrust=0 for '\Device\HarddiskVolume2\Windows\System32\d3d11.dll' [rescheduled]
62c4.84c: Detected loader lock ownership: rc=VINF_SUCCESS '\Device\HarddiskVolume2\Windows\System32\dxgi.dll'.
62c4.84c: supR3HardenedWinVerifyCacheProcessWvtTodos: 0 (was 0) fWinVerifyTrust=0 for '\Device\HarddiskVolume2\Windows\System32\dxgi.dll' [rescheduled]
62c4.84c: Detected loader lock ownership: rc=VINF_SUCCESS '\Device\HarddiskVolume2\Windows\System32\shell32.dll'.
62c4.84c: supR3HardenedWinVerifyCacheProcessWvtTodos: 0 (was 0) fWinVerifyTrust=0 for '\Device\HarddiskVolume2\Windows\System32\shell32.dll' [rescheduled]
62c4.84c: Detected loader lock ownership: rc=22900 '\Device\HarddiskVolume2\Windows\System32\DWrite.dll'.
62c4.84c: supR3HardenedWinVerifyCacheProcessWvtTodos: 22900 (was 22900) fWinVerifyTrust=0 for '\Device\HarddiskVolume2\Windows\System32\DWrite.dll' [rescheduled]
62c4.84c: Detected loader lock ownership: rc=VINF_SUCCESS '\Device\HarddiskVolume2\Windows\System32\msvcp140_2.dll'.
62c4.84c: supR3HardenedWinVerifyCacheProcessWvtTodos: 0 (was 0) fWinVerifyTrust=0 for '\Device\HarddiskVolume2\Windows\System32\msvcp140_2.dll' [rescheduled]
62c4.84c: Detected loader lock ownership: rc=VINF_SUCCESS '\Device\HarddiskVolume2\Windows\System32\dwmapi.dll'.
62c4.84c: supR3HardenedWinVerifyCacheProcessWvtTodos: 0 (was 0) fWinVerifyTrust=0 for '\Device\HarddiskVolume2\Windows\System32\dwmapi.dll' [rescheduled]
62c4.84c: Detected loader lock ownership: rc=22900 '\Device\HarddiskVolume2\Windows\System32\uxtheme.dll'.
62c4.84c: supR3HardenedWinVerifyCacheProcessWvtTodos: 22900 (was 22900) fWinVerifyTrust=0 for '\Device\HarddiskVolume2\Windows\System32\uxtheme.dll' [rescheduled]
62c4.84c: Detected loader lock ownership: rc=VINF_SUCCESS '\Device\HarddiskVolume2\Windows\System32\msvcp140_1.dll'.
62c4.84c: supR3HardenedWinVerifyCacheProcessWvtTodos: 0 (was 0) fWinVerifyTrust=0 for '\Device\HarddiskVolume2\Windows\System32\msvcp140_1.dll' [rescheduled]
62c4.84c: Detected loader lock ownership: rc=VINF_SUCCESS '\Device\HarddiskVolume2\Windows\System32\win32u.dll'.
62c4.84c: supR3HardenedWinVerifyCacheProcessWvtTodos: 0 (was 0) fWinVerifyTrust=0 for '\Device\HarddiskVolume2\Windows\System32\win32u.dll' [rescheduled]
62c4.84c: Detected loader lock ownership: rc=VINF_SUCCESS '\Device\HarddiskVolume2\Windows\System32\gdi32.dll'.
62c4.84c: supR3HardenedWinVerifyCacheProcessWvtTodos: 0 (was 0) fWinVerifyTrust=0 for '\Device\HarddiskVolume2\Windows\System32\gdi32.dll' [rescheduled]
62c4.84c: Detected loader lock ownership: rc=VINF_SUCCESS '\Device\HarddiskVolume2\Windows\System32\msvcp_win.dll'.
62c4.84c: supR3HardenedWinVerifyCacheProcessWvtTodos: 0 (was 0) fWinVerifyTrust=0 for '\Device\HarddiskVolume2\Windows\System32\msvcp_win.dll' [rescheduled]
62c4.84c: Detected loader lock ownership: rc=VINF_SUCCESS '\Device\HarddiskVolume2\Windows\System32\combase.dll'.
62c4.84c: supR3HardenedWinVerifyCacheProcessWvtTodos: 0 (was 0) fWinVerifyTrust=0 for '\Device\HarddiskVolume2\Windows\System32\combase.dll' [rescheduled]
62c4.84c: supR3HardenedScreenImage/LdrLoadDll: cache hit (VINF_SUCCESS) on \Device\HarddiskVolume2\Windows\System32\gdi32.dll [redoing WinVerifyTrust]
62c4.84c: Detected loader lock ownership: rc=VINF_SUCCESS '\Device\HarddiskVolume2\Windows\System32\gdi32.dll'.
62c4.84c: supR3HardenedScreenImage/LdrLoadDll: WinVerifyTrust not available, rescheduling \Device\HarddiskVolume2\Windows\System32\gdi32.dll
62c4.84c: supR3HardenedMonitor_LdrLoadDll: returns rcNt=0x0 hMod=00007ffae10a0000 'C:\WINDOWS\System32\gdi32.dll'
62c4.84c: Detected loader lock ownership: rc=VINF_SUCCESS '\Device\HarddiskVolume2\Windows\System32\imm32.dll'.
62c4.84c: supR3HardenedWinVerifyCacheProcessWvtTodos: 0 (was 0) fWinVerifyTrust=0 for '\Device\HarddiskVolume2\Windows\System32\imm32.dll' [rescheduled]
62c4.84c: Detected loader lock ownership: rc=VINF_SUCCESS '\Device\HarddiskVolume2\Windows\System32\gdi32full.dll'.
62c4.84c: supR3HardenedWinVerifyCacheProcessWvtTodos: 0 (was 0) fWinVerifyTrust=0 for '\Device\HarddiskVolume2\Windows\System32\gdi32full.dll' [rescheduled]
62c4.84c: Detected loader lock ownership: rc=VINF_SUCCESS '\Device\HarddiskVolume2\Windows\System32\srvcli.dll'.
62c4.84c: supR3HardenedWinVerifyCacheProcessWvtTodos: 0 (was 0) fWinVerifyTrust=0 for '\Device\HarddiskVolume2\Windows\System32\srvcli.dll' [rescheduled]
62c4.84c: Detected loader lock ownership: rc=VINF_SUCCESS '\Device\HarddiskVolume2\Windows\System32\netutils.dll'.
62c4.84c: supR3HardenedWinVerifyCacheProcessWvtTodos: 0 (was 0) fWinVerifyTrust=0 for '\Device\HarddiskVolume2\Windows\System32\netutils.dll' [rescheduled]
62c4.84c: Detected loader lock ownership: rc=VINF_SUCCESS '\Device\HarddiskVolume2\Program Files\Oracle\VirtualBox\Qt6SqlVBox.dll'.
62c4.84c: supR3HardenedWinVerifyCacheProcessWvtTodos: 0 (was 0) fWinVerifyTrust=0 for '\Device\HarddiskVolume2\Program Files\Oracle\VirtualBox\Qt6SqlVBox.dll' [rescheduled]
62c4.84c: Detected loader lock ownership: rc=VINF_SUCCESS '\Device\HarddiskVolume2\Windows\System32\userenv.dll'.
62c4.84c: supR3HardenedWinVerifyCacheProcessWvtTodos: 0 (was 0) fWinVerifyTrust=0 for '\Device\HarddiskVolume2\Windows\System32\userenv.dll' [rescheduled]
62c4.84c: Detected loader lock ownership: rc=22900 '\Device\HarddiskVolume2\Windows\System32\authz.dll'.
62c4.84c: supR3HardenedWinVerifyCacheProcessWvtTodos: 22900 (was 22900) fWinVerifyTrust=0 for '\Device\HarddiskVolume2\Windows\System32\authz.dll' [rescheduled]
62c4.84c: Detected loader lock ownership: rc=VINF_SUCCESS '\Device\HarddiskVolume2\Windows\System32\netapi32.dll'.
62c4.84c: supR3HardenedWinVerifyCacheProcessWvtTodos: 0 (was 0) fWinVerifyTrust=0 for '\Device\HarddiskVolume2\Windows\System32\netapi32.dll' [rescheduled]
62c4.84c: Detected loader lock ownership: rc=VINF_SUCCESS '\Device\HarddiskVolume2\Windows\System32\version.dll'.
62c4.84c: supR3HardenedWinVerifyCacheProcessWvtTodos: 0 (was 0) fWinVerifyTrust=0 for '\Device\HarddiskVolume2\Windows\System32\version.dll' [rescheduled]
62c4.84c: Detected loader lock ownership: rc=VINF_SUCCESS '\Device\HarddiskVolume2\Windows\System32\d3d11.dll'.
62c4.84c: supR3HardenedWinVerifyCacheProcessWvtTodos: 0 (was 0) fWinVerifyTrust=0 for '\Device\HarddiskVolume2\Windows\System32\d3d11.dll' [rescheduled]
62c4.84c: Detected loader lock ownership: rc=VINF_SUCCESS '\Device\HarddiskVolume2\Windows\System32\dxgi.dll'.
62c4.84c: supR3HardenedWinVerifyCacheProcessWvtTodos: 0 (was 0) fWinVerifyTrust=0 for '\Device\HarddiskVolume2\Windows\System32\dxgi.dll' [rescheduled]
62c4.84c: Detected loader lock ownership: rc=VINF_SUCCESS '\Device\HarddiskVolume2\Windows\System32\shell32.dll'.
62c4.84c: supR3HardenedWinVerifyCacheProcessWvtTodos: 0 (was 0) fWinVerifyTrust=0 for '\Device\HarddiskVolume2\Windows\System32\shell32.dll' [rescheduled]
62c4.84c: Detected loader lock ownership: rc=22900 '\Device\HarddiskVolume2\Windows\System32\DWrite.dll'.
62c4.84c: supR3HardenedWinVerifyCacheProcessWvtTodos: 22900 (was 22900) fWinVerifyTrust=0 for '\Device\HarddiskVolume2\Windows\System32\DWrite.dll' [rescheduled]
62c4.84c: Detected loader lock ownership: rc=VINF_SUCCESS '\Device\HarddiskVolume2\Windows\System32\msvcp140_2.dll'.
62c4.84c: supR3HardenedWinVerifyCacheProcessWvtTodos: 0 (was 0) fWinVerifyTrust=0 for '\Device\HarddiskVolume2\Windows\System32\msvcp140_2.dll' [rescheduled]
62c4.84c: Detected loader lock ownership: rc=VINF_SUCCESS '\Device\HarddiskVolume2\Windows\System32\dwmapi.dll'.
62c4.84c: supR3HardenedWinVerifyCacheProcessWvtTodos: 0 (was 0) fWinVerifyTrust=0 for '\Device\HarddiskVolume2\Windows\System32\dwmapi.dll' [rescheduled]
62c4.84c: Detected loader lock ownership: rc=22900 '\Device\HarddiskVolume2\Windows\System32\uxtheme.dll'.
62c4.84c: supR3HardenedWinVerifyCacheProcessWvtTodos: 22900 (was 22900) fWinVerifyTrust=0 for '\Device\HarddiskVolume2\Windows\System32\uxtheme.dll' [rescheduled]
62c4.84c: Detected loader lock ownership: rc=VINF_SUCCESS '\Device\HarddiskVolume2\Windows\System32\msvcp140_1.dll'.
62c4.84c: supR3HardenedWinVerifyCacheProcessWvtTodos: 0 (was 0) fWinVerifyTrust=0 for '\Device\HarddiskVolume2\Windows\System32\msvcp140_1.dll' [rescheduled]
62c4.84c: Detected loader lock ownership: rc=VINF_SUCCESS '\Device\HarddiskVolume2\Windows\System32\win32u.dll'.
62c4.84c: supR3HardenedWinVerifyCacheProcessWvtTodos: 0 (was 0) fWinVerifyTrust=0 for '\Device\HarddiskVolume2\Windows\System32\win32u.dll' [rescheduled]
62c4.84c: Detected loader lock ownership: rc=VINF_SUCCESS '\Device\HarddiskVolume2\Windows\System32\gdi32.dll'.
62c4.84c: supR3HardenedWinVerifyCacheProcessWvtTodos: 0 (was 0) fWinVerifyTrust=0 for '\Device\HarddiskVolume2\Windows\System32\gdi32.dll' [rescheduled]
62c4.84c: Detected loader lock ownership: rc=VINF_SUCCESS '\Device\HarddiskVolume2\Windows\System32\msvcp_win.dll'.
62c4.84c: supR3HardenedWinVerifyCacheProcessWvtTodos: 0 (was 0) fWinVerifyTrust=0 for '\Device\HarddiskVolume2\Windows\System32\msvcp_win.dll' [rescheduled]
62c4.84c: Detected loader lock ownership: rc=VINF_SUCCESS '\Device\HarddiskVolume2\Windows\System32\combase.dll'.
62c4.84c: supR3HardenedWinVerifyCacheProcessWvtTodos: 0 (was 0) fWinVerifyTrust=0 for '\Device\HarddiskVolume2\Windows\System32\combase.dll' [rescheduled]
62c4.84c: supR3HardenedMonitor_LdrLoadDll: returns rcNt=0x0 hMod=00007ffa71220000 'C:\Program Files\Oracle\VirtualBox\VirtualBoxVM.dll'
62c4.84c: supR3HardenedMonitor_LdrLoadDll: returns rcNt=0x0 hMod=00007ffadec80000 'C:\WINDOWS\system32\rsaenh.dll'
62c4.84c: supR3HardenedMonitor_LdrLoadDll: returns rcNt=0x0 hMod=00007ffae0070000 'C:\WINDOWS\System32\crypt32.dll'
62c4.84c: supR3HardenedWinVerifyCacheProcessWvtTodos: 0 (was 0) fWinVerifyTrust=1 for '\Device\HarddiskVolume2\Windows\System32\imm32.dll'
62c4.84c: supR3HardenedMonitor_LdrLoadDll: returns rcNt=0x0 hMod=00007ffadec80000 'C:\WINDOWS\system32\rsaenh.dll'
62c4.84c: supR3HardenedMonitor_LdrLoadDll: returns rcNt=0x0 hMod=00007ffae0070000 'C:\WINDOWS\System32\crypt32.dll'
62c4.84c: supR3HardenedWinVerifyCacheProcessWvtTodos: 0 (was 0) fWinVerifyTrust=1 for '\Device\HarddiskVolume2\Windows\System32\gdi32full.dll'
62c4.84c: supR3HardenedMonitor_LdrLoadDll: returns rcNt=0x0 hMod=00007ffadec80000 'C:\WINDOWS\system32\rsaenh.dll'
62c4.84c: supR3HardenedMonitor_LdrLoadDll: returns rcNt=0x0 hMod=00007ffae0070000 'C:\WINDOWS\System32\crypt32.dll'
62c4.84c: supR3HardenedWinVerifyCacheProcessWvtTodos: 0 (was 0) fWinVerifyTrust=1 for '\Device\HarddiskVolume2\Windows\System32\srvcli.dll'
62c4.84c: supR3HardenedMonitor_LdrLoadDll: returns rcNt=0x0 hMod=00007ffadec80000 'C:\WINDOWS\system32\rsaenh.dll'
62c4.84c: supR3HardenedMonitor_LdrLoadDll: returns rcNt=0x0 hMod=00007ffae0070000 'C:\WINDOWS\System32\crypt32.dll'
62c4.84c: supR3HardenedWinVerifyCacheProcessWvtTodos: 0 (was 0) fWinVerifyTrust=1 for '\Device\HarddiskVolume2\Windows\System32\netutils.dll'
62c4.84c: supR3HardenedMonitor_LdrLoadDll: returns rcNt=0x0 hMod=00007ffadec80000 'C:\WINDOWS\system32\rsaenh.dll'
62c4.84c: supR3HardenedMonitor_LdrLoadDll: returns rcNt=0x0 hMod=00007ffae0070000 'C:\WINDOWS\System32\crypt32.dll'
62c4.84c: supR3HardenedWinVerifyCacheProcessWvtTodos: 0 (was 0) fWinVerifyTrust=1 for '\Device\HarddiskVolume2\Program Files\Oracle\VirtualBox\Qt6SqlVBox.dll'
62c4.84c: supR3HardenedMonitor_LdrLoadDll: returns rcNt=0x0 hMod=00007ffadec80000 'C:\WINDOWS\system32\rsaenh.dll'
62c4.84c: supR3HardenedMonitor_LdrLoadDll: returns rcNt=0x0 hMod=00007ffae0070000 'C:\WINDOWS\System32\crypt32.dll'
62c4.84c: supR3HardenedWinVerifyCacheProcessWvtTodos: 0 (was 0) fWinVerifyTrust=1 for '\Device\HarddiskVolume2\Windows\System32\userenv.dll'
62c4.84c: supR3HardNtViCallWinVerifyTrustCatFile: hFile=00000000000004e4 pwszName=\Device\HarddiskVolume2\Windows\System32\authz.dll
62c4.84c: supR3HardNtViCallWinVerifyTrustCatFile: Cached context 000002185c23eba0
62c4.84c: supR3HardNtViCallWinVerifyTrustCatFile: hCatAdmin=000002185c23eba0
62c4.84c: supR3HardNtViCallWinVerifyTrustCatFile: cbHash=20 wszDigest=B685402509FE55AFDD19010A15E6370AAF3DE884
62c4.84c: supR3HardenedMonitor_LdrLoadDll: returns rcNt=0x0 hMod=00007ffadec80000 'C:\WINDOWS\system32\rsaenh.dll'
62c4.84c: supR3HardenedMonitor_LdrLoadDll: returns rcNt=0x0 hMod=00007ffae0070000 'C:\WINDOWS\System32\crypt32.dll'
62c4.84c: supR3HardNtViCallWinVerifyTrustCatFile: WinVerifyTrust => 0x0; cat='C:\WINDOWS\system32\CatRoot\{F750E6C3-38EE-11D1-85E5-00C04FC295EE}\Microsoft-Windows-Client-Desktop-Required-Package0516~31bf3856ad364e35~amd64~~10.0.19041.6456.cat'; file='\Device\HarddiskVolume2\Windows\System32\authz.dll'
62c4.84c: supR3HardNtViCallWinVerifyTrustCatFile -> 0 (org 22900)
62c4.84c: supR3HardenedWinVerifyCacheProcessWvtTodos: 0 (was 22900) fWinVerifyTrust=1 for '\Device\HarddiskVolume2\Windows\System32\authz.dll'
62c4.84c: supR3HardenedMonitor_LdrLoadDll: returns rcNt=0x0 hMod=00007ffadec80000 'C:\WINDOWS\system32\rsaenh.dll'
62c4.84c: supR3HardenedMonitor_LdrLoadDll: returns rcNt=0x0 hMod=00007ffae0070000 'C:\WINDOWS\System32\crypt32.dll'
62c4.84c: supR3HardenedWinVerifyCacheProcessWvtTodos: 0 (was 0) fWinVerifyTrust=1 for '\Device\HarddiskVolume2\Windows\System32\netapi32.dll'
62c4.84c: supR3HardenedMonitor_LdrLoadDll: returns rcNt=0x0 hMod=00007ffadec80000 'C:\WINDOWS\system32\rsaenh.dll'
62c4.84c: supR3HardenedMonitor_LdrLoadDll: returns rcNt=0x0 hMod=00007ffae0070000 'C:\WINDOWS\System32\crypt32.dll'
62c4.84c: supR3HardenedWinVerifyCacheProcessWvtTodos: 0 (was 0) fWinVerifyTrust=1 for '\Device\HarddiskVolume2\Windows\System32\version.dll'
62c4.84c: supR3HardenedMonitor_LdrLoadDll: returns rcNt=0x0 hMod=00007ffadec80000 'C:\WINDOWS\system32\rsaenh.dll'
62c4.84c: supR3HardenedMonitor_LdrLoadDll: returns rcNt=0x0 hMod=00007ffae0070000 'C:\WINDOWS\System32\crypt32.dll'
62c4.84c: supR3HardenedWinVerifyCacheProcessWvtTodos: 0 (was 0) fWinVerifyTrust=1 for '\Device\HarddiskVolume2\Windows\System32\d3d11.dll'
62c4.84c: supR3HardenedMonitor_LdrLoadDll: returns rcNt=0x0 hMod=00007ffadec80000 'C:\WINDOWS\system32\rsaenh.dll'
62c4.84c: supR3HardenedMonitor_LdrLoadDll: returns rcNt=0x0 hMod=00007ffae0070000 'C:\WINDOWS\System32\crypt32.dll'
62c4.84c: supR3HardenedWinVerifyCacheProcessWvtTodos: 0 (was 0) fWinVerifyTrust=1 for '\Device\HarddiskVolume2\Windows\System32\dxgi.dll'
62c4.84c: supR3HardenedMonitor_LdrLoadDll: returns rcNt=0x0 hMod=00007ffadec80000 'C:\WINDOWS\system32\rsaenh.dll'
62c4.84c: supR3HardenedScreenImage/LdrLoadDll: cache hit (VINF_SUCCESS) on \Device\HarddiskVolume2\Windows\System32\crypt32.dll
62c4.84c: supR3HardenedMonitor_LdrLoadDll: pName=C:\WINDOWS\System32\crypt32.dll (Input=crypt32.dll, rcNtResolve=0xc0150008) *pfFlags=0x0 pwszSearchPath=0000000000000001:<flags> [calling]
62c4.84c: supR3HardenedMonitor_LdrLoadDll: returns rcNt=0x0 hMod=00007ffae0070000 'C:\WINDOWS\System32\crypt32.dll'
62c4.84c: supR3HardenedWinVerifyCacheProcessWvtTodos: 0 (was 0) fWinVerifyTrust=1 for '\Device\HarddiskVolume2\Windows\System32\shell32.dll'
62c4.84c: supR3HardNtViCallWinVerifyTrustCatFile: hFile=00000000000004a4 pwszName=\Device\HarddiskVolume2\Windows\System32\DWrite.dll
62c4.84c: supR3HardNtViCallWinVerifyTrustCatFile: Cached context 000002185c23eba0
62c4.84c: supR3HardNtViCallWinVerifyTrustCatFile: hCatAdmin=000002185c23eba0
62c4.84c: supR3HardNtViCallWinVerifyTrustCatFile: cbHash=20 wszDigest=4025A7217883772D53770945E12B41912877C78B
62c4.84c: supR3HardenedMonitor_LdrLoadDll: returns rcNt=0x0 hMod=00007ffadec80000 'C:\WINDOWS\system32\rsaenh.dll'
62c4.84c: supR3HardenedMonitor_LdrLoadDll: returns rcNt=0x0 hMod=00007ffae0070000 'C:\WINDOWS\System32\crypt32.dll'
62c4.84c: supR3HardNtViCallWinVerifyTrustCatFile: WinVerifyTrust => 0x0; cat='C:\WINDOWS\system32\CatRoot\{F750E6C3-38EE-11D1-85E5-00C04FC295EE}\Microsoft-Windows-Client-Desktop-Required-Package0516~31bf3856ad364e35~amd64~~10.0.19041.6456.cat'; file='\Device\HarddiskVolume2\Windows\System32\DWrite.dll'
62c4.84c: supR3HardNtViCallWinVerifyTrustCatFile -> 0 (org 22900)
62c4.84c: supR3HardenedWinVerifyCacheProcessWvtTodos: 0 (was 22900) fWinVerifyTrust=1 for '\Device\HarddiskVolume2\Windows\System32\DWrite.dll'
62c4.84c: supR3HardenedMonitor_LdrLoadDll: returns rcNt=0x0 hMod=00007ffadec80000 'C:\WINDOWS\system32\rsaenh.dll'
62c4.84c: supR3HardenedMonitor_LdrLoadDll: returns rcNt=0x0 hMod=00007ffae0070000 'C:\WINDOWS\System32\crypt32.dll'
62c4.84c: supR3HardenedWinVerifyCacheProcessWvtTodos: 0 (was 0) fWinVerifyTrust=1 for '\Device\HarddiskVolume2\Windows\System32\msvcp140_2.dll'
62c4.84c: supR3HardenedScreenImage/LdrLoadDll: cache hit (VINF_SUCCESS) on \Device\HarddiskVolume2\Windows\System32\rsaenh.dll
62c4.84c: supR3HardenedMonitor_LdrLoadDll: pName=C:\WINDOWS\system32\rsaenh.dll (rcNtResolve=0xc0150008) *pfFlags=0x0 pwszSearchPath=0000000000000001:<flags> [calling]
62c4.84c: supR3HardenedMonitor_LdrLoadDll: returns rcNt=0x0 hMod=00007ffadec80000 'C:\WINDOWS\system32\rsaenh.dll'
62c4.84c: supR3HardenedMonitor_LdrLoadDll: returns rcNt=0x0 hMod=00007ffae0070000 'C:\WINDOWS\System32\crypt32.dll'
62c4.84c: supR3HardenedWinVerifyCacheProcessWvtTodos: 0 (was 0) fWinVerifyTrust=1 for '\Device\HarddiskVolume2\Windows\System32\dwmapi.dll'
62c4.84c: supR3HardNtViCallWinVerifyTrustCatFile: hFile=00000000000004d4 pwszName=\Device\HarddiskVolume2\Windows\System32\uxtheme.dll
62c4.84c: supR3HardNtViCallWinVerifyTrustCatFile: Cached context 000002185c23eba0
62c4.84c: supR3HardNtViCallWinVerifyTrustCatFile: hCatAdmin=000002185c23eba0
62c4.84c: supR3HardNtViCallWinVerifyTrustCatFile: cbHash=20 wszDigest=5CE86D61A74F808BE7CB93ACDAA146684F023EAE
62c4.84c: supR3HardenedMonitor_LdrLoadDll: returns rcNt=0x0 hMod=00007ffadec80000 'C:\WINDOWS\system32\rsaenh.dll'
62c4.84c: supR3HardenedMonitor_LdrLoadDll: returns rcNt=0x0 hMod=00007ffae0070000 'C:\WINDOWS\System32\crypt32.dll'
62c4.84c: supR3HardNtViCallWinVerifyTrustCatFile: WinVerifyTrust => 0x0; cat='C:\WINDOWS\system32\CatRoot\{F750E6C3-38EE-11D1-85E5-00C04FC295EE}\Microsoft-Windows-Client-Desktop-Required-Package05113~31bf3856ad364e35~amd64~~10.0.19041.6332.cat'; file='\Device\HarddiskVolume2\Windows\System32\uxtheme.dll'
62c4.84c: supR3HardNtViCallWinVerifyTrustCatFile -> 0 (org 22900)
62c4.84c: supR3HardenedWinVerifyCacheProcessWvtTodos: 0 (was 22900) fWinVerifyTrust=1 for '\Device\HarddiskVolume2\Windows\System32\uxtheme.dll'
62c4.84c: supR3HardenedMonitor_LdrLoadDll: returns rcNt=0x0 hMod=00007ffadec80000 'C:\WINDOWS\system32\rsaenh.dll'
62c4.84c: supR3HardenedMonitor_LdrLoadDll: returns rcNt=0x0 hMod=00007ffae0070000 'C:\WINDOWS\System32\crypt32.dll'
62c4.84c: supR3HardenedWinVerifyCacheProcessWvtTodos: 0 (was 0) fWinVerifyTrust=1 for '\Device\HarddiskVolume2\Windows\System32\msvcp140_1.dll'
62c4.84c: supR3HardenedMonitor_LdrLoadDll: returns rcNt=0x0 hMod=00007ffadec80000 'C:\WINDOWS\system32\rsaenh.dll'
62c4.84c: supR3HardenedMonitor_LdrLoadDll: returns rcNt=0x0 hMod=00007ffae0070000 'C:\WINDOWS\System32\crypt32.dll'
62c4.84c: supR3HardenedWinVerifyCacheProcessWvtTodos: 0 (was 0) fWinVerifyTrust=1 for '\Device\HarddiskVolume2\Windows\System32\win32u.dll'
62c4.84c: supR3HardenedMonitor_LdrLoadDll: returns rcNt=0x0 hMod=00007ffadec80000 'C:\WINDOWS\system32\rsaenh.dll'
62c4.84c: supR3HardenedMonitor_LdrLoadDll: returns rcNt=0x0 hMod=00007ffae0070000 'C:\WINDOWS\System32\crypt32.dll'
62c4.84c: supR3HardenedWinVerifyCacheProcessWvtTodos: 0 (was 0) fWinVerifyTrust=1 for '\Device\HarddiskVolume2\Windows\System32\gdi32.dll'
62c4.84c: supR3HardenedMonitor_LdrLoadDll: returns rcNt=0x0 hMod=00007ffadec80000 'C:\WINDOWS\system32\rsaenh.dll'
62c4.84c: supR3HardenedMonitor_LdrLoadDll: returns rcNt=0x0 hMod=00007ffae0070000 'C:\WINDOWS\System32\crypt32.dll'
62c4.84c: supR3HardenedWinVerifyCacheProcessWvtTodos: 0 (was 0) fWinVerifyTrust=1 for '\Device\HarddiskVolume2\Windows\System32\msvcp_win.dll'
62c4.84c: supR3HardenedMonitor_LdrLoadDll: returns rcNt=0x0 hMod=00007ffadec80000 'C:\WINDOWS\system32\rsaenh.dll'
62c4.84c: supR3HardenedMonitor_LdrLoadDll: returns rcNt=0x0 hMod=00007ffae0070000 'C:\WINDOWS\System32\crypt32.dll'
62c4.84c: supR3HardenedWinVerifyCacheProcessWvtTodos: 0 (was 0) fWinVerifyTrust=1 for '\Device\HarddiskVolume2\Windows\System32\combase.dll'
62c4.84c: SUPR3HardenedMain: Calling TrustedMain (00007ffa712219a0)...
62c4.84c: supR3HardenedWinVerifyCacheScheduleImports: Import todo: #31 'combase.dll'.
62c4.84c: supR3HardenedWinVerifyCacheScheduleImports: Import todo: #32 'msvcp_win.dll'.
62c4.84c: supR3HardenedWinVerifyCacheScheduleImports: Import todo: #34 'wldp.dll'.
62c4.84c: supHardenedWinVerifyImageByHandle: -> 0 (\Device\HarddiskVolume2\Windows\System32\windows.storage.dll)
62c4.84c: supR3HardenedWinVerifyCacheInsert: \Device\HarddiskVolume2\Windows\System32\windows.storage.dll
62c4.84c: supR3HardenedWinVerifyCacheScheduleImports: Import todo: #0 'msvcp_win.dll'.
62c4.84c: supR3HardenedWinVerifyCacheScheduleImports: Import todo: #30 'oleaut32.dll'.
62c4.84c: supHardenedWinVerifyImageByHandle: -> 0 (\Device\HarddiskVolume2\Windows\System32\wldp.dll)
62c4.84c: supR3HardenedWinVerifyCacheInsert: \Device\HarddiskVolume2\Windows\System32\wldp.dll
62c4.84c: supR3HardenedDllNotificationCallback: load   00007ffadf670000 LB 0x0002b000 C:\WINDOWS\SYSTEM32\Wldp.dll [fFlags=0x0]
62c4.84c: supR3HardenedScreenImage/LdrLoadDll: cache hit (VINF_SUCCESS) on \Device\HarddiskVolume2\Windows\System32\wldp.dll [avoiding WinVerifyTrust]
62c4.84c: supR3HardenedDllNotificationCallback: load   00007ffaddcd0000 LB 0x007a5000 C:\WINDOWS\SYSTEM32\windows.storage.dll [fFlags=0x0]
62c4.84c: supR3HardenedScreenImage/LdrLoadDll: cache hit (VINF_SUCCESS) on \Device\HarddiskVolume2\Windows\System32\windows.storage.dll [avoiding WinVerifyTrust]
62c4.84c: supR3HardenedDllNotificationCallback: load   00007ffae2450000 LB 0x000ad000 C:\WINDOWS\System32\SHCORE.dll [fFlags=0x0]
62c4.84c: supR3HardenedWinVerifyCacheScheduleImports: Import todo: #0 'msvcrt.dll'.
62c4.84c: supR3HardenedWinVerifyCacheScheduleImports: Import todo: #42 'combase.dll'.
62c4.84c: supHardenedWinVerifyImageByHandle: -> 0 (\Device\HarddiskVolume2\Windows\System32\SHCore.dll)
62c4.84c: supR3HardenedWinVerifyCacheInsert: \Device\HarddiskVolume2\Windows\System32\SHCore.dll
62c4.84c: supR3HardenedDllNotificationCallback: load   00007ffae1c00000 LB 0x0005b000 C:\WINDOWS\System32\shlwapi.dll [fFlags=0x0]
62c4.84c: supR3HardenedWinVerifyCacheScheduleImports: Import todo: #1 'msvcrt.dll'.
62c4.84c: supHardenedWinVerifyImageByHandle: -> 0 (\Device\HarddiskVolume2\Windows\System32\shlwapi.dll)
62c4.84c: supR3HardenedWinVerifyCacheInsert: \Device\HarddiskVolume2\Windows\System32\shlwapi.dll
62c4.84c: supR3HardenedWinVerifyCacheProcessImportTodos: Processing 'msvcrt.dll'...
62c4.84c: supR3HardenedWinVerifyCacheProcessImportTodos: 'msvcrt.dll' -> '\Device\HarddiskVolume2\Windows\System32\msvcrt.dll' [rcNtRedir=0xc0150008]
62c4.84c: supR3HardenedWinVerifyCacheProcessImportTodos: Processing 'combase.dll'...
62c4.84c: supR3HardenedWinVerifyCacheProcessImportTodos: 'combase.dll' -> '\Device\HarddiskVolume2\Windows\System32\combase.dll' [rcNtRedir=0xc0150008]
62c4.84c: supR3HardenedScreenImage/Imports: cache hit (VINF_SUCCESS) on \Device\HarddiskVolume2\Windows\System32\combase.dll
62c4.84c: supR3HardenedWinVerifyCacheProcessImportTodos: Processing 'msvcrt.dll'...
62c4.84c: supR3HardenedWinVerifyCacheProcessImportTodos: 'msvcrt.dll' -> '\Device\HarddiskVolume2\Windows\System32\msvcrt.dll' [rcNtRedir=0xc0150008]
62c4.84c: supR3HardenedWinVerifyCacheProcessImportTodos: Processing 'oleaut32.dll'...
62c4.84c: supR3HardenedWinVerifyCacheProcessImportTodos: 'oleaut32.dll' -> '\Device\HarddiskVolume2\Windows\System32\oleaut32.dll' [rcNtRedir=0xc0150008]
62c4.84c: supR3HardenedScreenImage/Imports: cache hit (VINF_SUCCESS) on \Device\HarddiskVolume2\Windows\System32\oleaut32.dll
62c4.84c: supR3HardenedWinVerifyCacheProcessImportTodos: Processing 'msvcp_win.dll'...
62c4.84c: supR3HardenedWinVerifyCacheProcessImportTodos: 'msvcp_win.dll' -> '\Device\HarddiskVolume2\Windows\System32\msvcp_win.dll' [rcNtRedir=0xc0150008]
62c4.84c: supR3HardenedScreenImage/Imports: cache hit (VINF_SUCCESS) on \Device\HarddiskVolume2\Windows\System32\msvcp_win.dll
62c4.84c: supR3HardenedWinVerifyCacheProcessImportTodos: Processing 'wldp.dll'...
62c4.84c: supR3HardenedWinVerifyCacheProcessImportTodos: 'wldp.dll' -> '\Device\HarddiskVolume2\Windows\System32\wldp.dll' [rcNtRedir=0xc0150008]
62c4.84c: supR3HardenedScreenImage/Imports: cache hit (VINF_SUCCESS) on \Device\HarddiskVolume2\Windows\System32\wldp.dll [lacks WinVerifyTrust]
62c4.84c: supR3HardenedWinVerifyCacheProcessImportTodos: Processing 'msvcp_win.dll'...
62c4.84c: supR3HardenedWinVerifyCacheProcessImportTodos: 'msvcp_win.dll' -> '\Device\HarddiskVolume2\Windows\System32\msvcp_win.dll' [rcNtRedir=0xc0150008]
62c4.84c: supR3HardenedScreenImage/Imports: cache hit (VINF_SUCCESS) on \Device\HarddiskVolume2\Windows\System32\msvcp_win.dll
62c4.84c: supR3HardenedWinVerifyCacheProcessImportTodos: Processing 'combase.dll'...
62c4.84c: supR3HardenedWinVerifyCacheProcessImportTodos: 'combase.dll' -> '\Device\HarddiskVolume2\Windows\System32\combase.dll' [rcNtRedir=0xc0150008]
62c4.84c: supR3HardenedScreenImage/Imports: cache hit (VINF_SUCCESS) on \Device\HarddiskVolume2\Windows\System32\combase.dll
62c4.84c: supR3HardenedMonitor_LdrLoadDll: returns rcNt=0x0 hMod=00007ffadec80000 'C:\WINDOWS\system32\rsaenh.dll'
62c4.84c: supR3HardenedMonitor_LdrLoadDll: returns rcNt=0x0 hMod=00007ffae0070000 'C:\WINDOWS\System32\crypt32.dll'
62c4.84c: supR3HardenedWinVerifyCacheProcessWvtTodos: 0 (was 0) fWinVerifyTrust=1 for '\Device\HarddiskVolume2\Windows\System32\shlwapi.dll'
62c4.84c: supR3HardenedMonitor_LdrLoadDll: returns rcNt=0x0 hMod=00007ffadec80000 'C:\WINDOWS\system32\rsaenh.dll'
62c4.84c: supR3HardenedMonitor_LdrLoadDll: returns rcNt=0x0 hMod=00007ffae0070000 'C:\WINDOWS\System32\crypt32.dll'
62c4.84c: supR3HardenedWinVerifyCacheProcessWvtTodos: 0 (was 0) fWinVerifyTrust=1 for '\Device\HarddiskVolume2\Windows\System32\SHCore.dll'
62c4.84c: supR3HardenedMonitor_LdrLoadDll: returns rcNt=0x0 hMod=00007ffadec80000 'C:\WINDOWS\system32\rsaenh.dll'
62c4.84c: supR3HardenedMonitor_LdrLoadDll: returns rcNt=0x0 hMod=00007ffae0070000 'C:\WINDOWS\System32\crypt32.dll'
62c4.84c: supR3HardenedWinVerifyCacheProcessWvtTodos: 0 (was 0) fWinVerifyTrust=1 for '\Device\HarddiskVolume2\Windows\System32\wldp.dll'
62c4.84c: supR3HardenedMonitor_LdrLoadDll: returns rcNt=0x0 hMod=00007ffadec80000 'C:\WINDOWS\system32\rsaenh.dll'
62c4.84c: supR3HardenedMonitor_LdrLoadDll: returns rcNt=0x0 hMod=00007ffae0070000 'C:\WINDOWS\System32\crypt32.dll'
62c4.84c: supR3HardenedWinVerifyCacheProcessWvtTodos: 0 (was 0) fWinVerifyTrust=1 for '\Device\HarddiskVolume2\Windows\System32\windows.storage.dll'
62c4.84c: supR3HardenedMonitor_LdrLoadDll: returns rcNt=0x0 hMod=00007ffadec80000 'C:\WINDOWS\system32\rsaenh.dll'
62c4.84c: supR3HardenedMonitor_LdrLoadDll: returns rcNt=0x0 hMod=00007ffae0070000 'C:\WINDOWS\System32\crypt32.dll'
62c4.84c: supR3HardenedWinVerifyCacheScheduleImports: Import todo: #0 'advapi32.dll'.
62c4.84c: supR3HardenedWinVerifyCacheScheduleImports: Import todo: #1 'dwmapi.dll'.
62c4.84c: supR3HardenedWinVerifyCacheScheduleImports: Import todo: #2 'gdi32.dll'.
62c4.84c: supR3HardenedWinVerifyCacheScheduleImports: Import todo: #3 'imm32.dll'.
62c4.84c: supR3HardenedWinVerifyCacheScheduleImports: Import todo: #4 'ole32.dll'.
62c4.84c: supR3HardenedWinVerifyCacheScheduleImports: Import todo: #5 'oleaut32.dll'.
62c4.84c: supR3HardenedWinVerifyCacheScheduleImports: Import todo: #6 'setupapi.dll'.
62c4.84c: supR3HardenedWinVerifyCacheScheduleImports: Import todo: #7 'shell32.dll'.
62c4.84c: supR3HardenedWinVerifyCacheScheduleImports: Import todo: #8 'shlwapi.dll'.
62c4.84c: supR3HardenedWinVerifyCacheScheduleImports: Import todo: #9 'user32.dll'.
62c4.84c: supR3HardenedWinVerifyCacheScheduleImports: Import todo: #10 'winmm.dll'.
62c4.84c: supR3HardenedWinVerifyCacheScheduleImports: Import todo: #11 'wtsapi32.dll'.
62c4.84c: supR3HardenedWinVerifyCacheScheduleImports: Import todo: #13 'comdlg32.dll'.
62c4.84c: supR3HardenedWinVerifyCacheScheduleImports: Import todo: #14 'd3d9.dll'.
62c4.84c: supR3HardenedWinVerifyCacheScheduleImports: Import todo: #17 'qt6guivbox.dll'.
62c4.84c: supR3HardenedWinVerifyCacheScheduleImports: Import todo: #18 'qt6corevbox.dll'.
62c4.84c: supR3HardenedWinVerifyCacheScheduleImports: Import todo: #20 'msvcp140.dll'.
62c4.84c: supR3HardenedWinVerifyCacheScheduleImports: Import todo: #21 'vcruntime140.dll'.
62c4.84c: supR3HardenedWinVerifyCacheScheduleImports: Import todo: #22 'vcruntime140_1.dll'.
62c4.84c: supHardenedWinVerifyImageByHandle: -> 0 (\Device\HarddiskVolume2\Program Files\Oracle\VirtualBox\platforms\qwindowsVBox.dll) WinVerifyTrust
62c4.84c: supR3HardenedWinVerifyCacheInsert: \Device\HarddiskVolume2\Program Files\Oracle\VirtualBox\platforms\qwindowsVBox.dll
62c4.84c: supR3HardenedWinVerifyCacheProcessImportTodos: Processing 'vcruntime140_1.dll'...
62c4.84c: supR3HardenedWinVerifyCacheProcessImportTodos: 'vcruntime140_1.dll' -> '\Device\HarddiskVolume2\Windows\System32\vcruntime140_1.dll' [rcNtRedir=0xc0150008]
62c4.84c: supR3HardenedWinVerifyCacheProcessImportTodos: Processing 'vcruntime140.dll'...
62c4.84c: supR3HardenedWinVerifyCacheProcessImportTodos: 'vcruntime140.dll' -> '\Device\HarddiskVolume2\Windows\System32\vcruntime140.dll' [rcNtRedir=0xc0150008]
62c4.84c: supR3HardenedWinVerifyCacheProcessImportTodos: Processing 'msvcp140.dll'...
62c4.84c: supR3HardenedWinVerifyCacheProcessImportTodos: 'msvcp140.dll' -> '\Device\HarddiskVolume2\Windows\System32\msvcp140.dll' [rcNtRedir=0xc0150008]
62c4.84c: supR3HardenedWinVerifyCacheProcessImportTodos: Processing 'qt6corevbox.dll'...
62c4.84c: supR3HardenedWinVerifyCacheProcessImportTodos: 'qt6corevbox.dll' -> '\Device\HarddiskVolume2\Program Files\Oracle\VirtualBox\qt6corevbox.dll' [rcNtRedir=0xc0150008]
62c4.84c: supR3HardenedWinVerifyCacheProcessImportTodos: Processing 'qt6guivbox.dll'...
62c4.84c: supR3HardenedWinVerifyCacheProcessImportTodos: 'qt6guivbox.dll' -> '\Device\HarddiskVolume2\Program Files\Oracle\VirtualBox\qt6guivbox.dll' [rcNtRedir=0xc0150008]
62c4.84c: supR3HardenedScreenImage/Imports: cache hit (VINF_SUCCESS) on \Device\HarddiskVolume2\Program Files\Oracle\VirtualBox\Qt6GuiVBox.dll
62c4.84c: supR3HardenedWinVerifyCacheProcessImportTodos: Processing 'd3d9.dll'...
62c4.84c: supR3HardenedWinVerifyCacheProcessImportTodos: 'd3d9.dll' -> '\Device\HarddiskVolume2\Windows\System32\d3d9.dll' [rcNtRedir=0xc0150008]
62c4.84c: supR3HardenedMonitor_LdrLoadDll: returns rcNt=0x0 hMod=00007ffadec80000 'C:\WINDOWS\system32\rsaenh.dll'
62c4.84c: supR3HardenedMonitor_LdrLoadDll: returns rcNt=0x0 hMod=00007ffae0070000 'C:\WINDOWS\System32\crypt32.dll'
62c4.84c: supR3HardenedWinVerifyCacheScheduleImports: Import todo: #0 'msvcrt.dll'.
62c4.84c: supR3HardenedWinVerifyCacheScheduleImports: Import todo: #6 'user32.dll'.
62c4.84c: supR3HardenedWinVerifyCacheScheduleImports: Import todo: #9 'win32u.dll'.
62c4.84c: supR3HardenedWinVerifyCacheScheduleImports: Import todo: #10 'gdi32.dll'.
62c4.84c: supR3HardenedWinVerifyCacheScheduleImports: Import todo: #12 'dwmapi.dll'.
62c4.84c: supHardenedWinVerifyImageByHandle: -> 0 (\Device\HarddiskVolume2\Windows\System32\d3d9.dll) WinVerifyTrust
62c4.84c: supR3HardenedWinVerifyCacheInsert: \Device\HarddiskVolume2\Windows\System32\d3d9.dll
62c4.84c: supR3HardenedWinVerifyCacheProcessImportTodos: Processing 'comdlg32.dll'...
62c4.84c: supR3HardenedWinVerifyCacheProcessImportTodos: 'comdlg32.dll' -> '\Device\HarddiskVolume2\Windows\System32\comdlg32.dll' [rcNtRedir=0xc0150008]
62c4.84c: supR3HardNtViCallWinVerifyTrustCatFile: hFile=000000000000070c pwszName=\Device\HarddiskVolume2\Windows\System32\comdlg32.dll
62c4.84c: supR3HardNtViCallWinVerifyTrustCatFile: Cached context 000002185c23eba0
62c4.84c: supR3HardNtViCallWinVerifyTrustCatFile: hCatAdmin=000002185c23eba0
62c4.84c: supR3HardNtViCallWinVerifyTrustCatFile: cbHash=20 wszDigest=4227B44C44DD928E5F7831651DB12897D54B3045
62c4.84c: supR3HardenedWinVerifyCacheProcessImportTodos: Processing 'dwmapi.dll'...
62c4.84c: supR3HardenedWinVerifyCacheProcessImportTodos: 'dwmapi.dll' -> '\Device\HarddiskVolume2\Windows\System32\dwmapi.dll' [rcNtRedir=0xc0150008]
62c4.84c: supR3HardenedScreenImage/Imports: cache hit (VINF_SUCCESS) on \Device\HarddiskVolume2\Windows\System32\dwmapi.dll
62c4.84c: supR3HardenedWinVerifyCacheProcessImportTodos: Processing 'gdi32.dll'...
62c4.84c: supR3HardenedWinVerifyCacheProcessImportTodos: 'gdi32.dll' -> '\Device\HarddiskVolume2\Windows\System32\gdi32.dll' [rcNtRedir=0xc0150008]
62c4.84c: supR3HardenedWinVerifyCacheProcessImportTodos: Processing 'win32u.dll'...
62c4.84c: supR3HardenedWinVerifyCacheProcessImportTodos: 'win32u.dll' -> '\Device\HarddiskVolume2\Windows\System32\win32u.dll' [rcNtRedir=0xc0150008]
62c4.84c: supR3HardenedWinVerifyCacheProcessImportTodos: Processing 'user32.dll'...
62c4.84c: supR3HardenedWinVerifyCacheProcessImportTodos: 'user32.dll' -> '\Device\HarddiskVolume2\Windows\System32\user32.dll' [rcNtRedir=0xc0150008]
62c4.84c: supR3HardenedWinVerifyCacheProcessImportTodos: Processing 'msvcrt.dll'...
62c4.84c: supR3HardenedWinVerifyCacheProcessImportTodos: 'msvcrt.dll' -> '\Device\HarddiskVolume2\Windows\System32\msvcrt.dll' [rcNtRedir=0xc0150008]
62c4.84c: supR3HardenedScreenImage/Imports: cache hit (VINF_SUCCESS) on \Device\HarddiskVolume2\Windows\System32\msvcrt.dll
62c4.84c: supR3HardenedMonitor_LdrLoadDll: returns rcNt=0x0 hMod=00007ffadec80000 'C:\WINDOWS\system32\rsaenh.dll'
62c4.84c: supR3HardenedMonitor_LdrLoadDll: returns rcNt=0x0 hMod=00007ffae0070000 'C:\WINDOWS\System32\crypt32.dll'
62c4.84c: supR3HardNtViCallWinVerifyTrustCatFile: WinVerifyTrust => 0x0; cat='C:\WINDOWS\system32\CatRoot\{F750E6C3-38EE-11D1-85E5-00C04FC295EE}\Microsoft-Windows-Client-Desktop-Required-Package0517~31bf3856ad364e35~amd64~~10.0.19041.6456.cat'; file='\Device\HarddiskVolume2\Windows\System32\comdlg32.dll'
62c4.84c: supR3HardNtViCallWinVerifyTrustCatFile -> 0 (org 22900)
62c4.84c: supR3HardenedWinVerifyCacheScheduleImports: Import todo: #0 'msvcrt.dll'.
62c4.84c: supR3HardenedWinVerifyCacheScheduleImports: Import todo: #23 'rpcrt4.dll'.
62c4.84c: supR3HardenedWinVerifyCacheScheduleImports: Import todo: #37 'user32.dll'.
62c4.84c: supR3HardenedWinVerifyCacheScheduleImports: Import todo: #55 'shlwapi.dll'.
62c4.84c: supR3HardenedWinVerifyCacheScheduleImports: Import todo: #56 'gdi32.dll'.
62c4.84c: supR3HardenedWinVerifyCacheScheduleImports: Import todo: #57 'comctl32.dll'.
62c4.84c: supR3HardenedWinVerifyCacheScheduleImports: Import todo: #58 'shell32.dll'.
62c4.84c: supHardenedWinVerifyImageByHandle: -> 0 (\Device\HarddiskVolume2\Windows\System32\comdlg32.dll) WinVerifyTrust
62c4.84c: supR3HardenedWinVerifyCacheInsert: \Device\HarddiskVolume2\Windows\System32\comdlg32.dll
62c4.84c: supR3HardenedWinVerifyCacheProcessImportTodos: Processing 'wtsapi32.dll'...
62c4.84c: supR3HardenedWinVerifyCacheProcessImportTodos: 'wtsapi32.dll' -> '\Device\HarddiskVolume2\Windows\System32\wtsapi32.dll' [rcNtRedir=0xc0150008]
62c4.84c: supR3HardenedWinVerifyCacheProcessImportTodos: Processing 'shell32.dll'...
62c4.84c: supR3HardenedWinVerifyCacheProcessImportTodos: 'shell32.dll' -> '\Device\HarddiskVolume2\Windows\System32\shell32.dll' [rcNtRedir=0xc0150008]
62c4.84c: supR3HardenedScreenImage/Imports: cache hit (VINF_SUCCESS) on \Device\HarddiskVolume2\Windows\System32\shell32.dll
62c4.84c: supR3HardenedWinVerifyCacheProcessImportTodos: Processing 'comctl32.dll'...
62c4.84c: supR3HardenedWinVerifyCacheProcessImportTodos: 'comctl32.dll' -> '\Device\HarddiskVolume2\Windows\System32\comctl32.dll' [rcNtRedir=0x0]
62c4.84c: Detected WinVerifyTrust recursion: rc=VINF_SUCCESS '\Device\HarddiskVolume2\Windows\System32\comctl32.dll'.
62c4.84c: supR3HardenedWinVerifyCacheScheduleImports: Import todo: #1 'advapi32.dll'.
62c4.84c: supR3HardenedWinVerifyCacheScheduleImports: Import todo: #2 'gdi32.dll'.
62c4.84c: supR3HardenedWinVerifyCacheScheduleImports: Import todo: #4 'user32.dll'.
62c4.84c: supHardenedWinVerifyImageByHandle: -> 0 (\Device\HarddiskVolume2\Windows\System32\comctl32.dll)
62c4.84c: supR3HardenedWinVerifyCacheInsert: \Device\HarddiskVolume2\Windows\System32\comctl32.dll
62c4.84c: supR3HardenedWinVerifyCacheProcessImportTodos: Processing 'gdi32.dll'...
62c4.84c: supR3HardenedWinVerifyCacheProcessImportTodos: 'gdi32.dll' -> '\Device\HarddiskVolume2\Windows\System32\gdi32.dll' [rcNtRedir=0xc0150008]
62c4.84c: supR3HardenedWinVerifyCacheProcessImportTodos: Processing 'shlwapi.dll'...
62c4.84c: supR3HardenedWinVerifyCacheProcessImportTodos: 'shlwapi.dll' -> '\Device\HarddiskVolume2\Windows\System32\shlwapi.dll' [rcNtRedir=0xc0150008]
62c4.84c: supR3HardenedScreenImage/Imports: cache hit (VINF_SUCCESS) on \Device\HarddiskVolume2\Windows\System32\shlwapi.dll
62c4.84c: supR3HardenedWinVerifyCacheProcessImportTodos: Processing 'user32.dll'...
62c4.84c: supR3HardenedWinVerifyCacheProcessImportTodos: 'user32.dll' -> '\Device\HarddiskVolume2\Windows\System32\user32.dll' [rcNtRedir=0xc0150008]
62c4.84c: supR3HardenedWinVerifyCacheProcessImportTodos: Processing 'rpcrt4.dll'...
62c4.84c: supR3HardenedWinVerifyCacheProcessImportTodos: 'rpcrt4.dll' -> '\Device\HarddiskVolume2\Windows\System32\rpcrt4.dll' [rcNtRedir=0xc0150008]
62c4.84c: supR3HardenedScreenImage/Imports: cache hit (VINF_SUCCESS) on \Device\HarddiskVolume2\Windows\System32\rpcrt4.dll
62c4.84c: supR3HardenedWinVerifyCacheProcessImportTodos: Processing 'msvcrt.dll'...
62c4.84c: supR3HardenedWinVerifyCacheProcessImportTodos: 'msvcrt.dll' -> '\Device\HarddiskVolume2\Windows\System32\msvcrt.dll' [rcNtRedir=0xc0150008]
62c4.84c: supR3HardenedWinVerifyCacheProcessImportTodos: Processing 'user32.dll'...
62c4.84c: supR3HardenedWinVerifyCacheProcessImportTodos: 'user32.dll' -> '\Device\HarddiskVolume2\Windows\System32\user32.dll' [rcNtRedir=0xc0150008]
62c4.84c: supR3HardenedWinVerifyCacheProcessImportTodos: Processing 'gdi32.dll'...
62c4.84c: supR3HardenedWinVerifyCacheProcessImportTodos: 'gdi32.dll' -> '\Device\HarddiskVolume2\Windows\System32\gdi32.dll' [rcNtRedir=0xc0150008]
62c4.84c: supR3HardenedWinVerifyCacheProcessImportTodos: Processing 'advapi32.dll'...
62c4.84c: supR3HardenedWinVerifyCacheProcessImportTodos: 'advapi32.dll' -> '\Device\HarddiskVolume2\Windows\System32\advapi32.dll' [rcNtRedir=0xc0150008]
62c4.84c: supR3HardenedScreenImage/Imports: cache hit (VINF_SUCCESS) on \Device\HarddiskVolume2\Windows\System32\advapi32.dll
62c4.84c: supR3HardenedMonitor_LdrLoadDll: returns rcNt=0x0 hMod=00007ffadec80000 'C:\WINDOWS\system32\rsaenh.dll'
62c4.84c: supR3HardenedMonitor_LdrLoadDll: returns rcNt=0x0 hMod=00007ffae0070000 'C:\WINDOWS\System32\crypt32.dll'
62c4.84c: supR3HardenedWinVerifyCacheScheduleImports: Import todo: #0 'msvcrt.dll'.
62c4.84c: supHardenedWinVerifyImageByHandle: -> 0 (\Device\HarddiskVolume2\Windows\System32\wtsapi32.dll) WinVerifyTrust
62c4.84c: supR3HardenedWinVerifyCacheInsert: \Device\HarddiskVolume2\Windows\System32\wtsapi32.dll
62c4.84c: supR3HardenedWinVerifyCacheProcessImportTodos: Processing 'winmm.dll'...
62c4.84c: supR3HardenedWinVerifyCacheProcessImportTodos: 'winmm.dll' -> '\Device\HarddiskVolume2\Windows\System32\winmm.dll' [rcNtRedir=0xc0150008]
62c4.84c: supR3HardenedScreenImage/Imports: cache hit (VINF_SUCCESS) on \Device\HarddiskVolume2\Windows\System32\winmm.dll
62c4.84c: supR3HardenedWinVerifyCacheProcessImportTodos: Processing 'user32.dll'...
62c4.84c: supR3HardenedWinVerifyCacheProcessImportTodos: 'user32.dll' -> '\Device\HarddiskVolume2\Windows\System32\user32.dll' [rcNtRedir=0xc0150008]
62c4.84c: supR3HardenedWinVerifyCacheProcessImportTodos: Processing 'shlwapi.dll'...
62c4.84c: supR3HardenedWinVerifyCacheProcessImportTodos: 'shlwapi.dll' -> '\Device\HarddiskVolume2\Windows\System32\shlwapi.dll' [rcNtRedir=0xc0150008]
62c4.84c: supR3HardenedScreenImage/Imports: cache hit (VINF_SUCCESS) on \Device\HarddiskVolume2\Windows\System32\shlwapi.dll
62c4.84c: supR3HardenedWinVerifyCacheProcessImportTodos: Processing 'shell32.dll'...
62c4.84c: supR3HardenedWinVerifyCacheProcessImportTodos: 'shell32.dll' -> '\Device\HarddiskVolume2\Windows\System32\shell32.dll' [rcNtRedir=0xc0150008]
62c4.84c: supR3HardenedScreenImage/Imports: cache hit (VINF_SUCCESS) on \Device\HarddiskVolume2\Windows\System32\shell32.dll
62c4.84c: supR3HardenedWinVerifyCacheProcessImportTodos: Processing 'setupapi.dll'...
62c4.84c: supR3HardenedWinVerifyCacheProcessImportTodos: 'setupapi.dll' -> '\Device\HarddiskVolume2\Windows\System32\setupapi.dll' [rcNtRedir=0xc0150008]
62c4.84c: supR3HardenedWinVerifyCacheProcessImportTodos: Processing 'msvcrt.dll'...
62c4.84c: supR3HardenedWinVerifyCacheProcessImportTodos: 'msvcrt.dll' -> '\Device\HarddiskVolume2\Windows\System32\msvcrt.dll' [rcNtRedir=0xc0150008]
62c4.84c: supR3HardenedMonitor_LdrLoadDll: returns rcNt=0x0 hMod=00007ffadec80000 'C:\WINDOWS\system32\rsaenh.dll'
62c4.84c: supR3HardenedMonitor_LdrLoadDll: returns rcNt=0x0 hMod=00007ffae0070000 'C:\WINDOWS\System32\crypt32.dll'
62c4.84c: supR3HardenedWinVerifyCacheScheduleImports: Import todo: #0 'msvcrt.dll'.
62c4.84c: supR3HardenedWinVerifyCacheScheduleImports: Import todo: #28 'rpcrt4.dll'.
62c4.84c: supR3HardenedWinVerifyCacheScheduleImports: Import todo: #35 'cfgmgr32.dll'.
62c4.84c: supR3HardenedWinVerifyCacheScheduleImports: Import todo: #41 'bcrypt.dll'.
62c4.84c: supHardenedWinVerifyImageByHandle: -> 0 (\Device\HarddiskVolume2\Windows\System32\setupapi.dll) WinVerifyTrust
62c4.84c: supR3HardenedWinVerifyCacheInsert: \Device\HarddiskVolume2\Windows\System32\setupapi.dll
62c4.84c: supR3HardenedWinVerifyCacheProcessImportTodos: Processing 'oleaut32.dll'...
62c4.84c: supR3HardenedWinVerifyCacheProcessImportTodos: 'oleaut32.dll' -> '\Device\HarddiskVolume2\Windows\System32\oleaut32.dll' [rcNtRedir=0xc0150008]
62c4.84c: supR3HardenedScreenImage/Imports: cache hit (VINF_SUCCESS) on \Device\HarddiskVolume2\Windows\System32\oleaut32.dll
62c4.84c: supR3HardenedWinVerifyCacheProcessImportTodos: Processing 'ole32.dll'...
62c4.84c: supR3HardenedWinVerifyCacheProcessImportTodos: 'ole32.dll' -> '\Device\HarddiskVolume2\Windows\System32\ole32.dll' [rcNtRedir=0xc0150008]
62c4.84c: supR3HardenedScreenImage/Imports: cache hit (VINF_SUCCESS) on \Device\HarddiskVolume2\Windows\System32\ole32.dll
62c4.84c: supR3HardenedWinVerifyCacheProcessImportTodos: Processing 'imm32.dll'...
62c4.84c: supR3HardenedWinVerifyCacheProcessImportTodos: 'imm32.dll' -> '\Device\HarddiskVolume2\Windows\System32\imm32.dll' [rcNtRedir=0xc0150008]
62c4.84c: supR3HardenedScreenImage/Imports: cache hit (VINF_SUCCESS) on \Device\HarddiskVolume2\Windows\System32\imm32.dll
62c4.84c: supR3HardenedWinVerifyCacheProcessImportTodos: Processing 'gdi32.dll'...
62c4.84c: supR3HardenedWinVerifyCacheProcessImportTodos: 'gdi32.dll' -> '\Device\HarddiskVolume2\Windows\System32\gdi32.dll' [rcNtRedir=0xc0150008]
62c4.84c: supR3HardenedWinVerifyCacheProcessImportTodos: Processing 'dwmapi.dll'...
62c4.84c: supR3HardenedWinVerifyCacheProcessImportTodos: 'dwmapi.dll' -> '\Device\HarddiskVolume2\Windows\System32\dwmapi.dll' [rcNtRedir=0xc0150008]
62c4.84c: supR3HardenedScreenImage/Imports: cache hit (VINF_SUCCESS) on \Device\HarddiskVolume2\Windows\System32\dwmapi.dll
62c4.84c: supR3HardenedWinVerifyCacheProcessImportTodos: Processing 'advapi32.dll'...
62c4.84c: supR3HardenedWinVerifyCacheProcessImportTodos: 'advapi32.dll' -> '\Device\HarddiskVolume2\Windows\System32\advapi32.dll' [rcNtRedir=0xc0150008]
62c4.84c: supR3HardenedScreenImage/Imports: cache hit (VINF_SUCCESS) on \Device\HarddiskVolume2\Windows\System32\advapi32.dll
62c4.84c: supR3HardenedWinVerifyCacheProcessImportTodos: Processing 'bcrypt.dll'...
62c4.84c: supR3HardenedWinVerifyCacheProcessImportTodos: 'bcrypt.dll' -> '\Device\HarddiskVolume2\Windows\System32\bcrypt.dll' [rcNtRedir=0xc0150008]
62c4.84c: supR3HardenedScreenImage/Imports: cache hit (VINF_SUCCESS) on \Device\HarddiskVolume2\Windows\System32\bcrypt.dll
62c4.84c: supR3HardenedWinVerifyCacheProcessImportTodos: Processing 'cfgmgr32.dll'...
62c4.84c: supR3HardenedWinVerifyCacheProcessImportTodos: 'cfgmgr32.dll' -> '\Device\HarddiskVolume2\Windows\System32\cfgmgr32.dll' [rcNtRedir=0xc0150008]
62c4.84c: supR3HardenedMonitor_LdrLoadDll: returns rcNt=0x0 hMod=00007ffadec80000 'C:\WINDOWS\system32\rsaenh.dll'
62c4.84c: supR3HardenedMonitor_LdrLoadDll: returns rcNt=0x0 hMod=00007ffae0070000 'C:\WINDOWS\System32\crypt32.dll'
62c4.84c: supHardenedWinVerifyImageByHandle: -> 0 (\Device\HarddiskVolume2\Windows\System32\cfgmgr32.dll) WinVerifyTrust
62c4.84c: supR3HardenedWinVerifyCacheInsert: \Device\HarddiskVolume2\Windows\System32\cfgmgr32.dll
62c4.84c: supR3HardenedWinVerifyCacheProcessImportTodos: Processing 'rpcrt4.dll'...
62c4.84c: supR3HardenedWinVerifyCacheProcessImportTodos: 'rpcrt4.dll' -> '\Device\HarddiskVolume2\Windows\System32\rpcrt4.dll' [rcNtRedir=0xc0150008]
62c4.84c: supR3HardenedWinVerifyCacheProcessImportTodos: Processing 'msvcrt.dll'...
62c4.84c: supR3HardenedWinVerifyCacheProcessImportTodos: 'msvcrt.dll' -> '\Device\HarddiskVolume2\Windows\System32\msvcrt.dll' [rcNtRedir=0xc0150008]
62c4.84c: supR3HardenedMonitor_LdrLoadDll: pName=C:\Program Files\Oracle\VirtualBox\platforms\qwindowsVBox.dll (rcNtResolve=0xc0150008) *pfFlags=0x0 pwszSearchPath=0000000000000001:<flags> [calling]
62c4.84c: supR3HardenedScreenImage/NtCreateSection: cache hit (VINF_SUCCESS) on \Device\HarddiskVolume2\Program Files\Oracle\VirtualBox\platforms\qwindowsVBox.dll
62c4.84c: supR3HardenedScreenImage/NtCreateSection: cache hit (VINF_SUCCESS) on \Device\HarddiskVolume2\Windows\System32\wtsapi32.dll
62c4.84c: supR3HardenedWinVerifyCacheScheduleImports: Import todo: #1 'advapi32.dll'.
62c4.84c: supR3HardenedWinVerifyCacheScheduleImports: Import todo: #2 'gdi32.dll'.
62c4.84c: supR3HardenedWinVerifyCacheScheduleImports: Import todo: #4 'user32.dll'.
62c4.84c: supHardenedWinVerifyImageByHandle: -> 0 (\Device\HarddiskVolume2\Windows\WinSxS\amd64_microsoft.windows.common-controls_6595b64144ccf1df_5.82.19041.6280_none_792d7c952443c49a\comctl32.dll)
62c4.84c: supR3HardenedWinVerifyCacheInsert: \Device\HarddiskVolume2\Windows\WinSxS\amd64_microsoft.windows.common-controls_6595b64144ccf1df_5.82.19041.6280_none_792d7c952443c49a\comctl32.dll
62c4.84c: supR3HardenedScreenImage/NtCreateSection: cache hit (VINF_SUCCESS) on \Device\HarddiskVolume2\Windows\System32\d3d9.dll
62c4.84c: supR3HardenedDllNotificationCallback: load   00007ffae0550000 LB 0x0004e000 C:\WINDOWS\System32\cfgmgr32.dll [fFlags=0x0]
62c4.84c: supR3HardenedScreenImage/LdrLoadDll: cache hit (VINF_SUCCESS) on \Device\HarddiskVolume2\Windows\System32\cfgmgr32.dll
62c4.84c: supR3HardenedDllNotificationCallback: load   00007ffae1ec0000 LB 0x00470000 C:\WINDOWS\System32\SETUPAPI.dll [fFlags=0x0]
62c4.84c: supR3HardenedScreenImage/LdrLoadDll: cache hit (VINF_SUCCESS) on \Device\HarddiskVolume2\Windows\System32\setupapi.dll
62c4.84c: supR3HardenedDllNotificationCallback: load   00007ffadbb40000 LB 0x00014000 C:\WINDOWS\SYSTEM32\WTSAPI32.dll [fFlags=0x0]
62c4.84c: supR3HardenedScreenImage/LdrLoadDll: cache hit (VINF_SUCCESS) on \Device\HarddiskVolume2\Windows\System32\wtsapi32.dll
62c4.84c: supR3HardenedDllNotificationCallback: load   00007ffad2b30000 LB 0x000b0000 C:\WINDOWS\WinSxS\amd64_microsoft.windows.common-controls_6595b64144ccf1df_5.82.19041.6280_none_792d7c952443c49a\COMCTL32.dll [fFlags=0x0]
62c4.84c: supR3HardenedScreenImage/LdrLoadDll: cache hit (VINF_SUCCESS) on \Device\HarddiskVolume2\Windows\WinSxS\amd64_microsoft.windows.common-controls_6595b64144ccf1df_5.82.19041.6280_none_792d7c952443c49a\comctl32.dll [avoiding WinVerifyTrust]
62c4.84c: supR3HardenedDllNotificationCallback: load   00007ffae0a10000 LB 0x000da000 C:\WINDOWS\System32\COMDLG32.dll [fFlags=0x0]
62c4.84c: supR3HardenedScreenImage/LdrLoadDll: cache hit (VINF_SUCCESS) on \Device\HarddiskVolume2\Windows\System32\comdlg32.dll
62c4.84c: supR3HardenedDllNotificationCallback: load   00007ffaba040000 LB 0x001d1000 C:\WINDOWS\SYSTEM32\d3d9.dll [fFlags=0x0]
62c4.84c: supR3HardenedScreenImage/LdrLoadDll: cache hit (VINF_SUCCESS) on \Device\HarddiskVolume2\Windows\System32\d3d9.dll
62c4.84c: supR3HardenedDllNotificationCallback: load   00007ffa750e0000 LB 0x000cd000 C:\Program Files\Oracle\VirtualBox\platforms\qwindowsVBox.dll [fFlags=0x0]
62c4.84c: supR3HardenedScreenImage/LdrLoadDll: cache hit (VINF_SUCCESS) on \Device\HarddiskVolume2\Program Files\Oracle\VirtualBox\platforms\qwindowsVBox.dll
62c4.84c: Detected loader lock ownership: rc=VINF_SUCCESS '\Device\HarddiskVolume2\Windows\WinSxS\amd64_microsoft.windows.common-controls_6595b64144ccf1df_5.82.19041.6280_none_792d7c952443c49a\comctl32.dll'.
62c4.84c: supR3HardenedWinVerifyCacheProcessWvtTodos: 0 (was 0) fWinVerifyTrust=0 for '\Device\HarddiskVolume2\Windows\WinSxS\amd64_microsoft.windows.common-controls_6595b64144ccf1df_5.82.19041.6280_none_792d7c952443c49a\comctl32.dll' [rescheduled]
62c4.84c: Detected loader lock ownership: rc=VINF_SUCCESS '\Device\HarddiskVolume2\Windows\System32\comctl32.dll'.
62c4.84c: supR3HardenedWinVerifyCacheProcessWvtTodos: 0 (was 0) fWinVerifyTrust=0 for '\Device\HarddiskVolume2\Windows\System32\comctl32.dll' [rescheduled]
62c4.84c: supR3HardenedScreenImage/LdrLoadDll: cache hit (VINF_SUCCESS) on \Device\HarddiskVolume2\Windows\System32\imm32.dll
62c4.84c: supR3HardenedWinVerifyCacheProcessImportTodos: Processing 'user32.dll'...
62c4.84c: supR3HardenedWinVerifyCacheProcessImportTodos: 'user32.dll' -> '\Device\HarddiskVolume2\Windows\System32\user32.dll' [rcNtRedir=0xc0150008]
62c4.84c: supR3HardenedScreenImage/Imports: cache hit (VINF_SUCCESS) on \Device\HarddiskVolume2\Windows\System32\user32.dll
62c4.84c: supR3HardenedWinVerifyCacheProcessImportTodos: Processing 'gdi32.dll'...
62c4.84c: supR3HardenedWinVerifyCacheProcessImportTodos: 'gdi32.dll' -> '\Device\HarddiskVolume2\Windows\System32\gdi32.dll' [rcNtRedir=0xc0150008]
62c4.84c: supR3HardenedScreenImage/Imports: cache hit (VINF_SUCCESS) on \Device\HarddiskVolume2\Windows\System32\gdi32.dll
62c4.84c: supR3HardenedWinVerifyCacheProcessImportTodos: Processing 'advapi32.dll'...
62c4.84c: supR3HardenedWinVerifyCacheProcessImportTodos: 'advapi32.dll' -> '\Device\HarddiskVolume2\Windows\System32\advapi32.dll' [rcNtRedir=0xc0150008]
62c4.84c: supR3HardenedScreenImage/Imports: cache hit (VINF_SUCCESS) on \Device\HarddiskVolume2\Windows\System32\advapi32.dll
62c4.84c: supR3HardenedMonitor_LdrLoadDll: pName=C:\WINDOWS\System32\imm32.dll (Input=imm32.dll, rcNtResolve=0xc0150008) *pfFlags=0x0 pwszSearchPath=0000000000000001:<flags> [calling]
62c4.84c: supR3HardenedMonitor_LdrLoadDll: returns rcNt=0x0 hMod=00007ffae0d50000 'C:\WINDOWS\System32\imm32.dll'
62c4.84c: Detected loader lock ownership: rc=VINF_SUCCESS '\Device\HarddiskVolume2\Windows\WinSxS\amd64_microsoft.windows.common-controls_6595b64144ccf1df_5.82.19041.6280_none_792d7c952443c49a\comctl32.dll'.
62c4.84c: supR3HardenedWinVerifyCacheProcessWvtTodos: 0 (was 0) fWinVerifyTrust=0 for '\Device\HarddiskVolume2\Windows\WinSxS\amd64_microsoft.windows.common-controls_6595b64144ccf1df_5.82.19041.6280_none_792d7c952443c49a\comctl32.dll' [rescheduled]
62c4.84c: Detected loader lock ownership: rc=VINF_SUCCESS '\Device\HarddiskVolume2\Windows\System32\comctl32.dll'.
62c4.84c: supR3HardenedWinVerifyCacheProcessWvtTodos: 0 (was 0) fWinVerifyTrust=0 for '\Device\HarddiskVolume2\Windows\System32\comctl32.dll' [rescheduled]
62c4.84c: supR3HardenedMonitor_LdrLoadDll: returns rcNt=0x0 hMod=00007ffa750e0000 'C:\Program Files\Oracle\VirtualBox\platforms\qwindowsVBox.dll'
62c4.84c: supR3HardenedMonitor_LdrLoadDll: returns rcNt=0x0 hMod=00007ffadec80000 'C:\WINDOWS\system32\rsaenh.dll'
62c4.84c: supR3HardenedMonitor_LdrLoadDll: returns rcNt=0x0 hMod=00007ffae0070000 'C:\WINDOWS\System32\crypt32.dll'
62c4.84c: supR3HardenedWinVerifyCacheProcessWvtTodos: 0 (was 0) fWinVerifyTrust=1 for '\Device\HarddiskVolume2\Windows\WinSxS\amd64_microsoft.windows.common-controls_6595b64144ccf1df_5.82.19041.6280_none_792d7c952443c49a\comctl32.dll'
62c4.84c: supR3HardenedMonitor_LdrLoadDll: returns rcNt=0x0 hMod=00007ffadec80000 'C:\WINDOWS\system32\rsaenh.dll'
62c4.84c: supR3HardenedMonitor_LdrLoadDll: returns rcNt=0x0 hMod=00007ffae0070000 'C:\WINDOWS\System32\crypt32.dll'
62c4.84c: supR3HardenedWinVerifyCacheProcessWvtTodos: 0 (was 0) fWinVerifyTrust=1 for '\Device\HarddiskVolume2\Windows\System32\comctl32.dll'
62c4.84c: supR3HardenedScreenImage/LdrLoadDll: cache hit (VINF_SUCCESS) on \Device\HarddiskVolume2\Windows\System32\uxtheme.dll
62c4.84c: supR3HardenedMonitor_LdrLoadDll: pName=C:\WINDOWS\system32\uxtheme.dll (rcNtResolve=0xc0150008) *pfFlags=0x0 pwszSearchPath=0000000000000009:<flags> [calling]
62c4.84c: supR3HardenedMonitor_LdrLoadDll: returns rcNt=0x0 hMod=00007ffadd540000 'C:\WINDOWS\system32\uxtheme.dll'
62c4.84c: supR3HardenedWinVerifyCacheScheduleImports: Import todo: #12 'rpcrt4.dll'.
62c4.84c: supHardenedWinVerifyImageByHandle: -> 0 (\Device\HarddiskVolume2\Windows\System32\powrprof.dll)
62c4.84c: supR3HardenedWinVerifyCacheInsert: \Device\HarddiskVolume2\Windows\System32\powrprof.dll
62c4.84c: supR3HardenedDllNotificationCallback: load   00007ffadf1d0000 LB 0x0004b000 C:\WINDOWS\SYSTEM32\powrprof.dll [fFlags=0x0]
62c4.84c: supR3HardenedScreenImage/LdrLoadDll: cache hit (VINF_SUCCESS) on \Device\HarddiskVolume2\Windows\System32\powrprof.dll [avoiding WinVerifyTrust]
62c4.84c: supHardenedWinVerifyImageByHandle: -> 0 (\Device\HarddiskVolume2\Windows\System32\umpdc.dll)
62c4.84c: supR3HardenedWinVerifyCacheInsert: \Device\HarddiskVolume2\Windows\System32\umpdc.dll
62c4.84c: supR3HardenedDllNotificationCallback: load   00007ffadf040000 LB 0x00012000 C:\WINDOWS\SYSTEM32\UMPDC.dll [fFlags=0x0]
62c4.84c: supR3HardenedScreenImage/LdrLoadDll: cache hit (VINF_SUCCESS) on \Device\HarddiskVolume2\Windows\System32\umpdc.dll [avoiding WinVerifyTrust]
62c4.84c: supR3HardenedDllNotificationCallback: load   00007ffae07c0000 LB 0x00115000 C:\WINDOWS\System32\MSCTF.dll [fFlags=0x0]
62c4.84c: supR3HardenedWinVerifyCacheScheduleImports: Import todo: #0 'msvcrt.dll'.
62c4.84c: supR3HardenedWinVerifyCacheScheduleImports: Import todo: #10 'oleaut32.dll'.
62c4.84c: supR3HardenedWinVerifyCacheScheduleImports: Import todo: #37 'user32.dll'.
62c4.84c: supR3HardenedWinVerifyCacheScheduleImports: Import todo: #38 'gdi32.dll'.
62c4.84c: supR3HardenedWinVerifyCacheScheduleImports: Import todo: #39 'imm32.dll'.
62c4.84c: supHardenedWinVerifyImageByHandle: -> 0 (\Device\HarddiskVolume2\Windows\System32\msctf.dll)
62c4.84c: supR3HardenedWinVerifyCacheInsert: \Device\HarddiskVolume2\Windows\System32\msctf.dll
62c4.84c: supR3HardenedWinVerifyCacheScheduleImports: Import todo: #18 'cfgmgr32.dll'.
62c4.84c: supHardenedWinVerifyImageByHandle: -> 0 (\Device\HarddiskVolume2\Windows\System32\devobj.dll)
62c4.84c: supR3HardenedWinVerifyCacheInsert: \Device\HarddiskVolume2\Windows\System32\devobj.dll
62c4.84c: supR3HardenedDllNotificationCallback: load   00007ffadf9d0000 LB 0x00033000 C:\WINDOWS\SYSTEM32\DEVOBJ.dll [fFlags=0x0]
62c4.84c: supR3HardenedScreenImage/LdrLoadDll: cache hit (VINF_SUCCESS) on \Device\HarddiskVolume2\Windows\System32\devobj.dll [avoiding WinVerifyTrust]
62c4.84c: supR3HardenedWinVerifyCacheProcessImportTodos: Processing 'cfgmgr32.dll'...
62c4.84c: supR3HardenedWinVerifyCacheProcessImportTodos: 'cfgmgr32.dll' -> '\Device\HarddiskVolume2\Windows\System32\cfgmgr32.dll' [rcNtRedir=0xc0150008]
62c4.84c: supR3HardenedScreenImage/Imports: cache hit (VINF_SUCCESS) on \Device\HarddiskVolume2\Windows\System32\cfgmgr32.dll
62c4.84c: supR3HardenedWinVerifyCacheProcessImportTodos: Processing 'imm32.dll'...
62c4.84c: supR3HardenedWinVerifyCacheProcessImportTodos: 'imm32.dll' -> '\Device\HarddiskVolume2\Windows\System32\imm32.dll' [rcNtRedir=0xc0150008]
62c4.84c: supR3HardenedScreenImage/Imports: cache hit (VINF_SUCCESS) on \Device\HarddiskVolume2\Windows\System32\imm32.dll
62c4.84c: supR3HardenedWinVerifyCacheProcessImportTodos: Processing 'gdi32.dll'...
62c4.84c: supR3HardenedWinVerifyCacheProcessImportTodos: 'gdi32.dll' -> '\Device\HarddiskVolume2\Windows\System32\gdi32.dll' [rcNtRedir=0xc0150008]
62c4.84c: supR3HardenedWinVerifyCacheProcessImportTodos: Processing 'user32.dll'...
62c4.84c: supR3HardenedWinVerifyCacheProcessImportTodos: 'user32.dll' -> '\Device\HarddiskVolume2\Windows\System32\user32.dll' [rcNtRedir=0xc0150008]
62c4.84c: supR3HardenedWinVerifyCacheProcessImportTodos: Processing 'oleaut32.dll'...
62c4.84c: supR3HardenedWinVerifyCacheProcessImportTodos: 'oleaut32.dll' -> '\Device\HarddiskVolume2\Windows\System32\oleaut32.dll' [rcNtRedir=0xc0150008]
62c4.84c: supR3HardenedScreenImage/Imports: cache hit (VINF_SUCCESS) on \Device\HarddiskVolume2\Windows\System32\oleaut32.dll
62c4.84c: supR3HardenedWinVerifyCacheProcessImportTodos: Processing 'msvcrt.dll'...
62c4.84c: supR3HardenedWinVerifyCacheProcessImportTodos: 'msvcrt.dll' -> '\Device\HarddiskVolume2\Windows\System32\msvcrt.dll' [rcNtRedir=0xc0150008]
62c4.84c: supR3HardenedWinVerifyCacheProcessImportTodos: Processing 'rpcrt4.dll'...
62c4.84c: supR3HardenedWinVerifyCacheProcessImportTodos: 'rpcrt4.dll' -> '\Device\HarddiskVolume2\Windows\System32\rpcrt4.dll' [rcNtRedir=0xc0150008]
62c4.84c: supR3HardenedMonitor_LdrLoadDll: returns rcNt=0x0 hMod=00007ffadec80000 'C:\WINDOWS\system32\rsaenh.dll'
62c4.84c: supR3HardenedMonitor_LdrLoadDll: returns rcNt=0x0 hMod=00007ffae0070000 'C:\WINDOWS\System32\crypt32.dll'
62c4.84c: supR3HardenedWinVerifyCacheProcessWvtTodos: 0 (was 0) fWinVerifyTrust=1 for '\Device\HarddiskVolume2\Windows\System32\devobj.dll'
62c4.84c: supR3HardenedMonitor_LdrLoadDll: returns rcNt=0x0 hMod=00007ffadec80000 'C:\WINDOWS\system32\rsaenh.dll'
62c4.84c: supR3HardenedMonitor_LdrLoadDll: returns rcNt=0x0 hMod=00007ffae0070000 'C:\WINDOWS\System32\crypt32.dll'
62c4.84c: supR3HardenedWinVerifyCacheProcessWvtTodos: 0 (was 0) fWinVerifyTrust=1 for '\Device\HarddiskVolume2\Windows\System32\msctf.dll'
62c4.84c: supR3HardenedMonitor_LdrLoadDll: returns rcNt=0x0 hMod=00007ffadec80000 'C:\WINDOWS\system32\rsaenh.dll'
62c4.84c: supR3HardenedMonitor_LdrLoadDll: returns rcNt=0x0 hMod=00007ffae0070000 'C:\WINDOWS\System32\crypt32.dll'
62c4.84c: supR3HardenedWinVerifyCacheProcessWvtTodos: 0 (was 0) fWinVerifyTrust=1 for '\Device\HarddiskVolume2\Windows\System32\umpdc.dll'
62c4.84c: supR3HardenedMonitor_LdrLoadDll: returns rcNt=0x0 hMod=00007ffadec80000 'C:\WINDOWS\system32\rsaenh.dll'
62c4.84c: supR3HardenedMonitor_LdrLoadDll: returns rcNt=0x0 hMod=00007ffae0070000 'C:\WINDOWS\System32\crypt32.dll'
62c4.84c: supR3HardenedWinVerifyCacheProcessWvtTodos: 0 (was 0) fWinVerifyTrust=1 for '\Device\HarddiskVolume2\Windows\System32\powrprof.dll'
62c4.84c: supR3HardenedMonitor_LdrLoadDll: returns rcNt=0x0 hMod=00007ffadec80000 'C:\WINDOWS\system32\rsaenh.dll'
62c4.84c: supR3HardenedMonitor_LdrLoadDll: returns rcNt=0x0 hMod=00007ffae0070000 'C:\WINDOWS\System32\crypt32.dll'
62c4.84c: supR3HardenedWinVerifyCacheScheduleImports: Import todo: #0 'gdi32.dll'.
62c4.84c: supR3HardenedWinVerifyCacheScheduleImports: Import todo: #1 'user32.dll'.
62c4.84c: supR3HardenedWinVerifyCacheScheduleImports: Import todo: #2 'uxtheme.dll'.
62c4.84c: supR3HardenedWinVerifyCacheScheduleImports: Import todo: #3 'qt6widgetsvbox.dll'.
62c4.84c: supR3HardenedWinVerifyCacheScheduleImports: Import todo: #4 'qt6guivbox.dll'.
62c4.84c: supR3HardenedWinVerifyCacheScheduleImports: Import todo: #5 'qt6corevbox.dll'.
62c4.84c: supR3HardenedWinVerifyCacheScheduleImports: Import todo: #7 'vcruntime140.dll'.
62c4.84c: supR3HardenedWinVerifyCacheScheduleImports: Import todo: #8 'vcruntime140_1.dll'.
62c4.84c: supHardenedWinVerifyImageByHandle: -> 0 (\Device\HarddiskVolume2\Program Files\Oracle\VirtualBox\styles\qwindowsvistastyleVBox.dll) WinVerifyTrust
62c4.84c: supR3HardenedWinVerifyCacheInsert: \Device\HarddiskVolume2\Program Files\Oracle\VirtualBox\styles\qwindowsvistastyleVBox.dll
62c4.84c: supR3HardenedWinVerifyCacheProcessImportTodos: Processing 'vcruntime140_1.dll'...
62c4.84c: supR3HardenedWinVerifyCacheProcessImportTodos: 'vcruntime140_1.dll' -> '\Device\HarddiskVolume2\Windows\System32\vcruntime140_1.dll' [rcNtRedir=0xc0150008]
62c4.84c: supR3HardenedWinVerifyCacheProcessImportTodos: Processing 'vcruntime140.dll'...
62c4.84c: supR3HardenedWinVerifyCacheProcessImportTodos: 'vcruntime140.dll' -> '\Device\HarddiskVolume2\Windows\System32\vcruntime140.dll' [rcNtRedir=0xc0150008]
62c4.84c: supR3HardenedWinVerifyCacheProcessImportTodos: Processing 'qt6corevbox.dll'...
62c4.84c: supR3HardenedWinVerifyCacheProcessImportTodos: 'qt6corevbox.dll' -> '\Device\HarddiskVolume2\Program Files\Oracle\VirtualBox\qt6corevbox.dll' [rcNtRedir=0xc0150008]
62c4.84c: supR3HardenedWinVerifyCacheProcessImportTodos: Processing 'qt6guivbox.dll'...
62c4.84c: supR3HardenedWinVerifyCacheProcessImportTodos: 'qt6guivbox.dll' -> '\Device\HarddiskVolume2\Program Files\Oracle\VirtualBox\qt6guivbox.dll' [rcNtRedir=0xc0150008]
62c4.84c: supR3HardenedScreenImage/Imports: cache hit (VINF_SUCCESS) on \Device\HarddiskVolume2\Program Files\Oracle\VirtualBox\Qt6GuiVBox.dll
62c4.84c: supR3HardenedWinVerifyCacheProcessImportTodos: Processing 'qt6widgetsvbox.dll'...
62c4.84c: supR3HardenedWinVerifyCacheProcessImportTodos: 'qt6widgetsvbox.dll' -> '\Device\HarddiskVolume2\Program Files\Oracle\VirtualBox\qt6widgetsvbox.dll' [rcNtRedir=0xc0150008]
62c4.84c: supR3HardenedScreenImage/Imports: cache hit (VINF_SUCCESS) on \Device\HarddiskVolume2\Program Files\Oracle\VirtualBox\Qt6WidgetsVBox.dll
62c4.84c: supR3HardenedWinVerifyCacheProcessImportTodos: Processing 'uxtheme.dll'...
62c4.84c: supR3HardenedWinVerifyCacheProcessImportTodos: 'uxtheme.dll' -> '\Device\HarddiskVolume2\Windows\System32\uxtheme.dll' [rcNtRedir=0xc0150008]
62c4.84c: supR3HardenedScreenImage/Imports: cache hit (VINF_SUCCESS) on \Device\HarddiskVolume2\Windows\System32\uxtheme.dll
62c4.84c: supR3HardenedWinVerifyCacheProcessImportTodos: Processing 'user32.dll'...
62c4.84c: supR3HardenedWinVerifyCacheProcessImportTodos: 'user32.dll' -> '\Device\HarddiskVolume2\Windows\System32\user32.dll' [rcNtRedir=0xc0150008]
62c4.84c: supR3HardenedWinVerifyCacheProcessImportTodos: Processing 'gdi32.dll'...
62c4.84c: supR3HardenedWinVerifyCacheProcessImportTodos: 'gdi32.dll' -> '\Device\HarddiskVolume2\Windows\System32\gdi32.dll' [rcNtRedir=0xc0150008]
62c4.84c: supR3HardenedMonitor_LdrLoadDll: pName=C:\Program Files\Oracle\VirtualBox\styles\qwindowsvistastyleVBox.dll (rcNtResolve=0xc0150008) *pfFlags=0x0 pwszSearchPath=0000000000000001:<flags> [calling]
62c4.84c: supR3HardenedScreenImage/NtCreateSection: cache hit (VINF_SUCCESS) on \Device\HarddiskVolume2\Program Files\Oracle\VirtualBox\styles\qwindowsvistastyleVBox.dll
62c4.84c: supR3HardenedDllNotificationCallback: load   00007ffab4db0000 LB 0x00025000 C:\Program Files\Oracle\VirtualBox\styles\qwindowsvistastyleVBox.dll [fFlags=0x0]
62c4.84c: supR3HardenedScreenImage/LdrLoadDll: cache hit (VINF_SUCCESS) on \Device\HarddiskVolume2\Program Files\Oracle\VirtualBox\styles\qwindowsvistastyleVBox.dll
62c4.84c: supR3HardenedMonitor_LdrLoadDll: returns rcNt=0x0 hMod=00007ffab4db0000 'C:\Program Files\Oracle\VirtualBox\styles\qwindowsvistastyleVBox.dll'
62c4.84c: supR3HardenedScreenImage/LdrLoadDll: cache hit (VINF_SUCCESS) on \Device\HarddiskVolume2\Windows\System32\uxtheme.dll
62c4.84c: supR3HardenedMonitor_LdrLoadDll: pName=C:\WINDOWS\System32\uxtheme.dll (Input=uxtheme.dll, rcNtResolve=0xc0150008) *pfFlags=0x0 pwszSearchPath=0000000000000801:<flags> [calling]
62c4.84c: supR3HardenedMonitor_LdrLoadDll: returns rcNt=0x0 hMod=00007ffadd540000 'C:\WINDOWS\System32\uxtheme.dll'
62c4.84c: supR3HardenedMonitor_LdrLoadDll: returns rcNt=0x0 hMod=00007ffadec80000 'C:\WINDOWS\system32\rsaenh.dll'
62c4.84c: supR3HardenedMonitor_LdrLoadDll: returns rcNt=0x0 hMod=00007ffae0070000 'C:\WINDOWS\System32\crypt32.dll'
62c4.84c: supR3HardenedWinVerifyCacheScheduleImports: Import todo: #0 'msvcrt.dll'.
62c4.84c: supR3HardenedWinVerifyCacheScheduleImports: Import todo: #38 'gdi32.dll'.
62c4.84c: supR3HardenedWinVerifyCacheScheduleImports: Import todo: #39 'user32.dll'.
62c4.84c: supHardenedWinVerifyImageByHandle: -> 0 (\Device\HarddiskVolume2\Windows\WinSxS\amd64_microsoft.windows.common-controls_6595b64144ccf1df_6.0.19041.6456_none_60b8a6cb71f64256\comctl32.dll) WinVerifyTrust
62c4.84c: supR3HardenedWinVerifyCacheInsert: \Device\HarddiskVolume2\Windows\WinSxS\amd64_microsoft.windows.common-controls_6595b64144ccf1df_6.0.19041.6456_none_60b8a6cb71f64256\comctl32.dll
62c4.84c: supR3HardenedWinVerifyCacheProcessImportTodos: Processing 'user32.dll'...
62c4.84c: supR3HardenedWinVerifyCacheProcessImportTodos: 'user32.dll' -> '\Device\HarddiskVolume2\Windows\System32\user32.dll' [rcNtRedir=0xc0150008]
62c4.84c: supR3HardenedWinVerifyCacheProcessImportTodos: Processing 'gdi32.dll'...
62c4.84c: supR3HardenedWinVerifyCacheProcessImportTodos: 'gdi32.dll' -> '\Device\HarddiskVolume2\Windows\System32\gdi32.dll' [rcNtRedir=0xc0150008]
62c4.84c: supR3HardenedWinVerifyCacheProcessImportTodos: Processing 'msvcrt.dll'...
62c4.84c: supR3HardenedWinVerifyCacheProcessImportTodos: 'msvcrt.dll' -> '\Device\HarddiskVolume2\Windows\System32\msvcrt.dll' [rcNtRedir=0xc0150008]
62c4.84c: supR3HardenedMonitor_LdrLoadDll: pName=C:\WINDOWS\WinSxS\amd64_microsoft.windows.common-controls_6595b64144ccf1df_6.0.19041.6456_none_60b8a6cb71f64256\comctl32.dll (Input=comctl32.dll, rcNtResolve=0x0) *pfFlags=0x0 pwszSearchPath=0000000000004001:<flags> [calling]
62c4.84c: supR3HardenedScreenImage/NtCreateSection: cache hit (VINF_SUCCESS) on \Device\HarddiskVolume2\Windows\WinSxS\amd64_microsoft.windows.common-controls_6595b64144ccf1df_6.0.19041.6456_none_60b8a6cb71f64256\comctl32.dll
62c4.84c: supR3HardenedDllNotificationCallback: load   00007ffad2d00000 LB 0x0029b000 C:\WINDOWS\WinSxS\amd64_microsoft.windows.common-controls_6595b64144ccf1df_6.0.19041.6456_none_60b8a6cb71f64256\comctl32.dll [fFlags=0x0]
62c4.84c: supR3HardenedScreenImage/LdrLoadDll: cache hit (VINF_SUCCESS) on \Device\HarddiskVolume2\Windows\WinSxS\amd64_microsoft.windows.common-controls_6595b64144ccf1df_6.0.19041.6456_none_60b8a6cb71f64256\comctl32.dll
62c4.84c: supR3HardenedMonitor_LdrLoadDll: returns rcNt=0x0 hMod=00007ffad2d00000 'C:\WINDOWS\WinSxS\amd64_microsoft.windows.common-controls_6595b64144ccf1df_6.0.19041.6456_none_60b8a6cb71f64256\comctl32.dll'
62c4.84c: supR3HardenedScreenImage/LdrLoadDll: cache hit (VINF_SUCCESS) on \Device\HarddiskVolume2\Windows\WinSxS\amd64_microsoft.windows.common-controls_6595b64144ccf1df_6.0.19041.6456_none_60b8a6cb71f64256\comctl32.dll
62c4.84c: supR3HardenedMonitor_LdrLoadDll: pName=C:\WINDOWS\WinSxS\amd64_microsoft.windows.common-controls_6595b64144ccf1df_6.0.19041.6456_none_60b8a6cb71f64256\comctl32.dll (Input=comctl32.dll, rcNtResolve=0x0) *pfFlags=0x0 pwszSearchPath=0000000000004001:<flags> [calling]
62c4.84c: supR3HardenedMonitor_LdrLoadDll: returns rcNt=0x0 hMod=00007ffad2d00000 'C:\WINDOWS\WinSxS\amd64_microsoft.windows.common-controls_6595b64144ccf1df_6.0.19041.6456_none_60b8a6cb71f64256\comctl32.dll'
62c4.84c: supR3HardenedWinVerifyCacheScheduleImports: Import todo: #0 'msvcrt.dll'.
62c4.84c: supR3HardenedWinVerifyCacheScheduleImports: Import todo: #1 'oleaut32.dll'.
62c4.84c: supR3HardenedWinVerifyCacheScheduleImports: Import todo: #3 'rpcrt4.dll'.
62c4.84c: supR3HardenedWinVerifyCacheScheduleImports: Import todo: #25 'bcrypt.dll'.
62c4.84c: supHardenedWinVerifyImageByHandle: -> 0 (\Device\HarddiskVolume2\Windows\System32\WindowsCodecs.dll)
62c4.84c: supR3HardenedWinVerifyCacheInsert: \Device\HarddiskVolume2\Windows\System32\WindowsCodecs.dll
62c4.84c: supR3HardenedDllNotificationCallback: load   00007ffadd2f0000 LB 0x001b6000 C:\WINDOWS\SYSTEM32\WindowsCodecs.dll [fFlags=0x0]
62c4.84c: supR3HardenedScreenImage/LdrLoadDll: cache hit (VINF_SUCCESS) on \Device\HarddiskVolume2\Windows\System32\WindowsCodecs.dll [avoiding WinVerifyTrust]
62c4.84c: supR3HardenedDllNotificationCallback: load   00007ffae23a0000 LB 0x000a9000 C:\WINDOWS\System32\clbcatq.dll [fFlags=0x0]
62c4.84c: supR3HardenedWinVerifyCacheScheduleImports: Import todo: #0 'msvcrt.dll'.
62c4.84c: supR3HardenedWinVerifyCacheScheduleImports: Import todo: #30 'rpcrt4.dll'.
62c4.84c: supHardenedWinVerifyImageByHandle: -> 0 (\Device\HarddiskVolume2\Windows\System32\clbcatq.dll)
62c4.84c: supR3HardenedWinVerifyCacheInsert: \Device\HarddiskVolume2\Windows\System32\clbcatq.dll
62c4.84c: supR3HardenedWinVerifyCacheProcessImportTodos: Processing 'rpcrt4.dll'...
62c4.84c: supR3HardenedWinVerifyCacheProcessImportTodos: 'rpcrt4.dll' -> '\Device\HarddiskVolume2\Windows\System32\rpcrt4.dll' [rcNtRedir=0xc0150008]
62c4.84c: supR3HardenedWinVerifyCacheProcessImportTodos: Processing 'msvcrt.dll'...
62c4.84c: supR3HardenedWinVerifyCacheProcessImportTodos: 'msvcrt.dll' -> '\Device\HarddiskVolume2\Windows\System32\msvcrt.dll' [rcNtRedir=0xc0150008]
62c4.84c: supR3HardenedWinVerifyCacheProcessImportTodos: Processing 'bcrypt.dll'...
62c4.84c: supR3HardenedWinVerifyCacheProcessImportTodos: 'bcrypt.dll' -> '\Device\HarddiskVolume2\Windows\System32\bcrypt.dll' [rcNtRedir=0xc0150008]
62c4.84c: supR3HardenedScreenImage/Imports: cache hit (VINF_SUCCESS) on \Device\HarddiskVolume2\Windows\System32\bcrypt.dll
62c4.84c: supR3HardenedWinVerifyCacheProcessImportTodos: Processing 'rpcrt4.dll'...
62c4.84c: supR3HardenedWinVerifyCacheProcessImportTodos: 'rpcrt4.dll' -> '\Device\HarddiskVolume2\Windows\System32\rpcrt4.dll' [rcNtRedir=0xc0150008]
62c4.84c: supR3HardenedWinVerifyCacheProcessImportTodos: Processing 'oleaut32.dll'...
62c4.84c: supR3HardenedWinVerifyCacheProcessImportTodos: 'oleaut32.dll' -> '\Device\HarddiskVolume2\Windows\System32\oleaut32.dll' [rcNtRedir=0xc0150008]
62c4.84c: supR3HardenedScreenImage/Imports: cache hit (VINF_SUCCESS) on \Device\HarddiskVolume2\Windows\System32\oleaut32.dll
62c4.84c: supR3HardenedWinVerifyCacheProcessImportTodos: Processing 'msvcrt.dll'...
62c4.84c: supR3HardenedWinVerifyCacheProcessImportTodos: 'msvcrt.dll' -> '\Device\HarddiskVolume2\Windows\System32\msvcrt.dll' [rcNtRedir=0xc0150008]
62c4.84c: supR3HardenedMonitor_LdrLoadDll: returns rcNt=0x0 hMod=00007ffadec80000 'C:\WINDOWS\system32\rsaenh.dll'
62c4.84c: supR3HardenedMonitor_LdrLoadDll: returns rcNt=0x0 hMod=00007ffae0070000 'C:\WINDOWS\System32\crypt32.dll'
62c4.84c: supR3HardenedWinVerifyCacheProcessWvtTodos: 0 (was 0) fWinVerifyTrust=1 for '\Device\HarddiskVolume2\Windows\System32\clbcatq.dll'
62c4.84c: supR3HardenedMonitor_LdrLoadDll: returns rcNt=0x0 hMod=00007ffadec80000 'C:\WINDOWS\system32\rsaenh.dll'
62c4.84c: supR3HardenedMonitor_LdrLoadDll: returns rcNt=0x0 hMod=00007ffae0070000 'C:\WINDOWS\System32\crypt32.dll'
62c4.84c: supR3HardenedWinVerifyCacheProcessWvtTodos: 0 (was 0) fWinVerifyTrust=1 for '\Device\HarddiskVolume2\Windows\System32\WindowsCodecs.dll'
62c4.84c: supR3HardenedMonitor_LdrLoadDll: returns rcNt=0x0 hMod=00007ffadec80000 'C:\WINDOWS\system32\rsaenh.dll'
62c4.84c: supR3HardenedMonitor_LdrLoadDll: returns rcNt=0x0 hMod=00007ffae0070000 'C:\WINDOWS\System32\crypt32.dll'
62c4.84c: supR3HardenedWinVerifyCacheScheduleImports: Import todo: #11 'shcore.dll'.
62c4.84c: supR3HardenedWinVerifyCacheScheduleImports: Import todo: #12 'rpcrt4.dll'.
62c4.84c: supHardenedWinVerifyImageByHandle: -> 0 (\Device\HarddiskVolume2\Windows\System32\thumbcache.dll) WinVerifyTrust
62c4.84c: supR3HardenedWinVerifyCacheInsert: \Device\HarddiskVolume2\Windows\System32\thumbcache.dll
62c4.84c: supR3HardenedWinVerifyCacheProcessImportTodos: Processing 'rpcrt4.dll'...
62c4.84c: supR3HardenedWinVerifyCacheProcessImportTodos: 'rpcrt4.dll' -> '\Device\HarddiskVolume2\Windows\System32\rpcrt4.dll' [rcNtRedir=0xc0150008]
62c4.84c: supR3HardenedWinVerifyCacheProcessImportTodos: Processing 'shcore.dll'...
62c4.84c: supR3HardenedWinVerifyCacheProcessImportTodos: 'shcore.dll' -> '\Device\HarddiskVolume2\Windows\System32\shcore.dll' [rcNtRedir=0xc0150008]
62c4.84c: supR3HardenedScreenImage/Imports: cache hit (VINF_SUCCESS) on \Device\HarddiskVolume2\Windows\System32\SHCore.dll
62c4.84c: supR3HardenedMonitor_LdrLoadDll: pName=C:\Windows\System32\thumbcache.dll (rcNtResolve=0xc0150008) *pfFlags=0x0 pwszSearchPath=0000000000002009:<flags> [calling]
62c4.84c: supR3HardenedScreenImage/NtCreateSection: cache hit (VINF_SUCCESS) on \Device\HarddiskVolume2\Windows\System32\thumbcache.dll
62c4.84c: supR3HardenedDllNotificationCallback: load   00007ffa9a410000 LB 0x00067000 C:\Windows\System32\thumbcache.dll [fFlags=0x0]
62c4.84c: supR3HardenedScreenImage/LdrLoadDll: cache hit (VINF_SUCCESS) on \Device\HarddiskVolume2\Windows\System32\thumbcache.dll
62c4.84c: supR3HardenedMonitor_LdrLoadDll: returns rcNt=0x0 hMod=00007ffa9a410000 'C:\Windows\System32\thumbcache.dll'
62c4.84c: '\Device\HarddiskVolume2\Windows\System32\imageres.dll' has no imports
62c4.84c: supHardenedWinVerifyImageByHandle: -> 22900 (\Device\HarddiskVolume2\Windows\System32\imageres.dll)
62c4.84c: supR3HardenedWinVerifyCacheInsert: \Device\HarddiskVolume2\Windows\System32\imageres.dll
62c4.84c: supR3HardenedMonitor_NtCreateSection: NtMapViewOfSection failed on 00000000000007bc (hFile=0000000000000558) with 0xc0000022 -> STATUS_TRUST_FAILURE
62c4.84c: supR3HardenedWinVerifyCacheScheduleImports: Import todo: #0 'msvcp110_win.dll'.
62c4.84c: supR3HardenedWinVerifyCacheScheduleImports: Import todo: #1 'msvcrt.dll'.
62c4.84c: supR3HardenedWinVerifyCacheScheduleImports: Import todo: #12 'rpcrt4.dll'.
62c4.84c: supHardenedWinVerifyImageByHandle: -> 0 (\Device\HarddiskVolume2\Windows\System32\policymanager.dll)
62c4.84c: supR3HardenedWinVerifyCacheInsert: \Device\HarddiskVolume2\Windows\System32\policymanager.dll
62c4.84c: supR3HardenedWinVerifyCacheScheduleImports: Import todo: #0 'msvcrt.dll'.
62c4.84c: supHardenedWinVerifyImageByHandle: -> 0 (\Device\HarddiskVolume2\Windows\System32\msvcp110_win.dll)
62c4.84c: supR3HardenedWinVerifyCacheInsert: \Device\HarddiskVolume2\Windows\System32\msvcp110_win.dll
62c4.84c: supR3HardenedDllNotificationCallback: load   00007ffaded10000 LB 0x0008a000 C:\WINDOWS\SYSTEM32\msvcp110_win.dll [fFlags=0x0]
62c4.84c: supR3HardenedScreenImage/LdrLoadDll: cache hit (VINF_SUCCESS) on \Device\HarddiskVolume2\Windows\System32\msvcp110_win.dll [avoiding WinVerifyTrust]
62c4.84c: supR3HardenedDllNotificationCallback: load   00007ffadcf90000 LB 0x000a1000 C:\WINDOWS\SYSTEM32\policymanager.dll [fFlags=0x0]
62c4.84c: supR3HardenedScreenImage/LdrLoadDll: cache hit (VINF_SUCCESS) on \Device\HarddiskVolume2\Windows\System32\policymanager.dll [avoiding WinVerifyTrust]
62c4.84c: supR3HardenedWinVerifyCacheProcessImportTodos: Processing 'msvcrt.dll'...
62c4.84c: supR3HardenedWinVerifyCacheProcessImportTodos: 'msvcrt.dll' -> '\Device\HarddiskVolume2\Windows\System32\msvcrt.dll' [rcNtRedir=0xc0150008]
62c4.84c: supR3HardenedWinVerifyCacheProcessImportTodos: Processing 'rpcrt4.dll'...
62c4.84c: supR3HardenedWinVerifyCacheProcessImportTodos: 'rpcrt4.dll' -> '\Device\HarddiskVolume2\Windows\System32\rpcrt4.dll' [rcNtRedir=0xc0150008]
62c4.84c: supR3HardenedWinVerifyCacheProcessImportTodos: Processing 'msvcrt.dll'...
62c4.84c: supR3HardenedWinVerifyCacheProcessImportTodos: 'msvcrt.dll' -> '\Device\HarddiskVolume2\Windows\System32\msvcrt.dll' [rcNtRedir=0xc0150008]
62c4.84c: supR3HardenedWinVerifyCacheProcessImportTodos: Processing 'msvcp110_win.dll'...
62c4.84c: supR3HardenedWinVerifyCacheProcessImportTodos: 'msvcp110_win.dll' -> '\Device\HarddiskVolume2\Windows\System32\msvcp110_win.dll' [rcNtRedir=0xc0150008]
62c4.84c: supR3HardenedScreenImage/Imports: cache hit (VINF_SUCCESS) on \Device\HarddiskVolume2\Windows\System32\msvcp110_win.dll [lacks WinVerifyTrust]
62c4.84c: supR3HardenedMonitor_LdrLoadDll: returns rcNt=0x0 hMod=00007ffadec80000 'C:\WINDOWS\system32\rsaenh.dll'
62c4.84c: supR3HardenedMonitor_LdrLoadDll: returns rcNt=0x0 hMod=00007ffae0070000 'C:\WINDOWS\System32\crypt32.dll'
62c4.84c: supR3HardenedWinVerifyCacheProcessWvtTodos: 0 (was 0) fWinVerifyTrust=1 for '\Device\HarddiskVolume2\Windows\System32\msvcp110_win.dll'
62c4.84c: supR3HardenedMonitor_LdrLoadDll: returns rcNt=0x0 hMod=00007ffadec80000 'C:\WINDOWS\system32\rsaenh.dll'
62c4.84c: supR3HardenedMonitor_LdrLoadDll: returns rcNt=0x0 hMod=00007ffae0070000 'C:\WINDOWS\System32\crypt32.dll'
62c4.84c: supR3HardenedWinVerifyCacheProcessWvtTodos: 0 (was 0) fWinVerifyTrust=1 for '\Device\HarddiskVolume2\Windows\System32\policymanager.dll'
62c4.84c: supR3HardNtViCallWinVerifyTrustCatFile: hFile=0000000000000424 pwszName=\Device\HarddiskVolume2\Windows\System32\imageres.dll
62c4.84c: supR3HardNtViCallWinVerifyTrustCatFile: Cached context 000002185c23eba0
62c4.84c: supR3HardNtViCallWinVerifyTrustCatFile: hCatAdmin=000002185c23eba0
62c4.84c: supR3HardNtViCallWinVerifyTrustCatFile: cbHash=20 wszDigest=E57DB24C441C536493607C84FB02B59BE1151BF9
62c4.84c: supR3HardenedMonitor_LdrLoadDll: returns rcNt=0x0 hMod=00007ffadec80000 'C:\WINDOWS\system32\rsaenh.dll'
62c4.84c: supR3HardenedMonitor_LdrLoadDll: returns rcNt=0x0 hMod=00007ffae0070000 'C:\WINDOWS\System32\crypt32.dll'
62c4.84c: supR3HardNtViCallWinVerifyTrustCatFile: WinVerifyTrust => 0x0; cat='C:\WINDOWS\system32\CatRoot\{F750E6C3-38EE-11D1-85E5-00C04FC295EE}\Microsoft-Windows-Client-Desktop-Required-Package04~31bf3856ad364e35~amd64~~10.0.19041.6466.cat'; file='\Device\HarddiskVolume2\Windows\System32\imageres.dll'
62c4.84c: supR3HardNtViCallWinVerifyTrustCatFile -> 0 (org 22900)
62c4.84c: supR3HardenedWinVerifyCacheProcessWvtTodos: 0 (was 22900) fWinVerifyTrust=1 for '\Device\HarddiskVolume2\Windows\System32\imageres.dll'
62c4.84c: supR3HardenedScreenImage/LdrLoadDll: cache hit (VINF_SUCCESS) on \Device\HarddiskVolume2\Windows\System32\WindowsCodecs.dll
62c4.84c: supR3HardenedMonitor_LdrLoadDll: pName=C:\WINDOWS\system32\windowscodecs.dll (rcNtResolve=0xc0150008) *pfFlags=0x0 pwszSearchPath=0000000000002009:<flags> [calling]
62c4.84c: supR3HardenedMonitor_LdrLoadDll: returns rcNt=0x0 hMod=00007ffadd2f0000 'C:\WINDOWS\system32\windowscodecs.dll'
62c4.84c: supR3HardenedScreenImage/NtCreateSection: cache hit (VINF_SUCCESS) on \Device\HarddiskVolume2\Windows\System32\imageres.dll
62c4.84c: supR3HardenedMonitor_NtCreateSection: NtMapViewOfSection failed on 0000000000000838 (hFile=0000000000000824) with 0xc0000022 -> STATUS_TRUST_FAILURE
62c4.84c: supR3HardenedScreenImage/NtCreateSection: cache hit (VINF_SUCCESS) on \Device\HarddiskVolume2\Windows\System32\imageres.dll
62c4.84c: supR3HardenedMonitor_NtCreateSection: NtMapViewOfSection failed on 0000000000000814 (hFile=0000000000000810) with 0xc0000022 -> STATUS_TRUST_FAILURE
62c4.84c: supR3HardenedScreenImage/NtCreateSection: cache hit (VINF_SUCCESS) on \Device\HarddiskVolume2\Windows\System32\imageres.dll
62c4.84c: supR3HardenedMonitor_NtCreateSection: NtMapViewOfSection failed on 0000000000000814 (hFile=000000000000083c) with 0xc0000022 -> STATUS_TRUST_FAILURE
62c4.50f4: supR3HardenedMonitor_LdrLoadDll: returns rcNt=0x0 hMod=00007ffadec80000 'C:\WINDOWS\system32\rsaenh.dll'
62c4.50f4: supR3HardenedMonitor_LdrLoadDll: returns rcNt=0x0 hMod=00007ffae0070000 'C:\WINDOWS\System32\crypt32.dll'
62c4.50f4: supR3HardenedWinVerifyCacheScheduleImports: Import todo: #0 'vcruntime140.dll'.
62c4.50f4: supR3HardenedWinVerifyCacheScheduleImports: Import todo: #1 'vcruntime140_1.dll'.
62c4.50f4: supR3HardenedWinVerifyCacheScheduleImports: Import todo: #2 'msvcp140.dll'.
62c4.50f4: supR3HardenedWinVerifyCacheScheduleImports: Import todo: #3 'vboxrt.dll'.
62c4.50f4: supR3HardenedWinVerifyCacheScheduleImports: Import todo: #13 'advapi32.dll'.
62c4.50f4: supR3HardenedWinVerifyCacheScheduleImports: Import todo: #14 'ole32.dll'.
62c4.50f4: supR3HardenedWinVerifyCacheScheduleImports: Import todo: #15 'oleaut32.dll'.
62c4.50f4: supHardenedWinVerifyImageByHandle: -> 0 (\Device\HarddiskVolume2\Program Files\Oracle\VirtualBox\VBoxC.dll) WinVerifyTrust
62c4.50f4: supR3HardenedWinVerifyCacheInsert: \Device\HarddiskVolume2\Program Files\Oracle\VirtualBox\VBoxC.dll
62c4.50f4: supR3HardenedWinVerifyCacheProcessImportTodos: Processing 'oleaut32.dll'...
62c4.50f4: supR3HardenedWinVerifyCacheProcessImportTodos: 'oleaut32.dll' -> '\Device\HarddiskVolume2\Windows\System32\oleaut32.dll' [rcNtRedir=0xc0150008]
62c4.50f4: supR3HardenedScreenImage/Imports: cache hit (VINF_SUCCESS) on \Device\HarddiskVolume2\Windows\System32\oleaut32.dll
62c4.50f4: supR3HardenedWinVerifyCacheProcessImportTodos: Processing 'ole32.dll'...
62c4.50f4: supR3HardenedWinVerifyCacheProcessImportTodos: 'ole32.dll' -> '\Device\HarddiskVolume2\Windows\System32\ole32.dll' [rcNtRedir=0xc0150008]
62c4.50f4: supR3HardenedScreenImage/Imports: cache hit (VINF_SUCCESS) on \Device\HarddiskVolume2\Windows\System32\ole32.dll
62c4.50f4: supR3HardenedWinVerifyCacheProcessImportTodos: Processing 'advapi32.dll'...
62c4.50f4: supR3HardenedWinVerifyCacheProcessImportTodos: 'advapi32.dll' -> '\Device\HarddiskVolume2\Windows\System32\advapi32.dll' [rcNtRedir=0xc0150008]
62c4.50f4: supR3HardenedScreenImage/Imports: cache hit (VINF_SUCCESS) on \Device\HarddiskVolume2\Windows\System32\advapi32.dll
62c4.50f4: supR3HardenedWinVerifyCacheProcessImportTodos: Processing 'vboxrt.dll'...
62c4.50f4: supR3HardenedWinVerifyCacheProcessImportTodos: 'vboxrt.dll' -> '\Device\HarddiskVolume2\Program Files\Oracle\VirtualBox\vboxrt.dll' [rcNtRedir=0xc0150008]
62c4.50f4: supR3HardenedWinVerifyCacheProcessImportTodos: Processing 'msvcp140.dll'...
62c4.50f4: supR3HardenedWinVerifyCacheProcessImportTodos: 'msvcp140.dll' -> '\Device\HarddiskVolume2\Windows\System32\msvcp140.dll' [rcNtRedir=0xc0150008]
62c4.50f4: supR3HardenedWinVerifyCacheProcessImportTodos: Processing 'vcruntime140_1.dll'...
62c4.50f4: supR3HardenedWinVerifyCacheProcessImportTodos: 'vcruntime140_1.dll' -> '\Device\HarddiskVolume2\Windows\System32\vcruntime140_1.dll' [rcNtRedir=0xc0150008]
62c4.50f4: supR3HardenedWinVerifyCacheProcessImportTodos: Processing 'vcruntime140.dll'...
62c4.50f4: supR3HardenedWinVerifyCacheProcessImportTodos: 'vcruntime140.dll' -> '\Device\HarddiskVolume2\Windows\System32\vcruntime140.dll' [rcNtRedir=0xc0150008]
62c4.50f4: supR3HardenedMonitor_LdrLoadDll: pName=C:\Program Files\Oracle\VirtualBox\VBoxC.dll (rcNtResolve=0xc0150008) *pfFlags=0x0 pwszSearchPath=0000000000002009:<flags> [calling]
62c4.50f4: supR3HardenedScreenImage/NtCreateSection: cache hit (VINF_SUCCESS) on \Device\HarddiskVolume2\Program Files\Oracle\VirtualBox\VBoxC.dll
62c4.50f4: supR3HardenedDllNotificationCallback: load   00007ffa50080000 LB 0x003f6000 C:\Program Files\Oracle\VirtualBox\VBoxC.dll [fFlags=0x0]
62c4.50f4: supR3HardenedScreenImage/LdrLoadDll: cache hit (VINF_SUCCESS) on \Device\HarddiskVolume2\Program Files\Oracle\VirtualBox\VBoxC.dll
62c4.50f4: supR3HardenedMonitor_LdrLoadDll: returns rcNt=0x0 hMod=00007ffa50080000 'C:\Program Files\Oracle\VirtualBox\VBoxC.dll'
62c4.50f4: supR3HardenedMonitor_LdrLoadDll: returns rcNt=0x0 hMod=00007ffadec80000 'C:\WINDOWS\system32\rsaenh.dll'
62c4.50f4: supR3HardenedMonitor_LdrLoadDll: returns rcNt=0x0 hMod=00007ffae0070000 'C:\WINDOWS\System32\crypt32.dll'
62c4.50f4: supR3HardenedWinVerifyCacheScheduleImports: Import todo: #0 'vcruntime140.dll'.
62c4.50f4: supR3HardenedWinVerifyCacheScheduleImports: Import todo: #1 'vboxrt.dll'.
62c4.50f4: supR3HardenedWinVerifyCacheScheduleImports: Import todo: #6 'advapi32.dll'.
62c4.50f4: supR3HardenedWinVerifyCacheScheduleImports: Import todo: #7 'shlwapi.dll'.
62c4.50f4: supR3HardenedWinVerifyCacheScheduleImports: Import todo: #8 'ole32.dll'.
62c4.50f4: supR3HardenedWinVerifyCacheScheduleImports: Import todo: #9 'oleaut32.dll'.
62c4.50f4: supR3HardenedWinVerifyCacheScheduleImports: Import todo: #10 'rpcrt4.dll'.
62c4.50f4: supHardenedWinVerifyImageByHandle: -> 0 (\Device\HarddiskVolume2\Program Files\Oracle\VirtualBox\VBoxProxyStub.dll) WinVerifyTrust
62c4.50f4: supR3HardenedWinVerifyCacheInsert: \Device\HarddiskVolume2\Program Files\Oracle\VirtualBox\VBoxProxyStub.dll
62c4.50f4: supR3HardenedWinVerifyCacheProcessImportTodos: Processing 'rpcrt4.dll'...
62c4.50f4: supR3HardenedWinVerifyCacheProcessImportTodos: 'rpcrt4.dll' -> '\Device\HarddiskVolume2\Windows\System32\rpcrt4.dll' [rcNtRedir=0xc0150008]
62c4.50f4: supR3HardenedWinVerifyCacheProcessImportTodos: Processing 'oleaut32.dll'...
62c4.50f4: supR3HardenedWinVerifyCacheProcessImportTodos: 'oleaut32.dll' -> '\Device\HarddiskVolume2\Windows\System32\oleaut32.dll' [rcNtRedir=0xc0150008]
62c4.50f4: supR3HardenedScreenImage/Imports: cache hit (VINF_SUCCESS) on \Device\HarddiskVolume2\Windows\System32\oleaut32.dll
62c4.50f4: supR3HardenedWinVerifyCacheProcessImportTodos: Processing 'ole32.dll'...
62c4.50f4: supR3HardenedWinVerifyCacheProcessImportTodos: 'ole32.dll' -> '\Device\HarddiskVolume2\Windows\System32\ole32.dll' [rcNtRedir=0xc0150008]
62c4.50f4: supR3HardenedScreenImage/Imports: cache hit (VINF_SUCCESS) on \Device\HarddiskVolume2\Windows\System32\ole32.dll
62c4.50f4: supR3HardenedWinVerifyCacheProcessImportTodos: Processing 'shlwapi.dll'...
62c4.50f4: supR3HardenedWinVerifyCacheProcessImportTodos: 'shlwapi.dll' -> '\Device\HarddiskVolume2\Windows\System32\shlwapi.dll' [rcNtRedir=0xc0150008]
62c4.50f4: supR3HardenedScreenImage/Imports: cache hit (VINF_SUCCESS) on \Device\HarddiskVolume2\Windows\System32\shlwapi.dll
62c4.50f4: supR3HardenedWinVerifyCacheProcessImportTodos: Processing 'advapi32.dll'...
62c4.50f4: supR3HardenedWinVerifyCacheProcessImportTodos: 'advapi32.dll' -> '\Device\HarddiskVolume2\Windows\System32\advapi32.dll' [rcNtRedir=0xc0150008]
62c4.50f4: supR3HardenedScreenImage/Imports: cache hit (VINF_SUCCESS) on \Device\HarddiskVolume2\Windows\System32\advapi32.dll
62c4.50f4: supR3HardenedWinVerifyCacheProcessImportTodos: Processing 'vboxrt.dll'...
62c4.50f4: supR3HardenedWinVerifyCacheProcessImportTodos: 'vboxrt.dll' -> '\Device\HarddiskVolume2\Program Files\Oracle\VirtualBox\vboxrt.dll' [rcNtRedir=0xc0150008]
62c4.50f4: supR3HardenedWinVerifyCacheProcessImportTodos: Processing 'vcruntime140.dll'...
62c4.50f4: supR3HardenedWinVerifyCacheProcessImportTodos: 'vcruntime140.dll' -> '\Device\HarddiskVolume2\Windows\System32\vcruntime140.dll' [rcNtRedir=0xc0150008]
62c4.50f4: supR3HardenedMonitor_LdrLoadDll: pName=C:\Program Files\Oracle\VirtualBox\VBoxProxyStub.dll (rcNtResolve=0xc0150008) *pfFlags=0x0 pwszSearchPath=0000000000002009:<flags> [calling]
62c4.50f4: supR3HardenedScreenImage/NtCreateSection: cache hit (VINF_SUCCESS) on \Device\HarddiskVolume2\Program Files\Oracle\VirtualBox\VBoxProxyStub.dll
62c4.50f4: supR3HardenedDllNotificationCallback: load   00007ffa74ff0000 LB 0x000e9000 C:\Program Files\Oracle\VirtualBox\VBoxProxyStub.dll [fFlags=0x0]
62c4.50f4: supR3HardenedScreenImage/LdrLoadDll: cache hit (VINF_SUCCESS) on \Device\HarddiskVolume2\Program Files\Oracle\VirtualBox\VBoxProxyStub.dll
62c4.50f4: supR3HardenedMonitor_LdrLoadDll: returns rcNt=0x0 hMod=00007ffa74ff0000 'C:\Program Files\Oracle\VirtualBox\VBoxProxyStub.dll'
62c4.50f4: supR3HardenedMonitor_LdrLoadDll: returns rcNt=0x0 hMod=00007ffae0c80000 'C:\WINDOWS\system32\oleaut32.dll'
62c4.84c: '\Device\HarddiskVolume2\Windows\System32\tzres.dll' has no imports
62c4.84c: supHardenedWinVerifyImageByHandle: -> 22900 (\Device\HarddiskVolume2\Windows\System32\tzres.dll)
62c4.84c: supR3HardenedWinVerifyCacheInsert: \Device\HarddiskVolume2\Windows\System32\tzres.dll
62c4.84c: supR3HardenedMonitor_NtCreateSection: NtMapViewOfSection failed on 0000000000000940 (hFile=0000000000000944) with 0xc0000022 -> STATUS_TRUST_FAILURE
62c4.84c: supR3HardenedScreenImage/NtCreateSection: cache hit (22900) on \Device\HarddiskVolume2\Windows\System32\tzres.dll [avoiding WinVerifyTrust]
62c4.84c: supR3HardenedMonitor_NtCreateSection: NtMapViewOfSection failed on 0000000000000974 (hFile=0000000000000954) with 0xc0000022 -> STATUS_TRUST_FAILURE
62c4.5680: supR3HardNtViCallWinVerifyTrustCatFile: hFile=0000000000000948 pwszName=\Device\HarddiskVolume2\Windows\System32\tzres.dll
62c4.5680: supR3HardNtViCallWinVerifyTrustCatFile: Cached context 000002185c23eba0
62c4.5680: supR3HardNtViCallWinVerifyTrustCatFile: hCatAdmin=000002185c23eba0
62c4.5680: supR3HardNtViCallWinVerifyTrustCatFile: cbHash=20 wszDigest=81BC6EAAED86CFB4B3057D2BFCB133ACB51C2EFC
62c4.5680: supR3HardenedMonitor_LdrLoadDll: returns rcNt=0x0 hMod=00007ffadec80000 'C:\WINDOWS\system32\rsaenh.dll'
62c4.5680: supR3HardenedMonitor_LdrLoadDll: returns rcNt=0x0 hMod=00007ffae0070000 'C:\WINDOWS\System32\crypt32.dll'
62c4.5680: supR3HardNtViCallWinVerifyTrustCatFile: WinVerifyTrust => 0x0; cat='C:\WINDOWS\system32\CatRoot\{F750E6C3-38EE-11D1-85E5-00C04FC295EE}\Microsoft-Windows-Client-Desktop-Required-Package0516~31bf3856ad364e35~amd64~~10.0.19041.6456.cat'; file='\Device\HarddiskVolume2\Windows\System32\tzres.dll'
62c4.5680: supR3HardNtViCallWinVerifyTrustCatFile -> 0 (org 22900)
62c4.5680: supR3HardenedWinVerifyCacheProcessWvtTodos: 0 (was 22900) fWinVerifyTrust=1 for '\Device\HarddiskVolume2\Windows\System32\tzres.dll'
62c4.5680: supR3HardenedMonitor_LdrLoadDll: returns rcNt=0x0 hMod=00007ffadec80000 'C:\WINDOWS\system32\rsaenh.dll'
62c4.5680: supR3HardenedMonitor_LdrLoadDll: returns rcNt=0x0 hMod=00007ffae0070000 'C:\WINDOWS\System32\crypt32.dll'
62c4.5680: supR3HardenedWinVerifyCacheScheduleImports: Import todo: #0 'vcruntime140.dll'.
62c4.5680: supR3HardenedWinVerifyCacheScheduleImports: Import todo: #1 'vcruntime140_1.dll'.
62c4.5680: supR3HardenedWinVerifyCacheScheduleImports: Import todo: #2 'vboxrt.dll'.
62c4.5680: supHardenedWinVerifyImageByHandle: -> 0 (\Device\HarddiskVolume2\Program Files\Oracle\VirtualBox\VBoxVMM.dll) WinVerifyTrust
62c4.5680: supR3HardenedWinVerifyCacheInsert: \Device\HarddiskVolume2\Program Files\Oracle\VirtualBox\VBoxVMM.dll
62c4.5680: supR3HardenedWinVerifyCacheProcessImportTodos: Processing 'vboxrt.dll'...
62c4.5680: supR3HardenedWinVerifyCacheProcessImportTodos: 'vboxrt.dll' -> '\Device\HarddiskVolume2\Program Files\Oracle\VirtualBox\vboxrt.dll' [rcNtRedir=0xc0150008]
62c4.5680: supR3HardenedWinVerifyCacheProcessImportTodos: Processing 'vcruntime140_1.dll'...
62c4.5680: supR3HardenedWinVerifyCacheProcessImportTodos: 'vcruntime140_1.dll' -> '\Device\HarddiskVolume2\Windows\System32\vcruntime140_1.dll' [rcNtRedir=0xc0150008]
62c4.5680: supR3HardenedWinVerifyCacheProcessImportTodos: Processing 'vcruntime140.dll'...
62c4.5680: supR3HardenedWinVerifyCacheProcessImportTodos: 'vcruntime140.dll' -> '\Device\HarddiskVolume2\Windows\System32\vcruntime140.dll' [rcNtRedir=0xc0150008]
62c4.5680: supR3HardenedMonitor_LdrLoadDll: pName=C:\Program Files\Oracle\VirtualBox\VBoxVMM.DLL (rcNtResolve=0xc0150008) *pfFlags=0x0 pwszSearchPath=0000000000000001:<flags> [calling]
62c4.5680: supR3HardenedScreenImage/NtCreateSection: cache hit (VINF_SUCCESS) on \Device\HarddiskVolume2\Program Files\Oracle\VirtualBox\VBoxVMM.dll
62c4.5680: supR3HardenedDllNotificationCallback: load   00007ffa60300000 LB 0x00591000 C:\Program Files\Oracle\VirtualBox\VBoxVMM.DLL [fFlags=0x0]
62c4.5680: supR3HardenedScreenImage/LdrLoadDll: cache hit (VINF_SUCCESS) on \Device\HarddiskVolume2\Program Files\Oracle\VirtualBox\VBoxVMM.dll
62c4.5680: supR3HardenedMonitor_LdrLoadDll: returns rcNt=0x0 hMod=00007ffa60300000 'C:\Program Files\Oracle\VirtualBox\VBoxVMM.DLL'
62c4.84c: supR3HardenedMonitor_LdrLoadDll: returns rcNt=0x0 hMod=00007ffae0c80000 'C:\Windows\System32\oleaut32.dll'
62c4.84c: \Device\HarddiskVolume2\Windows\System32\DriverStore\FileRepository\nvmdi.inf_amd64_92b25561841a09dd\nvldumdx.dll: Owner is administrators group.
62c4.84c: \Device\HarddiskVolume2\Windows\System32\DriverStore\FileRepository\nvmdi.inf_amd64_92b25561841a09dd\nvldumdx.dll: Signature #2/3: VERR_CR_X509_CPV_NOT_VALID_AT_TIME for 0x65e20923; retrying against current time: 0x69938863.
62c4.84c: \Device\HarddiskVolume2\Windows\System32\DriverStore\FileRepository\nvmdi.inf_amd64_92b25561841a09dd\nvldumdx.dll: Signature #2/3: VERR_CR_X509_CPV_NOT_VALID_AT_TIME (-23033) w/ timestamp=0x69938863/now.
62c4.84c: supR3HardenedMonitor_LdrLoadDll: returns rcNt=0x0 hMod=00007ffadec80000 'C:\WINDOWS\system32\rsaenh.dll'
62c4.84c: supR3HardenedMonitor_LdrLoadDll: returns rcNt=0x0 hMod=00007ffae0070000 'C:\WINDOWS\System32\crypt32.dll'
62c4.84c: supR3HardenedWinVerifyCacheScheduleImports: Import todo: #31 'version.dll'.
62c4.84c: supR3HardenedWinVerifyCacheScheduleImports: Import todo: #32 'user32.dll'.
62c4.84c: supHardenedWinVerifyImageByHandle: -> 0 (\Device\HarddiskVolume2\Windows\System32\DriverStore\FileRepository\nvmdi.inf_amd64_92b25561841a09dd\nvldumdx.dll) WinVerifyTrust
62c4.84c: supR3HardenedWinVerifyCacheInsert: \Device\HarddiskVolume2\Windows\System32\DriverStore\FileRepository\nvmdi.inf_amd64_92b25561841a09dd\nvldumdx.dll
62c4.84c: supR3HardenedWinVerifyCacheProcessImportTodos: Processing 'user32.dll'...
62c4.84c: supR3HardenedWinVerifyCacheProcessImportTodos: 'user32.dll' -> '\Device\HarddiskVolume2\Windows\System32\user32.dll' [rcNtRedir=0xc0150008]
62c4.84c: supR3HardenedWinVerifyCacheProcessImportTodos: Processing 'version.dll'...
62c4.84c: supR3HardenedWinVerifyCacheProcessImportTodos: 'version.dll' -> '\Device\HarddiskVolume2\Windows\System32\version.dll' [rcNtRedir=0xc0150008]
62c4.84c: supR3HardenedScreenImage/Imports: cache hit (VINF_SUCCESS) on \Device\HarddiskVolume2\Windows\System32\version.dll
62c4.84c: supR3HardenedMonitor_LdrLoadDll: pName=C:\WINDOWS\System32\DriverStore\FileRepository\nvmdi.inf_amd64_92b25561841a09dd\nvldumdx.dll (rcNtResolve=0xc0150008) *pfFlags=0x0 pwszSearchPath=0000000000000001:<flags> [calling]
62c4.84c: supR3HardenedScreenImage/NtCreateSection: cache hit (VINF_SUCCESS) on \Device\HarddiskVolume2\Windows\System32\DriverStore\FileRepository\nvmdi.inf_amd64_92b25561841a09dd\nvldumdx.dll
62c4.84c: supR3HardenedDllNotificationCallback: load   00007ffad6b90000 LB 0x000be000 C:\WINDOWS\System32\DriverStore\FileRepository\nvmdi.inf_amd64_92b25561841a09dd\nvldumdx.dll [fFlags=0x0]
62c4.84c: supR3HardenedScreenImage/LdrLoadDll: cache hit (VINF_SUCCESS) on \Device\HarddiskVolume2\Windows\System32\DriverStore\FileRepository\nvmdi.inf_amd64_92b25561841a09dd\nvldumdx.dll
62c4.84c: supR3HardenedIsApiSetDll: ApiSetQueryApiSetPresence(api-ms-win-core-synch-l1-2-0) -> 0x0, fPresent=1
62c4.84c: supR3HardenedMonitor_LdrLoadDll: pName=api-ms-win-core-synch-l1-2-0 (rcNtResolve=0x0) *pfFlags=0x0 pwszSearchPath=0000000000000801:<flags> [calling]
62c4.84c: supR3HardenedMonitor_LdrLoadDll: returns rcNt=0x0 hMod=00007ffae01d0000 'api-ms-win-core-synch-l1-2-0'
62c4.84c: supR3HardenedIsApiSetDll: ApiSetQueryApiSetPresence(api-ms-win-core-fibers-l1-1-1) -> 0x0, fPresent=1
62c4.84c: supR3HardenedMonitor_LdrLoadDll: pName=api-ms-win-core-fibers-l1-1-1 (rcNtResolve=0x0) *pfFlags=0x0 pwszSearchPath=0000000000000801:<flags> [calling]
62c4.84c: supR3HardenedMonitor_LdrLoadDll: returns rcNt=0x0 hMod=00007ffae01d0000 'api-ms-win-core-fibers-l1-1-1'
62c4.84c: supR3HardenedIsApiSetDll: ApiSetQueryApiSetPresence(api-ms-win-core-synch-l1-2-0) -> 0x0, fPresent=1
62c4.84c: supR3HardenedMonitor_LdrLoadDll: pName=api-ms-win-core-synch-l1-2-0 (rcNtResolve=0x0) *pfFlags=0x0 pwszSearchPath=0000000000000801:<flags> [calling]
62c4.84c: supR3HardenedMonitor_LdrLoadDll: returns rcNt=0x0 hMod=00007ffae01d0000 'api-ms-win-core-synch-l1-2-0'
62c4.84c: supR3HardenedScreenImage/LdrLoadDll: cache hit (VINF_SUCCESS) on \Device\HarddiskVolume2\Windows\System32\kernel32.dll
62c4.84c: supR3HardenedMonitor_LdrLoadDll: pName=C:\WINDOWS\System32\kernel32.dll (Input=kernel32, rcNtResolve=0xc0150008) *pfFlags=0x0 pwszSearchPath=0000000000000801:<flags> [calling]
62c4.84c: supR3HardenedMonitor_LdrLoadDll: returns rcNt=0x0 hMod=00007ffae0fd0000 'C:\WINDOWS\System32\kernel32.dll'
62c4.84c: supR3HardenedMonitor_LdrLoadDll: returns rcNt=0x0 hMod=00007ffad6b90000 'C:\WINDOWS\System32\DriverStore\FileRepository\nvmdi.inf_amd64_92b25561841a09dd\nvldumdx.dll'
62c4.84c: supR3HardenedScreenImage/LdrLoadDll: cache hit (VINF_SUCCESS) on \Device\HarddiskVolume2\Windows\System32\msasn1.dll
62c4.84c: supR3HardenedMonitor_LdrLoadDll: pName=C:\WINDOWS\System32\msasn1.dll (Input=msasn1.dll, rcNtResolve=0xc0150008) *pfFlags=0x0 pwszSearchPath=0000000000000801:<flags> [calling]
62c4.84c: supR3HardenedMonitor_LdrLoadDll: returns rcNt=0x0 hMod=00007ffadf800000 'C:\WINDOWS\System32\msasn1.dll'
62c4.84c: supR3HardenedMonitor_LdrLoadDll: returns rcNt=0x0 hMod=00007ffad7af0000 'C:\WINDOWS\System32\cryptnet.dll'
62c4.84c: supR3HardenedMonitor_LdrLoadDll: returns rcNt=0x0 hMod=00007ffadec80000 'C:\WINDOWS\system32\rsaenh.dll'
62c4.84c: supR3HardenedMonitor_LdrLoadDll: returns rcNt=0x0 hMod=00007ffae0070000 'C:\WINDOWS\System32\crypt32.dll'
62c4.84c: supR3HardenedWinVerifyCacheScheduleImports: Import todo: #0 'msvcrt.dll'.
62c4.84c: supHardenedWinVerifyImageByHandle: -> 0 (\Device\HarddiskVolume2\Windows\System32\drvstore.dll) WinVerifyTrust
62c4.84c: supR3HardenedWinVerifyCacheInsert: \Device\HarddiskVolume2\Windows\System32\drvstore.dll
62c4.84c: supR3HardenedWinVerifyCacheProcessImportTodos: Processing 'msvcrt.dll'...
62c4.84c: supR3HardenedWinVerifyCacheProcessImportTodos: 'msvcrt.dll' -> '\Device\HarddiskVolume2\Windows\System32\msvcrt.dll' [rcNtRedir=0xc0150008]
62c4.84c: supR3HardenedMonitor_LdrLoadDll: pName=C:\WINDOWS\System32\drvstore.dll (Input=drvstore.dll, rcNtResolve=0xc0150008) *pfFlags=0x0 pwszSearchPath=0000000000000801:<flags> [calling]
62c4.84c: supR3HardenedScreenImage/NtCreateSection: cache hit (VINF_SUCCESS) on \Device\HarddiskVolume2\Windows\System32\drvstore.dll
62c4.84c: supR3HardenedDllNotificationCallback: load   00007ffad8750000 LB 0x00147000 C:\WINDOWS\System32\drvstore.dll [fFlags=0x0]
62c4.84c: supR3HardenedScreenImage/LdrLoadDll: cache hit (VINF_SUCCESS) on \Device\HarddiskVolume2\Windows\System32\drvstore.dll
62c4.84c: supR3HardenedMonitor_LdrLoadDll: returns rcNt=0x0 hMod=00007ffad8750000 'C:\WINDOWS\System32\drvstore.dll'
62c4.84c: supR3HardenedScreenImage/LdrLoadDll: cache hit (VINF_SUCCESS) on \Device\HarddiskVolume2\Windows\System32\devobj.dll
62c4.84c: supR3HardenedMonitor_LdrLoadDll: pName=C:\WINDOWS\System32\devobj.dll (Input=devobj.dll, rcNtResolve=0xc0150008) *pfFlags=0x0 pwszSearchPath=0000000000000801:<flags> [calling]
62c4.84c: supR3HardenedMonitor_LdrLoadDll: returns rcNt=0x0 hMod=00007ffadf9d0000 'C:\WINDOWS\System32\devobj.dll'
62c4.84c: supR3HardenedScreenImage/LdrLoadDll: cache hit (VINF_SUCCESS) on \Device\HarddiskVolume2\Windows\System32\wldp.dll
62c4.84c: supR3HardenedMonitor_LdrLoadDll: pName=C:\WINDOWS\System32\wldp.dll (Input=wldp.dll, rcNtResolve=0xc0150008) *pfFlags=0x0 pwszSearchPath=0000000000000801:<flags> [calling]
62c4.84c: supR3HardenedMonitor_LdrLoadDll: returns rcNt=0x0 hMod=00007ffadf670000 'C:\WINDOWS\System32\wldp.dll'
62c4.84c: supR3HardenedScreenImage/LdrLoadDll: cache hit (VINF_SUCCESS) on \Device\HarddiskVolume2\Windows\System32\cryptbase.dll
62c4.84c: supR3HardenedMonitor_LdrLoadDll: pName=C:\WINDOWS\System32\cryptbase.dll (Input=cryptbase.dll, rcNtResolve=0xc0150008) *pfFlags=0x0 pwszSearchPath=0000000000000801:<flags> [calling]
62c4.84c: supR3HardenedMonitor_LdrLoadDll: returns rcNt=0x0 hMod=00007ffadf5c0000 'C:\WINDOWS\System32\cryptbase.dll'
62c4.84c: supR3HardenedMonitor_LdrLoadDll: returns rcNt=0x0 hMod=00007ffae0070000 'C:\WINDOWS\System32\crypt32.dll'
62c4.84c: supR3HardenedScreenImage/LdrLoadDll: cache hit (VINF_SUCCESS) on \Device\HarddiskVolume2\Windows\System32\wintrust.dll
62c4.84c: supR3HardenedMonitor_LdrLoadDll: pName=C:\WINDOWS\System32\wintrust.dll (Input=wintrust.dll, rcNtResolve=0xc0150008) *pfFlags=0x0 pwszSearchPath=0000000000000801:<flags> [calling]
62c4.84c: supR3HardenedMonitor_LdrLoadDll: returns rcNt=0x0 hMod=00007ffae04d0000 'C:\WINDOWS\System32\wintrust.dll'
62c4.84c: \Device\HarddiskVolume2\Windows\System32\DriverStore\FileRepository\nvmdi.inf_amd64_92b25561841a09dd\nvgpucomp64.dll: Owner is administrators group.
62c4.84c: \Device\HarddiskVolume2\Windows\System32\DriverStore\FileRepository\nvmdi.inf_amd64_92b25561841a09dd\nvgpucomp64.dll: Signature #2/3: VERR_CR_X509_CPV_NOT_VALID_AT_TIME for 0x65e20a30; retrying against current time: 0x69938864.
62c4.84c: \Device\HarddiskVolume2\Windows\System32\DriverStore\FileRepository\nvmdi.inf_amd64_92b25561841a09dd\nvgpucomp64.dll: Signature #2/3: VERR_CR_X509_CPV_NOT_VALID_AT_TIME (-23033) w/ timestamp=0x69938864/now.
62c4.84c: supR3HardenedMonitor_LdrLoadDll: returns rcNt=0x0 hMod=00007ffadec80000 'C:\WINDOWS\system32\rsaenh.dll'
62c4.84c: supR3HardenedMonitor_LdrLoadDll: returns rcNt=0x0 hMod=00007ffae0070000 'C:\WINDOWS\System32\crypt32.dll'
62c4.84c: supR3HardenedWinVerifyCacheScheduleImports: Import todo: #1 'advapi32.dll'.
62c4.84c: supHardenedWinVerifyImageByHandle: -> 0 (\Device\HarddiskVolume2\Windows\System32\DriverStore\FileRepository\nvmdi.inf_amd64_92b25561841a09dd\nvgpucomp64.dll) WinVerifyTrust
62c4.84c: supR3HardenedWinVerifyCacheInsert: \Device\HarddiskVolume2\Windows\System32\DriverStore\FileRepository\nvmdi.inf_amd64_92b25561841a09dd\nvgpucomp64.dll
62c4.84c: supR3HardenedWinVerifyCacheProcessImportTodos: Processing 'advapi32.dll'...
62c4.84c: supR3HardenedWinVerifyCacheProcessImportTodos: 'advapi32.dll' -> '\Device\HarddiskVolume2\Windows\System32\advapi32.dll' [rcNtRedir=0xc0150008]
62c4.84c: supR3HardenedMonitor_LdrLoadDll: pName=C:\WINDOWS\System32\DriverStore\FileRepository\nvmdi.inf_amd64_92b25561841a09dd\nvgpucomp64.dll (rcNtResolve=0xc0150008) *pfFlags=0x0 pwszSearchPath=0000000000000001:<flags> [calling]
62c4.84c: supR3HardenedScreenImage/NtCreateSection: cache hit (VINF_SUCCESS) on \Device\HarddiskVolume2\Windows\System32\DriverStore\FileRepository\nvmdi.inf_amd64_92b25561841a09dd\nvgpucomp64.dll
62c4.84c: supR3HardenedDllNotificationCallback: load   00007ffad46f0000 LB 0x0221d000 C:\WINDOWS\System32\DriverStore\FileRepository\nvmdi.inf_amd64_92b25561841a09dd\nvgpucomp64.dll [fFlags=0x0]
62c4.84c: supR3HardenedScreenImage/LdrLoadDll: cache hit (VINF_SUCCESS) on \Device\HarddiskVolume2\Windows\System32\DriverStore\FileRepository\nvmdi.inf_amd64_92b25561841a09dd\nvgpucomp64.dll
62c4.84c: supR3HardenedIsApiSetDll: ApiSetQueryApiSetPresence(api-ms-win-core-synch-l1-2-0) -> 0x0, fPresent=1
62c4.84c: supR3HardenedMonitor_LdrLoadDll: pName=api-ms-win-core-synch-l1-2-0 (rcNtResolve=0x0) *pfFlags=0x0 pwszSearchPath=0000000000000801:<flags> [calling]
62c4.84c: supR3HardenedMonitor_LdrLoadDll: returns rcNt=0x0 hMod=00007ffae01d0000 'api-ms-win-core-synch-l1-2-0'
62c4.84c: supR3HardenedIsApiSetDll: ApiSetQueryApiSetPresence(api-ms-win-core-fibers-l1-1-1) -> 0x0, fPresent=1
62c4.84c: supR3HardenedMonitor_LdrLoadDll: pName=api-ms-win-core-fibers-l1-1-1 (rcNtResolve=0x0) *pfFlags=0x0 pwszSearchPath=0000000000000801:<flags> [calling]
62c4.84c: supR3HardenedMonitor_LdrLoadDll: returns rcNt=0x0 hMod=00007ffae01d0000 'api-ms-win-core-fibers-l1-1-1'
62c4.84c: supR3HardenedIsApiSetDll: ApiSetQueryApiSetPresence(api-ms-win-core-synch-l1-2-0) -> 0x0, fPresent=1
62c4.84c: supR3HardenedMonitor_LdrLoadDll: pName=api-ms-win-core-synch-l1-2-0 (rcNtResolve=0x0) *pfFlags=0x0 pwszSearchPath=0000000000000801:<flags> [calling]
62c4.84c: supR3HardenedMonitor_LdrLoadDll: returns rcNt=0x0 hMod=00007ffae01d0000 'api-ms-win-core-synch-l1-2-0'
62c4.84c: supR3HardenedScreenImage/LdrLoadDll: cache hit (VINF_SUCCESS) on \Device\HarddiskVolume2\Windows\System32\kernel32.dll
62c4.84c: supR3HardenedMonitor_LdrLoadDll: pName=C:\WINDOWS\System32\kernel32.dll (Input=kernel32, rcNtResolve=0xc0150008) *pfFlags=0x0 pwszSearchPath=0000000000000801:<flags> [calling]
62c4.84c: supR3HardenedMonitor_LdrLoadDll: returns rcNt=0x0 hMod=00007ffae0fd0000 'C:\WINDOWS\System32\kernel32.dll'
62c4.84c: supR3HardenedIsApiSetDll: ApiSetQueryApiSetPresence(api-ms-win-core-string-l1-1-0) -> 0x0, fPresent=1
62c4.84c: supR3HardenedMonitor_LdrLoadDll: pName=api-ms-win-core-string-l1-1-0 (rcNtResolve=0x0) *pfFlags=0x0 pwszSearchPath=0000000000000801:<flags> [calling]
62c4.84c: supR3HardenedMonitor_LdrLoadDll: returns rcNt=0x0 hMod=00007ffae01d0000 'api-ms-win-core-string-l1-1-0'
62c4.84c: supR3HardenedIsApiSetDll: ApiSetQueryApiSetPresence(api-ms-win-core-localization-l1-2-1) -> 0x0, fPresent=1
62c4.84c: supR3HardenedMonitor_LdrLoadDll: pName=api-ms-win-core-localization-l1-2-1 (rcNtResolve=0x0) *pfFlags=0x0 pwszSearchPath=0000000000000801:<flags> [calling]
62c4.84c: supR3HardenedMonitor_LdrLoadDll: returns rcNt=0x0 hMod=00007ffae01d0000 'api-ms-win-core-localization-l1-2-1'
62c4.84c: supR3HardenedIsApiSetDll: ApiSetQueryApiSetPresence(api-ms-win-core-datetime-l1-1-1) -> 0x0, fPresent=1
62c4.84c: supR3HardenedMonitor_LdrLoadDll: pName=api-ms-win-core-datetime-l1-1-1 (rcNtResolve=0x0) *pfFlags=0x0 pwszSearchPath=0000000000000801:<flags> [calling]
62c4.84c: supR3HardenedMonitor_LdrLoadDll: returns rcNt=0x0 hMod=00007ffae01d0000 'api-ms-win-core-datetime-l1-1-1'
62c4.84c: supR3HardenedIsApiSetDll: ApiSetQueryApiSetPresence(api-ms-win-core-localization-obsolete-l1-2-0) -> 0x0, fPresent=1
62c4.84c: supR3HardenedMonitor_LdrLoadDll: pName=api-ms-win-core-localization-obsolete-l1-2-0 (rcNtResolve=0x0) *pfFlags=0x0 pwszSearchPath=0000000000000801:<flags> [calling]
62c4.84c: supR3HardenedMonitor_LdrLoadDll: returns rcNt=0x0 hMod=00007ffae01d0000 'api-ms-win-core-localization-obsolete-l1-2-0'
62c4.84c: supR3HardenedMonitor_LdrLoadDll: returns rcNt=0x0 hMod=00007ffad46f0000 'C:\WINDOWS\System32\DriverStore\FileRepository\nvmdi.inf_amd64_92b25561841a09dd\nvgpucomp64.dll'
62c4.84c: \Device\HarddiskVolume2\Windows\System32\DriverStore\FileRepository\nvmdi.inf_amd64_92b25561841a09dd\nvd3dumx.dll: Owner is administrators group.
62c4.84c: \Device\HarddiskVolume2\Windows\System32\DriverStore\FileRepository\nvmdi.inf_amd64_92b25561841a09dd\nvd3dumx.dll: Signature #2/3: VERR_CR_X509_CPV_NOT_VALID_AT_TIME for 0x65e20ae8; retrying against current time: 0x69938864.
62c4.84c: \Device\HarddiskVolume2\Windows\System32\DriverStore\FileRepository\nvmdi.inf_amd64_92b25561841a09dd\nvd3dumx.dll: Signature #2/3: VERR_CR_X509_CPV_NOT_VALID_AT_TIME (-23033) w/ timestamp=0x69938864/now.
62c4.84c: supR3HardenedMonitor_LdrLoadDll: returns rcNt=0x0 hMod=00007ffadec80000 'C:\WINDOWS\system32\rsaenh.dll'
62c4.84c: supR3HardenedMonitor_LdrLoadDll: returns rcNt=0x0 hMod=00007ffae0070000 'C:\WINDOWS\System32\crypt32.dll'
62c4.84c: supR3HardenedWinVerifyCacheScheduleImports: Import todo: #0 'version.dll'.
62c4.84c: supR3HardenedWinVerifyCacheScheduleImports: Import todo: #1 'user32.dll'.
62c4.84c: supR3HardenedWinVerifyCacheScheduleImports: Import todo: #3 'advapi32.dll'.
62c4.84c: supR3HardenedWinVerifyCacheScheduleImports: Import todo: #4 'gdi32.dll'.
62c4.84c: supR3HardenedWinVerifyCacheScheduleImports: Import todo: #5 'winmm.dll'.
62c4.84c: supHardenedWinVerifyImageByHandle: -> 0 (\Device\HarddiskVolume2\Windows\System32\DriverStore\FileRepository\nvmdi.inf_amd64_92b25561841a09dd\nvd3dumx.dll) WinVerifyTrust
62c4.84c: supR3HardenedWinVerifyCacheInsert: \Device\HarddiskVolume2\Windows\System32\DriverStore\FileRepository\nvmdi.inf_amd64_92b25561841a09dd\nvd3dumx.dll
62c4.84c: supR3HardenedWinVerifyCacheProcessImportTodos: Processing 'winmm.dll'...
62c4.84c: supR3HardenedWinVerifyCacheProcessImportTodos: 'winmm.dll' -> '\Device\HarddiskVolume2\Windows\System32\winmm.dll' [rcNtRedir=0xc0150008]
62c4.84c: supR3HardenedScreenImage/Imports: cache hit (VINF_SUCCESS) on \Device\HarddiskVolume2\Windows\System32\winmm.dll
62c4.84c: supR3HardenedWinVerifyCacheProcessImportTodos: Processing 'gdi32.dll'...
62c4.84c: supR3HardenedWinVerifyCacheProcessImportTodos: 'gdi32.dll' -> '\Device\HarddiskVolume2\Windows\System32\gdi32.dll' [rcNtRedir=0xc0150008]
62c4.84c: supR3HardenedWinVerifyCacheProcessImportTodos: Processing 'advapi32.dll'...
62c4.84c: supR3HardenedWinVerifyCacheProcessImportTodos: 'advapi32.dll' -> '\Device\HarddiskVolume2\Windows\System32\advapi32.dll' [rcNtRedir=0xc0150008]
62c4.84c: supR3HardenedWinVerifyCacheProcessImportTodos: Processing 'user32.dll'...
62c4.84c: supR3HardenedWinVerifyCacheProcessImportTodos: 'user32.dll' -> '\Device\HarddiskVolume2\Windows\System32\user32.dll' [rcNtRedir=0xc0150008]
62c4.84c: supR3HardenedWinVerifyCacheProcessImportTodos: Processing 'version.dll'...
62c4.84c: supR3HardenedWinVerifyCacheProcessImportTodos: 'version.dll' -> '\Device\HarddiskVolume2\Windows\System32\version.dll' [rcNtRedir=0xc0150008]
62c4.84c: supR3HardenedScreenImage/Imports: cache hit (VINF_SUCCESS) on \Device\HarddiskVolume2\Windows\System32\version.dll
62c4.84c: supR3HardenedMonitor_LdrLoadDll: pName=C:\WINDOWS\System32\DriverStore\FileRepository\nvmdi.inf_amd64_92b25561841a09dd\nvd3dumx.dll (rcNtResolve=0xc0150008) *pfFlags=0x0 pwszSearchPath=0000000000000001:<flags> [calling]
62c4.84c: supR3HardenedScreenImage/NtCreateSection: cache hit (VINF_SUCCESS) on \Device\HarddiskVolume2\Windows\System32\DriverStore\FileRepository\nvmdi.inf_amd64_92b25561841a09dd\nvd3dumx.dll
62c4.84c: supR3HardenedDllNotificationCallback: load   00007ffa620b0000 LB 0x023af000 C:\WINDOWS\System32\DriverStore\FileRepository\nvmdi.inf_amd64_92b25561841a09dd\nvd3dumx.dll [fFlags=0x0]
62c4.84c: supR3HardenedScreenImage/LdrLoadDll: cache hit (VINF_SUCCESS) on \Device\HarddiskVolume2\Windows\System32\DriverStore\FileRepository\nvmdi.inf_amd64_92b25561841a09dd\nvd3dumx.dll
62c4.84c: supR3HardenedIsApiSetDll: ApiSetQueryApiSetPresence(api-ms-win-core-synch-l1-2-0) -> 0x0, fPresent=1
62c4.84c: supR3HardenedMonitor_LdrLoadDll: pName=api-ms-win-core-synch-l1-2-0 (rcNtResolve=0x0) *pfFlags=0x0 pwszSearchPath=0000000000000801:<flags> [calling]
62c4.84c: supR3HardenedMonitor_LdrLoadDll: returns rcNt=0x0 hMod=00007ffae01d0000 'api-ms-win-core-synch-l1-2-0'
62c4.84c: supR3HardenedIsApiSetDll: ApiSetQueryApiSetPresence(api-ms-win-core-fibers-l1-1-1) -> 0x0, fPresent=1
62c4.84c: supR3HardenedMonitor_LdrLoadDll: pName=api-ms-win-core-fibers-l1-1-1 (rcNtResolve=0x0) *pfFlags=0x0 pwszSearchPath=0000000000000801:<flags> [calling]
62c4.84c: supR3HardenedMonitor_LdrLoadDll: returns rcNt=0x0 hMod=00007ffae01d0000 'api-ms-win-core-fibers-l1-1-1'
62c4.84c: supR3HardenedIsApiSetDll: ApiSetQueryApiSetPresence(api-ms-win-core-synch-l1-2-0) -> 0x0, fPresent=1
62c4.84c: supR3HardenedMonitor_LdrLoadDll: pName=api-ms-win-core-synch-l1-2-0 (rcNtResolve=0x0) *pfFlags=0x0 pwszSearchPath=0000000000000801:<flags> [calling]
62c4.84c: supR3HardenedMonitor_LdrLoadDll: returns rcNt=0x0 hMod=00007ffae01d0000 'api-ms-win-core-synch-l1-2-0'
62c4.84c: supR3HardenedScreenImage/LdrLoadDll: cache hit (VINF_SUCCESS) on \Device\HarddiskVolume2\Windows\System32\kernel32.dll
62c4.84c: supR3HardenedMonitor_LdrLoadDll: pName=C:\WINDOWS\System32\kernel32.dll (Input=kernel32, rcNtResolve=0xc0150008) *pfFlags=0x0 pwszSearchPath=0000000000000801:<flags> [calling]
62c4.84c: supR3HardenedMonitor_LdrLoadDll: returns rcNt=0x0 hMod=00007ffae0fd0000 'C:\WINDOWS\System32\kernel32.dll'
62c4.84c: supR3HardenedMonitor_LdrLoadDll: returns rcNt=0x0 hMod=00007ffa620b0000 'C:\WINDOWS\System32\DriverStore\FileRepository\nvmdi.inf_amd64_92b25561841a09dd\nvd3dumx.dll'
62c4.84c: supR3HardenedScreenImage/LdrLoadDll: cache hit (VINF_SUCCESS) on \Device\HarddiskVolume2\Windows\System32\DriverStore\FileRepository\nvmdi.inf_amd64_92b25561841a09dd\nvldumdx.dll
62c4.84c: supR3HardenedMonitor_LdrLoadDll: pName=C:\WINDOWS\System32\DriverStore\FileRepository\nvmdi.inf_amd64_92b25561841a09dd\nvldumdx.dll (rcNtResolve=0xc0150008) *pfFlags=0x0 pwszSearchPath=0000000000000001:<flags> [calling]
62c4.84c: supR3HardenedMonitor_LdrLoadDll: returns rcNt=0x0 hMod=00007ffad6b90000 'C:\WINDOWS\System32\DriverStore\FileRepository\nvmdi.inf_amd64_92b25561841a09dd\nvldumdx.dll'
62c4.84c: supR3HardenedMonitor_LdrLoadDll: returns rcNt=0x0 hMod=00007ffae10a0000 'C:\WINDOWS\System32\gdi32.dll'
62c4.84c: supR3HardenedDllNotificationCallback: Unload 00007ffad46f0000 LB 0x0221d000 C:\WINDOWS\System32\DriverStore\FileRepository\nvmdi.inf_amd64_92b25561841a09dd\nvgpucomp64.dll [flags=0x0]
62c4.84c: supR3HardenedDllNotificationCallback: Unload 00007ffad8750000 LB 0x00147000 C:\WINDOWS\System32\drvstore.dll [flags=0x0]
62c4.84c: supR3HardenedDllNotificationCallback: Unload 00007ffad6b90000 LB 0x000be000 C:\WINDOWS\System32\DriverStore\FileRepository\nvmdi.inf_amd64_92b25561841a09dd\nvldumdx.dll [flags=0x0]
62c4.547c: supR3HardenedDllNotificationCallback: Unload 00007ffa620b0000 LB 0x023af000 C:\WINDOWS\System32\DriverStore\FileRepository\nvmdi.inf_amd64_92b25561841a09dd\nvd3dumx.dll [flags=0x0]
62c4.84c: supR3HardNtViCallWinVerifyTrustCatFile: hFile=0000000000000c10 pwszName=\Device\HarddiskVolume2\Windows\System32\DataExchange.dll
62c4.84c: supR3HardNtViCallWinVerifyTrustCatFile: Cached context 000002185c23eba0
62c4.84c: supR3HardNtViCallWinVerifyTrustCatFile: hCatAdmin=000002185c23eba0
62c4.84c: supR3HardNtViCallWinVerifyTrustCatFile: cbHash=20 wszDigest=A4DA1F962C9E63B820B3A3C3D62A801F6EF1AA0C
62c4.84c: supR3HardenedMonitor_LdrLoadDll: returns rcNt=0x0 hMod=00007ffadec80000 'C:\WINDOWS\system32\rsaenh.dll'
62c4.84c: supR3HardenedMonitor_LdrLoadDll: returns rcNt=0x0 hMod=00007ffae0070000 'C:\WINDOWS\System32\crypt32.dll'
62c4.84c: supR3HardNtViCallWinVerifyTrustCatFile: WinVerifyTrust => 0x0; cat='C:\WINDOWS\system32\CatRoot\{F750E6C3-38EE-11D1-85E5-00C04FC295EE}\Microsoft-Windows-Client-Desktop-Required-Package0510~31bf3856ad364e35~amd64~~10.0.19041.6332.cat'; file='\Device\HarddiskVolume2\Windows\System32\DataExchange.dll'
62c4.84c: supR3HardNtViCallWinVerifyTrustCatFile -> 0 (org 22900)
62c4.84c: supR3HardenedWinVerifyCacheScheduleImports: Import todo: #0 'msvcrt.dll'.
62c4.84c: supR3HardenedWinVerifyCacheScheduleImports: Import todo: #26 'd3d11.dll'.
62c4.84c: supR3HardenedWinVerifyCacheScheduleImports: Import todo: #27 'dcomp.dll'.
62c4.84c: supHardenedWinVerifyImageByHandle: -> 0 (\Device\HarddiskVolume2\Windows\System32\DataExchange.dll) WinVerifyTrust
62c4.84c: supR3HardenedWinVerifyCacheInsert: \Device\HarddiskVolume2\Windows\System32\DataExchange.dll
62c4.84c: supR3HardenedWinVerifyCacheProcessImportTodos: Processing 'dcomp.dll'...
62c4.84c: supR3HardenedWinVerifyCacheProcessImportTodos: 'dcomp.dll' -> '\Device\HarddiskVolume2\Windows\System32\dcomp.dll' [rcNtRedir=0xc0150008]
62c4.84c: supR3HardenedMonitor_LdrLoadDll: returns rcNt=0x0 hMod=00007ffadec80000 'C:\WINDOWS\system32\rsaenh.dll'
62c4.84c: supR3HardenedMonitor_LdrLoadDll: returns rcNt=0x0 hMod=00007ffae0070000 'C:\WINDOWS\System32\crypt32.dll'
62c4.84c: supR3HardenedWinVerifyCacheScheduleImports: Import todo: #0 'win32u.dll'.
62c4.84c: supR3HardenedWinVerifyCacheScheduleImports: Import todo: #1 'msvcp_win.dll'.
62c4.84c: supHardenedWinVerifyImageByHandle: -> 0 (\Device\HarddiskVolume2\Windows\System32\dcomp.dll) WinVerifyTrust
62c4.84c: supR3HardenedWinVerifyCacheInsert: \Device\HarddiskVolume2\Windows\System32\dcomp.dll
62c4.84c: supR3HardenedWinVerifyCacheProcessImportTodos: Processing 'd3d11.dll'...
62c4.84c: supR3HardenedWinVerifyCacheProcessImportTodos: 'd3d11.dll' -> '\Device\HarddiskVolume2\Windows\System32\d3d11.dll' [rcNtRedir=0xc0150008]
62c4.84c: supR3HardenedScreenImage/Imports: cache hit (VINF_SUCCESS) on \Device\HarddiskVolume2\Windows\System32\d3d11.dll
62c4.84c: supR3HardenedWinVerifyCacheProcessImportTodos: Processing 'msvcrt.dll'...
62c4.84c: supR3HardenedWinVerifyCacheProcessImportTodos: 'msvcrt.dll' -> '\Device\HarddiskVolume2\Windows\System32\msvcrt.dll' [rcNtRedir=0xc0150008]
62c4.84c: supR3HardenedWinVerifyCacheProcessImportTodos: Processing 'msvcp_win.dll'...
62c4.84c: supR3HardenedWinVerifyCacheProcessImportTodos: 'msvcp_win.dll' -> '\Device\HarddiskVolume2\Windows\System32\msvcp_win.dll' [rcNtRedir=0xc0150008]
62c4.84c: supR3HardenedScreenImage/Imports: cache hit (VINF_SUCCESS) on \Device\HarddiskVolume2\Windows\System32\msvcp_win.dll
62c4.84c: supR3HardenedWinVerifyCacheProcessImportTodos: Processing 'win32u.dll'...
62c4.84c: supR3HardenedWinVerifyCacheProcessImportTodos: 'win32u.dll' -> '\Device\HarddiskVolume2\Windows\System32\win32u.dll' [rcNtRedir=0xc0150008]
62c4.84c: supR3HardenedMonitor_LdrLoadDll: pName=C:\WINDOWS\system32\dataexchange.dll (rcNtResolve=0xc0150008) *pfFlags=0x0 pwszSearchPath=0000000000002009:<flags> [calling]
62c4.84c: supR3HardenedScreenImage/NtCreateSection: cache hit (VINF_SUCCESS) on \Device\HarddiskVolume2\Windows\System32\DataExchange.dll
62c4.84c: supR3HardenedScreenImage/NtCreateSection: cache hit (VINF_SUCCESS) on \Device\HarddiskVolume2\Windows\System32\dcomp.dll
62c4.84c: supR3HardenedDllNotificationCallback: load   00007ffada5d0000 LB 0x001e4000 C:\WINDOWS\system32\dcomp.dll [fFlags=0x0]
62c4.84c: supR3HardenedScreenImage/LdrLoadDll: cache hit (VINF_SUCCESS) on \Device\HarddiskVolume2\Windows\System32\dcomp.dll
62c4.84c: supR3HardenedDllNotificationCallback: load   00007ffa9cd10000 LB 0x0003e000 C:\WINDOWS\system32\dataexchange.dll [fFlags=0x0]
62c4.84c: supR3HardenedScreenImage/LdrLoadDll: cache hit (VINF_SUCCESS) on \Device\HarddiskVolume2\Windows\System32\DataExchange.dll
62c4.84c: supR3HardenedMonitor_LdrLoadDll: returns rcNt=0x0 hMod=00007ffa9cd10000 'C:\WINDOWS\system32\dataexchange.dll'
62c4.84c: supR3HardenedWinVerifyCacheScheduleImports: Import todo: #30 'rpcrt4.dll'.
62c4.84c: supR3HardenedWinVerifyCacheScheduleImports: Import todo: #43 'combase.dll'.
62c4.84c: supR3HardenedWinVerifyCacheScheduleImports: Import todo: #45 'msvcp_win.dll'.
62c4.84c: supHardenedWinVerifyImageByHandle: -> 0 (\Device\HarddiskVolume2\Windows\System32\twinapi.appcore.dll)
62c4.84c: supR3HardenedWinVerifyCacheInsert: \Device\HarddiskVolume2\Windows\System32\twinapi.appcore.dll
62c4.84c: supR3HardenedDllNotificationCallback: load   00007ffadc1c0000 LB 0x00203000 C:\WINDOWS\system32\twinapi.appcore.dll [fFlags=0x0]
62c4.84c: supR3HardenedScreenImage/LdrLoadDll: cache hit (VINF_SUCCESS) on \Device\HarddiskVolume2\Windows\System32\twinapi.appcore.dll [avoiding WinVerifyTrust]
62c4.84c: supR3HardenedWinVerifyCacheScheduleImports: Import todo: #0 'msvcrt.dll'.
62c4.84c: supR3HardenedWinVerifyCacheScheduleImports: Import todo: #15 'oleaut32.dll'.
62c4.84c: supR3HardenedWinVerifyCacheScheduleImports: Import todo: #17 'rpcrt4.dll'.
62c4.84c: supR3HardenedWinVerifyCacheScheduleImports: Import todo: #20 'coreuicomponents.dll'.
62c4.84c: supR3HardenedWinVerifyCacheScheduleImports: Import todo: #21 'coremessaging.dll'.
62c4.84c: supHardenedWinVerifyImageByHandle: -> 0 (\Device\HarddiskVolume2\Windows\System32\TextInputFramework.dll)
62c4.84c: supR3HardenedWinVerifyCacheInsert: \Device\HarddiskVolume2\Windows\System32\TextInputFramework.dll
62c4.84c: supR3HardenedWinVerifyCacheScheduleImports: Import todo: #0 'msvcrt.dll'.
62c4.84c: supR3HardenedWinVerifyCacheScheduleImports: Import todo: #35 'coremessaging.dll'.
62c4.84c: supR3HardenedWinVerifyCacheScheduleImports: Import todo: #40 'rpcrt4.dll'.
62c4.84c: supR3HardenedWinVerifyCacheScheduleImports: Import todo: #48 'shcore.dll'.
62c4.84c: supHardenedWinVerifyImageByHandle: -> 0 (\Device\HarddiskVolume2\Windows\System32\CoreUIComponents.dll)
62c4.84c: supR3HardenedWinVerifyCacheInsert: \Device\HarddiskVolume2\Windows\System32\CoreUIComponents.dll
62c4.84c: supR3HardenedWinVerifyCacheScheduleImports: Import todo: #0 'msvcrt.dll'.
62c4.84c: supR3HardenedWinVerifyCacheScheduleImports: Import todo: #20 'ws2_32.dll'.
62c4.84c: supHardenedWinVerifyImageByHandle: -> 0 (\Device\HarddiskVolume2\Windows\System32\CoreMessaging.dll)
62c4.84c: supR3HardenedWinVerifyCacheInsert: \Device\HarddiskVolume2\Windows\System32\CoreMessaging.dll
62c4.84c: supHardenedWinVerifyImageByHandle: -> 0 (\Device\HarddiskVolume2\Windows\System32\ntmarta.dll)
62c4.84c: supR3HardenedWinVerifyCacheInsert: \Device\HarddiskVolume2\Windows\System32\ntmarta.dll
62c4.84c: supR3HardenedWinVerifyCacheScheduleImports: Import todo: #3 'combase.dll'.
62c4.84c: supR3HardenedWinVerifyCacheScheduleImports: Import todo: #24 'rpcrt4.dll'.
62c4.84c: supR3HardenedWinVerifyCacheScheduleImports: Import todo: #32 'bcryptprimitives.dll'.
62c4.84c: supHardenedWinVerifyImageByHandle: -> 0 (\Device\HarddiskVolume2\Windows\System32\WinTypes.dll)
62c4.84c: supR3HardenedWinVerifyCacheInsert: \Device\HarddiskVolume2\Windows\System32\WinTypes.dll
62c4.84c: supR3HardenedDllNotificationCallback: load   00007ffadeed0000 LB 0x00033000 C:\WINDOWS\SYSTEM32\ntmarta.dll [fFlags=0x0]
62c4.84c: supR3HardenedScreenImage/LdrLoadDll: cache hit (VINF_SUCCESS) on \Device\HarddiskVolume2\Windows\System32\ntmarta.dll [avoiding WinVerifyTrust]
62c4.84c: supR3HardenedDllNotificationCallback: load   00007ffadb820000 LB 0x000f2000 C:\WINDOWS\System32\CoreMessaging.dll [fFlags=0x0]
62c4.84c: supR3HardenedScreenImage/LdrLoadDll: cache hit (VINF_SUCCESS) on \Device\HarddiskVolume2\Windows\System32\CoreMessaging.dll [avoiding WinVerifyTrust]
62c4.84c: supR3HardenedDllNotificationCallback: load   00007ffadc710000 LB 0x00157000 C:\WINDOWS\SYSTEM32\wintypes.dll [fFlags=0x0]
62c4.84c: supR3HardenedScreenImage/LdrLoadDll: cache hit (VINF_SUCCESS) on \Device\HarddiskVolume2\Windows\System32\WinTypes.dll [avoiding WinVerifyTrust]
62c4.84c: supR3HardenedDllNotificationCallback: load   00007ffada7c0000 LB 0x0035b000 C:\WINDOWS\System32\CoreUIComponents.dll [fFlags=0x0]
62c4.84c: supR3HardenedScreenImage/LdrLoadDll: cache hit (VINF_SUCCESS) on \Device\HarddiskVolume2\Windows\System32\CoreUIComponents.dll [avoiding WinVerifyTrust]
62c4.84c: supR3HardenedDllNotificationCallback: load   00007ffab96e0000 LB 0x000f9000 C:\WINDOWS\SYSTEM32\textinputframework.dll [fFlags=0x0]
62c4.84c: supR3HardenedScreenImage/LdrLoadDll: cache hit (VINF_SUCCESS) on \Device\HarddiskVolume2\Windows\System32\TextInputFramework.dll [avoiding WinVerifyTrust]
62c4.84c: supR3HardenedWinVerifyCacheProcessImportTodos: Processing 'bcryptprimitives.dll'...
62c4.84c: supR3HardenedWinVerifyCacheProcessImportTodos: 'bcryptprimitives.dll' -> '\Device\HarddiskVolume2\Windows\System32\bcryptprimitives.dll' [rcNtRedir=0xc0150008]
62c4.84c: supR3HardenedScreenImage/Imports: cache hit (VINF_SUCCESS) on \Device\HarddiskVolume2\Windows\System32\bcryptprimitives.dll
62c4.84c: supR3HardenedWinVerifyCacheProcessImportTodos: Processing 'rpcrt4.dll'...
62c4.84c: supR3HardenedWinVerifyCacheProcessImportTodos: 'rpcrt4.dll' -> '\Device\HarddiskVolume2\Windows\System32\rpcrt4.dll' [rcNtRedir=0xc0150008]
62c4.84c: supR3HardenedWinVerifyCacheProcessImportTodos: Processing 'combase.dll'...
62c4.84c: supR3HardenedWinVerifyCacheProcessImportTodos: 'combase.dll' -> '\Device\HarddiskVolume2\Windows\System32\combase.dll' [rcNtRedir=0xc0150008]
62c4.84c: supR3HardenedScreenImage/Imports: cache hit (VINF_SUCCESS) on \Device\HarddiskVolume2\Windows\System32\combase.dll
62c4.84c: supR3HardenedWinVerifyCacheProcessImportTodos: Processing 'ws2_32.dll'...
62c4.84c: supR3HardenedWinVerifyCacheProcessImportTodos: 'ws2_32.dll' -> '\Device\HarddiskVolume2\Windows\System32\ws2_32.dll' [rcNtRedir=0xc0150008]
62c4.84c: supR3HardenedScreenImage/Imports: cache hit (VINF_SUCCESS) on \Device\HarddiskVolume2\Windows\System32\ws2_32.dll
62c4.84c: supR3HardenedWinVerifyCacheProcessImportTodos: Processing 'msvcrt.dll'...
62c4.84c: supR3HardenedWinVerifyCacheProcessImportTodos: 'msvcrt.dll' -> '\Device\HarddiskVolume2\Windows\System32\msvcrt.dll' [rcNtRedir=0xc0150008]
62c4.84c: supR3HardenedWinVerifyCacheProcessImportTodos: Processing 'shcore.dll'...
62c4.84c: supR3HardenedWinVerifyCacheProcessImportTodos: 'shcore.dll' -> '\Device\HarddiskVolume2\Windows\System32\shcore.dll' [rcNtRedir=0xc0150008]
62c4.84c: supR3HardenedScreenImage/Imports: cache hit (VINF_SUCCESS) on \Device\HarddiskVolume2\Windows\System32\SHCore.dll
62c4.84c: supR3HardenedWinVerifyCacheProcessImportTodos: Processing 'rpcrt4.dll'...
62c4.84c: supR3HardenedWinVerifyCacheProcessImportTodos: 'rpcrt4.dll' -> '\Device\HarddiskVolume2\Windows\System32\rpcrt4.dll' [rcNtRedir=0xc0150008]
62c4.84c: supR3HardenedWinVerifyCacheProcessImportTodos: Processing 'coremessaging.dll'...
62c4.84c: supR3HardenedWinVerifyCacheProcessImportTodos: 'coremessaging.dll' -> '\Device\HarddiskVolume2\Windows\System32\coremessaging.dll' [rcNtRedir=0xc0150008]
62c4.84c: supR3HardenedScreenImage/Imports: cache hit (VINF_SUCCESS) on \Device\HarddiskVolume2\Windows\System32\CoreMessaging.dll [lacks WinVerifyTrust]
62c4.84c: supR3HardenedWinVerifyCacheProcessImportTodos: Processing 'msvcrt.dll'...
62c4.84c: supR3HardenedWinVerifyCacheProcessImportTodos: 'msvcrt.dll' -> '\Device\HarddiskVolume2\Windows\System32\msvcrt.dll' [rcNtRedir=0xc0150008]
62c4.84c: supR3HardenedWinVerifyCacheProcessImportTodos: Processing 'coremessaging.dll'...
62c4.84c: supR3HardenedWinVerifyCacheProcessImportTodos: 'coremessaging.dll' -> '\Device\HarddiskVolume2\Windows\System32\coremessaging.dll' [rcNtRedir=0xc0150008]
62c4.84c: supR3HardenedScreenImage/Imports: cache hit (VINF_SUCCESS) on \Device\HarddiskVolume2\Windows\System32\CoreMessaging.dll [lacks WinVerifyTrust]
62c4.84c: supR3HardenedWinVerifyCacheProcessImportTodos: Processing 'coreuicomponents.dll'...
62c4.84c: supR3HardenedWinVerifyCacheProcessImportTodos: 'coreuicomponents.dll' -> '\Device\HarddiskVolume2\Windows\System32\coreuicomponents.dll' [rcNtRedir=0xc0150008]
62c4.84c: supR3HardenedScreenImage/Imports: cache hit (VINF_SUCCESS) on \Device\HarddiskVolume2\Windows\System32\CoreUIComponents.dll [lacks WinVerifyTrust]
62c4.84c: supR3HardenedWinVerifyCacheProcessImportTodos: Processing 'rpcrt4.dll'...
62c4.84c: supR3HardenedWinVerifyCacheProcessImportTodos: 'rpcrt4.dll' -> '\Device\HarddiskVolume2\Windows\System32\rpcrt4.dll' [rcNtRedir=0xc0150008]
62c4.84c: supR3HardenedWinVerifyCacheProcessImportTodos: Processing 'oleaut32.dll'...
62c4.84c: supR3HardenedWinVerifyCacheProcessImportTodos: 'oleaut32.dll' -> '\Device\HarddiskVolume2\Windows\System32\oleaut32.dll' [rcNtRedir=0xc0150008]
62c4.84c: supR3HardenedWinVerifyCacheProcessImportTodos: Processing 'msvcrt.dll'...
62c4.84c: supR3HardenedWinVerifyCacheProcessImportTodos: 'msvcrt.dll' -> '\Device\HarddiskVolume2\Windows\System32\msvcrt.dll' [rcNtRedir=0xc0150008]
62c4.84c: supR3HardenedWinVerifyCacheProcessImportTodos: Processing 'msvcp_win.dll'...
62c4.84c: supR3HardenedWinVerifyCacheProcessImportTodos: 'msvcp_win.dll' -> '\Device\HarddiskVolume2\Windows\System32\msvcp_win.dll' [rcNtRedir=0xc0150008]
62c4.84c: supR3HardenedScreenImage/Imports: cache hit (VINF_SUCCESS) on \Device\HarddiskVolume2\Windows\System32\msvcp_win.dll
62c4.84c: supR3HardenedWinVerifyCacheProcessImportTodos: Processing 'combase.dll'...
62c4.84c: supR3HardenedWinVerifyCacheProcessImportTodos: 'combase.dll' -> '\Device\HarddiskVolume2\Windows\System32\combase.dll' [rcNtRedir=0xc0150008]
62c4.84c: supR3HardenedScreenImage/Imports: cache hit (VINF_SUCCESS) on \Device\HarddiskVolume2\Windows\System32\combase.dll
62c4.84c: supR3HardenedWinVerifyCacheProcessImportTodos: Processing 'rpcrt4.dll'...
62c4.84c: supR3HardenedWinVerifyCacheProcessImportTodos: 'rpcrt4.dll' -> '\Device\HarddiskVolume2\Windows\System32\rpcrt4.dll' [rcNtRedir=0xc0150008]
62c4.84c: supR3HardenedMonitor_LdrLoadDll: returns rcNt=0x0 hMod=00007ffadec80000 'C:\WINDOWS\system32\rsaenh.dll'
62c4.84c: supR3HardenedMonitor_LdrLoadDll: returns rcNt=0x0 hMod=00007ffae0070000 'C:\WINDOWS\System32\crypt32.dll'
62c4.84c: supR3HardenedWinVerifyCacheProcessWvtTodos: 0 (was 0) fWinVerifyTrust=1 for '\Device\HarddiskVolume2\Windows\System32\WinTypes.dll'
62c4.84c: supR3HardenedMonitor_LdrLoadDll: returns rcNt=0x0 hMod=00007ffadec80000 'C:\WINDOWS\system32\rsaenh.dll'
62c4.84c: supR3HardenedMonitor_LdrLoadDll: returns rcNt=0x0 hMod=00007ffae0070000 'C:\WINDOWS\System32\crypt32.dll'
62c4.84c: supR3HardenedWinVerifyCacheProcessWvtTodos: 0 (was 0) fWinVerifyTrust=1 for '\Device\HarddiskVolume2\Windows\System32\ntmarta.dll'
62c4.84c: supR3HardenedMonitor_LdrLoadDll: returns rcNt=0x0 hMod=00007ffadec80000 'C:\WINDOWS\system32\rsaenh.dll'
62c4.84c: supR3HardenedMonitor_LdrLoadDll: returns rcNt=0x0 hMod=00007ffae0070000 'C:\WINDOWS\System32\crypt32.dll'
62c4.84c: supR3HardenedWinVerifyCacheProcessWvtTodos: 0 (was 0) fWinVerifyTrust=1 for '\Device\HarddiskVolume2\Windows\System32\CoreMessaging.dll'
62c4.84c: supR3HardenedMonitor_LdrLoadDll: returns rcNt=0x0 hMod=00007ffadec80000 'C:\WINDOWS\system32\rsaenh.dll'
62c4.84c: supR3HardenedMonitor_LdrLoadDll: returns rcNt=0x0 hMod=00007ffae0070000 'C:\WINDOWS\System32\crypt32.dll'
62c4.84c: supR3HardenedWinVerifyCacheProcessWvtTodos: 0 (was 0) fWinVerifyTrust=1 for '\Device\HarddiskVolume2\Windows\System32\CoreUIComponents.dll'
62c4.84c: supR3HardenedMonitor_LdrLoadDll: returns rcNt=0x0 hMod=00007ffadec80000 'C:\WINDOWS\system32\rsaenh.dll'
62c4.84c: supR3HardenedMonitor_LdrLoadDll: returns rcNt=0x0 hMod=00007ffae0070000 'C:\WINDOWS\System32\crypt32.dll'
62c4.84c: supR3HardenedWinVerifyCacheProcessWvtTodos: 0 (was 0) fWinVerifyTrust=1 for '\Device\HarddiskVolume2\Windows\System32\TextInputFramework.dll'
62c4.84c: supR3HardenedMonitor_LdrLoadDll: returns rcNt=0x0 hMod=00007ffadec80000 'C:\WINDOWS\system32\rsaenh.dll'
62c4.84c: supR3HardenedMonitor_LdrLoadDll: returns rcNt=0x0 hMod=00007ffae0070000 'C:\WINDOWS\System32\crypt32.dll'
62c4.84c: supR3HardenedWinVerifyCacheProcessWvtTodos: 0 (was 0) fWinVerifyTrust=1 for '\Device\HarddiskVolume2\Windows\System32\twinapi.appcore.dll'
62c4.84c: supR3HardenedMonitor_LdrLoadDll: returns rcNt=0x0 hMod=00007ffae0690000 'C:\WINDOWS\System32\ole32.dll'
62c4.84c: supR3HardenedMonitor_LdrLoadDll: returns rcNt=0x0 hMod=00007ffae0c80000 'C:\WINDOWS\System32\OLEAUT32.dll'
62c4.84c: supR3HardNtViCallWinVerifyTrustCatFile: hFile=0000000000000cb0 pwszName=\Device\HarddiskVolume2\Windows\System32\wbem\wbemprox.dll
62c4.84c: supR3HardNtViCallWinVerifyTrustCatFile: Cached context 000002185c23eba0
62c4.84c: supR3HardNtViCallWinVerifyTrustCatFile: hCatAdmin=000002185c23eba0
62c4.84c: supR3HardNtViCallWinVerifyTrustCatFile: cbHash=20 wszDigest=3BDE779C324B1B2E91238C2A86E13264284D56B8
62c4.84c: supR3HardenedMonitor_LdrLoadDll: returns rcNt=0x0 hMod=00007ffadec80000 'C:\WINDOWS\system32\rsaenh.dll'
62c4.84c: supR3HardenedMonitor_LdrLoadDll: returns rcNt=0x0 hMod=00007ffae0070000 'C:\WINDOWS\System32\crypt32.dll'
62c4.84c: supR3HardNtViCallWinVerifyTrustCatFile: WinVerifyTrust => 0x0; cat='C:\WINDOWS\system32\CatRoot\{F750E6C3-38EE-11D1-85E5-00C04FC295EE}\Microsoft-Windows-Client-Desktop-Required-Package04~31bf3856ad364e35~amd64~~10.0.19041.6466.cat'; file='\Device\HarddiskVolume2\Windows\System32\wbem\wbemprox.dll'
62c4.84c: supR3HardNtViCallWinVerifyTrustCatFile -> 0 (org 22900)
62c4.84c: supR3HardenedWinVerifyCacheScheduleImports: Import todo: #0 'msvcrt.dll'.
62c4.84c: supR3HardenedWinVerifyCacheScheduleImports: Import todo: #5 'ws2_32.dll'.
62c4.84c: supR3HardenedWinVerifyCacheScheduleImports: Import todo: #18 'wbemcomn.dll'.
62c4.84c: supHardenedWinVerifyImageByHandle: -> 0 (\Device\HarddiskVolume2\Windows\System32\wbem\wbemprox.dll) WinVerifyTrust
62c4.84c: supR3HardenedWinVerifyCacheInsert: \Device\HarddiskVolume2\Windows\System32\wbem\wbemprox.dll
62c4.84c: supR3HardenedWinVerifyCacheProcessImportTodos: Processing 'wbemcomn.dll'...
62c4.84c: supR3HardenedWinVerifyCacheProcessImportTodos: 'wbemcomn.dll' -> '\Device\HarddiskVolume2\Windows\System32\wbemcomn.dll' [rcNtRedir=0xc0150008]
62c4.84c: supR3HardNtViCallWinVerifyTrustCatFile: hFile=0000000000000ca8 pwszName=\Device\HarddiskVolume2\Windows\System32\wbemcomn.dll
62c4.84c: supR3HardNtViCallWinVerifyTrustCatFile: Cached context 000002185c23eba0
62c4.84c: supR3HardNtViCallWinVerifyTrustCatFile: hCatAdmin=000002185c23eba0
62c4.84c: supR3HardNtViCallWinVerifyTrustCatFile: cbHash=20 wszDigest=10D4848489EBE5251FC06EBA39CD8C3F27FB5394
62c4.84c: supR3HardenedMonitor_LdrLoadDll: returns rcNt=0x0 hMod=00007ffadec80000 'C:\WINDOWS\system32\rsaenh.dll'
62c4.84c: supR3HardenedMonitor_LdrLoadDll: returns rcNt=0x0 hMod=00007ffae0070000 'C:\WINDOWS\System32\crypt32.dll'
62c4.84c: supR3HardNtViCallWinVerifyTrustCatFile: WinVerifyTrust => 0x0; cat='C:\WINDOWS\system32\CatRoot\{F750E6C3-38EE-11D1-85E5-00C04FC295EE}\Microsoft-Windows-Client-Desktop-Required-Package04~31bf3856ad364e35~amd64~~10.0.19041.6466.cat'; file='\Device\HarddiskVolume2\Windows\System32\wbemcomn.dll'
62c4.84c: supR3HardNtViCallWinVerifyTrustCatFile -> 0 (org 22900)
62c4.84c: supR3HardenedWinVerifyCacheScheduleImports: Import todo: #0 'msvcrt.dll'.
62c4.84c: supHardenedWinVerifyImageByHandle: -> 0 (\Device\HarddiskVolume2\Windows\System32\wbemcomn.dll) WinVerifyTrust
62c4.84c: supR3HardenedWinVerifyCacheInsert: \Device\HarddiskVolume2\Windows\System32\wbemcomn.dll
62c4.84c: supR3HardenedWinVerifyCacheProcessImportTodos: Processing 'ws2_32.dll'...
62c4.84c: supR3HardenedWinVerifyCacheProcessImportTodos: 'ws2_32.dll' -> '\Device\HarddiskVolume2\Windows\System32\ws2_32.dll' [rcNtRedir=0xc0150008]
62c4.84c: supR3HardenedScreenImage/Imports: cache hit (VINF_SUCCESS) on \Device\HarddiskVolume2\Windows\System32\ws2_32.dll
62c4.84c: supR3HardenedWinVerifyCacheProcessImportTodos: Processing 'msvcrt.dll'...
62c4.84c: supR3HardenedWinVerifyCacheProcessImportTodos: 'msvcrt.dll' -> '\Device\HarddiskVolume2\Windows\System32\msvcrt.dll' [rcNtRedir=0xc0150008]
62c4.84c: supR3HardenedWinVerifyCacheProcessImportTodos: Processing 'msvcrt.dll'...
62c4.84c: supR3HardenedWinVerifyCacheProcessImportTodos: 'msvcrt.dll' -> '\Device\HarddiskVolume2\Windows\System32\msvcrt.dll' [rcNtRedir=0xc0150008]
62c4.84c: supR3HardenedScreenImage/Imports: cache hit (VINF_SUCCESS) on \Device\HarddiskVolume2\Windows\System32\msvcrt.dll
62c4.84c: supR3HardenedMonitor_LdrLoadDll: pName=C:\WINDOWS\system32\wbem\wbemprox.dll (rcNtResolve=0xc0150008) *pfFlags=0x0 pwszSearchPath=0000000000002009:<flags> [calling]
62c4.84c: supR3HardenedScreenImage/NtCreateSection: cache hit (VINF_SUCCESS) on \Device\HarddiskVolume2\Windows\System32\wbem\wbemprox.dll
62c4.84c: supR3HardenedScreenImage/NtCreateSection: cache hit (VINF_SUCCESS) on \Device\HarddiskVolume2\Windows\System32\wbemcomn.dll
62c4.84c: supR3HardenedDllNotificationCallback: load   00007ffad88e0000 LB 0x00090000 C:\WINDOWS\SYSTEM32\wbemcomn.dll [fFlags=0x0]
62c4.84c: supR3HardenedScreenImage/LdrLoadDll: cache hit (VINF_SUCCESS) on \Device\HarddiskVolume2\Windows\System32\wbemcomn.dll
62c4.84c: supR3HardenedDllNotificationCallback: load   00007ffad8970000 LB 0x00011000 C:\WINDOWS\system32\wbem\wbemprox.dll [fFlags=0x0]
62c4.84c: supR3HardenedScreenImage/LdrLoadDll: cache hit (VINF_SUCCESS) on \Device\HarddiskVolume2\Windows\System32\wbem\wbemprox.dll
62c4.84c: supR3HardenedIsApiSetDll: ApiSetQueryApiSetPresence(API-MS-Win-Core-LocalRegistry-L1-1-0.dll) -> 0x0, fPresent=1
62c4.84c: supR3HardenedMonitor_LdrLoadDll: pName=API-MS-Win-Core-LocalRegistry-L1-1-0.dll (rcNtResolve=0x0) *pfFlags=0x0 pwszSearchPath=0000000000000009:<flags> [calling]
62c4.84c: supR3HardenedMonitor_LdrLoadDll: returns rcNt=0x0 hMod=00007ffae01d0000 'API-MS-Win-Core-LocalRegistry-L1-1-0.dll'
62c4.84c: supR3HardenedMonitor_LdrLoadDll: returns rcNt=0x0 hMod=00007ffad8970000 'C:\WINDOWS\system32\wbem\wbemprox.dll'
62c4.84c: supR3HardNtViCallWinVerifyTrustCatFile: hFile=0000000000000cf0 pwszName=\Device\HarddiskVolume2\Windows\System32\wbem\wbemsvc.dll
62c4.84c: supR3HardNtViCallWinVerifyTrustCatFile: Cached context 000002185c23eba0
62c4.84c: supR3HardNtViCallWinVerifyTrustCatFile: hCatAdmin=000002185c23eba0
62c4.84c: supR3HardNtViCallWinVerifyTrustCatFile: cbHash=20 wszDigest=86AB79F51B3C103952EF93FB96F82884D552BCBD
62c4.84c: supR3HardenedMonitor_LdrLoadDll: returns rcNt=0x0 hMod=00007ffadec80000 'C:\WINDOWS\system32\rsaenh.dll'
62c4.84c: supR3HardenedMonitor_LdrLoadDll: returns rcNt=0x0 hMod=00007ffae0070000 'C:\WINDOWS\System32\crypt32.dll'
62c4.84c: supR3HardNtViCallWinVerifyTrustCatFile: WinVerifyTrust => 0x0; cat='C:\WINDOWS\system32\CatRoot\{F750E6C3-38EE-11D1-85E5-00C04FC295EE}\Microsoft-Windows-Client-Desktop-Required-Package04~31bf3856ad364e35~amd64~~10.0.19041.6466.cat'; file='\Device\HarddiskVolume2\Windows\System32\wbem\wbemsvc.dll'
62c4.84c: supR3HardNtViCallWinVerifyTrustCatFile -> 0 (org 22900)
62c4.84c: supR3HardenedWinVerifyCacheScheduleImports: Import todo: #0 'msvcrt.dll'.
62c4.84c: supR3HardenedWinVerifyCacheScheduleImports: Import todo: #1 'rpcrt4.dll'.
62c4.84c: supHardenedWinVerifyImageByHandle: -> 0 (\Device\HarddiskVolume2\Windows\System32\wbem\wbemsvc.dll) WinVerifyTrust
62c4.84c: supR3HardenedWinVerifyCacheInsert: \Device\HarddiskVolume2\Windows\System32\wbem\wbemsvc.dll
62c4.84c: supR3HardenedWinVerifyCacheProcessImportTodos: Processing 'rpcrt4.dll'...
62c4.84c: supR3HardenedWinVerifyCacheProcessImportTodos: 'rpcrt4.dll' -> '\Device\HarddiskVolume2\Windows\System32\rpcrt4.dll' [rcNtRedir=0xc0150008]
62c4.84c: supR3HardenedWinVerifyCacheProcessImportTodos: Processing 'msvcrt.dll'...
62c4.84c: supR3HardenedWinVerifyCacheProcessImportTodos: 'msvcrt.dll' -> '\Device\HarddiskVolume2\Windows\System32\msvcrt.dll' [rcNtRedir=0xc0150008]
62c4.84c: supR3HardenedMonitor_LdrLoadDll: pName=C:\WINDOWS\system32\wbem\wbemsvc.dll (rcNtResolve=0xc0150008) *pfFlags=0x0 pwszSearchPath=0000000000002009:<flags> [calling]
62c4.84c: supR3HardenedScreenImage/NtCreateSection: cache hit (VINF_SUCCESS) on \Device\HarddiskVolume2\Windows\System32\wbem\wbemsvc.dll
62c4.84c: supR3HardenedDllNotificationCallback: load   00007ffad6d00000 LB 0x00014000 C:\WINDOWS\system32\wbem\wbemsvc.dll [fFlags=0x0]
62c4.84c: supR3HardenedScreenImage/LdrLoadDll: cache hit (VINF_SUCCESS) on \Device\HarddiskVolume2\Windows\System32\wbem\wbemsvc.dll
62c4.84c: supR3HardenedMonitor_LdrLoadDll: returns rcNt=0x0 hMod=00007ffad6d00000 'C:\WINDOWS\system32\wbem\wbemsvc.dll'
62c4.84c: supR3HardenedIsApiSetDll: ApiSetQueryApiSetPresence(api-ms-win-core-localization-l1-2-0.dll) -> 0x0, fPresent=1
62c4.84c: supR3HardenedMonitor_LdrLoadDll: pName=api-ms-win-core-localization-l1-2-0.dll (rcNtResolve=0x0) *pfFlags=0x0 pwszSearchPath=0000000000000009:<flags> [calling]
62c4.84c: supR3HardenedMonitor_LdrLoadDll: returns rcNt=0x0 hMod=00007ffae01d0000 'api-ms-win-core-localization-l1-2-0.dll'
62c4.84c: supR3HardenedIsApiSetDll: ApiSetQueryApiSetPresence(api-ms-win-core-localization-obsolete-l1-1-0.dll) -> 0x0, fPresent=1
62c4.84c: supR3HardenedMonitor_LdrLoadDll: pName=api-ms-win-core-localization-obsolete-l1-1-0.dll (rcNtResolve=0x0) *pfFlags=0x0 pwszSearchPath=0000000000000009:<flags> [calling]
62c4.84c: supR3HardenedMonitor_LdrLoadDll: returns rcNt=0x0 hMod=00007ffae01d0000 'api-ms-win-core-localization-obsolete-l1-1-0.dll'
62c4.84c: supR3HardNtViCallWinVerifyTrustCatFile: hFile=0000000000000d08 pwszName=\Device\HarddiskVolume2\Windows\System32\wbem\fastprox.dll
62c4.84c: supR3HardNtViCallWinVerifyTrustCatFile: Cached context 000002185c23eba0
62c4.84c: supR3HardNtViCallWinVerifyTrustCatFile: hCatAdmin=000002185c23eba0
62c4.84c: supR3HardNtViCallWinVerifyTrustCatFile: cbHash=20 wszDigest=06B9B6703DCDBF4F336FCEFB67E31C67BCEC08D5
62c4.84c: supR3HardenedMonitor_LdrLoadDll: returns rcNt=0x0 hMod=00007ffadec80000 'C:\WINDOWS\system32\rsaenh.dll'
62c4.84c: supR3HardenedMonitor_LdrLoadDll: returns rcNt=0x0 hMod=00007ffae0070000 'C:\WINDOWS\System32\crypt32.dll'
62c4.84c: supR3HardNtViCallWinVerifyTrustCatFile: WinVerifyTrust => 0x0; cat='C:\WINDOWS\system32\CatRoot\{F750E6C3-38EE-11D1-85E5-00C04FC295EE}\Microsoft-Windows-Client-Desktop-Required-Package04~31bf3856ad364e35~amd64~~10.0.19041.6466.cat'; file='\Device\HarddiskVolume2\Windows\System32\wbem\fastprox.dll'
62c4.84c: supR3HardNtViCallWinVerifyTrustCatFile -> 0 (org 22900)
62c4.84c: supR3HardenedWinVerifyCacheScheduleImports: Import todo: #0 'msvcrt.dll'.
62c4.84c: supR3HardenedWinVerifyCacheScheduleImports: Import todo: #20 'wbemcomn.dll'.
62c4.84c: supHardenedWinVerifyImageByHandle: -> 0 (\Device\HarddiskVolume2\Windows\System32\wbem\fastprox.dll) WinVerifyTrust
62c4.84c: supR3HardenedWinVerifyCacheInsert: \Device\HarddiskVolume2\Windows\System32\wbem\fastprox.dll
62c4.84c: supR3HardenedWinVerifyCacheProcessImportTodos: Processing 'wbemcomn.dll'...
62c4.84c: supR3HardenedWinVerifyCacheProcessImportTodos: 'wbemcomn.dll' -> '\Device\HarddiskVolume2\Windows\System32\wbemcomn.dll' [rcNtRedir=0xc0150008]
62c4.84c: supR3HardenedScreenImage/Imports: cache hit (VINF_SUCCESS) on \Device\HarddiskVolume2\Windows\System32\wbemcomn.dll
62c4.84c: supR3HardenedWinVerifyCacheProcessImportTodos: Processing 'msvcrt.dll'...
62c4.84c: supR3HardenedWinVerifyCacheProcessImportTodos: 'msvcrt.dll' -> '\Device\HarddiskVolume2\Windows\System32\msvcrt.dll' [rcNtRedir=0xc0150008]
62c4.84c: supR3HardenedMonitor_LdrLoadDll: pName=C:\WINDOWS\system32\wbem\fastprox.dll (rcNtResolve=0xc0150008) *pfFlags=0x0 pwszSearchPath=0000000000002009:<flags> [calling]
62c4.84c: supR3HardenedScreenImage/NtCreateSection: cache hit (VINF_SUCCESS) on \Device\HarddiskVolume2\Windows\System32\wbem\fastprox.dll
62c4.84c: supR3HardenedDllNotificationCallback: load   00007ffad6d40000 LB 0x0010c000 C:\WINDOWS\system32\wbem\fastprox.dll [fFlags=0x0]
62c4.84c: supR3HardenedScreenImage/LdrLoadDll: cache hit (VINF_SUCCESS) on \Device\HarddiskVolume2\Windows\System32\wbem\fastprox.dll
62c4.84c: supR3HardenedMonitor_LdrLoadDll: returns rcNt=0x0 hMod=00007ffad6d40000 'C:\WINDOWS\system32\wbem\fastprox.dll'
62c4.84c: supR3HardNtViCallWinVerifyTrustCatFile: hFile=0000000000000d1c pwszName=\Device\HarddiskVolume2\Windows\System32\amsi.dll
62c4.84c: supR3HardNtViCallWinVerifyTrustCatFile: Cached context 000002185c23eba0
62c4.84c: supR3HardNtViCallWinVerifyTrustCatFile: hCatAdmin=000002185c23eba0
62c4.84c: supR3HardNtViCallWinVerifyTrustCatFile: cbHash=20 wszDigest=759C41732AEF7C0FEF4EB5854E70672674DBA3BB
62c4.84c: supR3HardenedMonitor_LdrLoadDll: returns rcNt=0x0 hMod=00007ffadec80000 'C:\WINDOWS\system32\rsaenh.dll'
62c4.84c: supR3HardenedMonitor_LdrLoadDll: returns rcNt=0x0 hMod=00007ffae0070000 'C:\WINDOWS\System32\crypt32.dll'
62c4.84c: supR3HardNtViCallWinVerifyTrustCatFile: WinVerifyTrust => 0x0; cat='C:\WINDOWS\system32\CatRoot\{F750E6C3-38EE-11D1-85E5-00C04FC295EE}\Microsoft-Windows-Client-Desktop-Required-Package05~31bf3856ad364e35~amd64~~10.0.19041.6332.cat'; file='\Device\HarddiskVolume2\Windows\System32\amsi.dll'
62c4.84c: supR3HardNtViCallWinVerifyTrustCatFile -> 0 (org 22900)
62c4.84c: supR3HardenedWinVerifyCacheScheduleImports: Import todo: #0 'msvcrt.dll'.
62c4.84c: supR3HardenedWinVerifyCacheScheduleImports: Import todo: #14 'rpcrt4.dll'.
62c4.84c: supHardenedWinVerifyImageByHandle: -> 0 (\Device\HarddiskVolume2\Windows\System32\amsi.dll) WinVerifyTrust
62c4.84c: supR3HardenedWinVerifyCacheInsert: \Device\HarddiskVolume2\Windows\System32\amsi.dll
62c4.84c: supR3HardenedWinVerifyCacheProcessImportTodos: Processing 'rpcrt4.dll'...
62c4.84c: supR3HardenedWinVerifyCacheProcessImportTodos: 'rpcrt4.dll' -> '\Device\HarddiskVolume2\Windows\System32\rpcrt4.dll' [rcNtRedir=0xc0150008]
62c4.84c: supR3HardenedWinVerifyCacheProcessImportTodos: Processing 'msvcrt.dll'...
62c4.84c: supR3HardenedWinVerifyCacheProcessImportTodos: 'msvcrt.dll' -> '\Device\HarddiskVolume2\Windows\System32\msvcrt.dll' [rcNtRedir=0xc0150008]
62c4.84c: supR3HardenedMonitor_LdrLoadDll: pName=C:\WINDOWS\System32\amsi.dll (Input=amsi.dll, rcNtResolve=0xc0150008) *pfFlags=0x0 pwszSearchPath=0000000000000801:<flags> [calling]
62c4.84c: supR3HardenedScreenImage/NtCreateSection: cache hit (VINF_SUCCESS) on \Device\HarddiskVolume2\Windows\System32\amsi.dll
62c4.84c: supR3HardenedDllNotificationCallback: load   00007ffad4660000 LB 0x0001f000 C:\WINDOWS\System32\amsi.dll [fFlags=0x0]
62c4.84c: supR3HardenedScreenImage/LdrLoadDll: cache hit (VINF_SUCCESS) on \Device\HarddiskVolume2\Windows\System32\amsi.dll
62c4.84c: supR3HardenedMonitor_LdrLoadDll: returns rcNt=0x0 hMod=00007ffad4660000 'C:\WINDOWS\System32\amsi.dll'
62c4.84c: supR3HardenedMonitor_LdrLoadDll: returns rcNt=0x0 hMod=00007ffadec80000 'C:\WINDOWS\system32\rsaenh.dll'
62c4.84c: supR3HardenedMonitor_LdrLoadDll: returns rcNt=0x0 hMod=00007ffae0070000 'C:\WINDOWS\System32\crypt32.dll'
62c4.84c: supR3HardenedWinVerifyCacheScheduleImports: Import todo: #2 'advapi32.dll'.
62c4.84c: supR3HardenedWinVerifyCacheScheduleImports: Import todo: #3 'oleaut32.dll'.
62c4.84c: supR3HardenedWinVerifyCacheScheduleImports: Import todo: #4 'ole32.dll'.
62c4.84c: supHardenedWinVerifyImageByHandle: -> 0 (\Device\HarddiskVolume2\ProgramData\Microsoft\Windows Defender\Platform\4.18.26010.5-0\MpOAV.dll) WinVerifyTrust
62c4.84c: supR3HardenedWinVerifyCacheInsert: \Device\HarddiskVolume2\ProgramData\Microsoft\Windows Defender\Platform\4.18.26010.5-0\MpOAV.dll
62c4.84c: supR3HardenedWinVerifyCacheProcessImportTodos: Processing 'ole32.dll'...
62c4.84c: supR3HardenedWinVerifyCacheProcessImportTodos: 'ole32.dll' -> '\Device\HarddiskVolume2\Windows\System32\ole32.dll' [rcNtRedir=0xc0150008]
62c4.84c: supR3HardenedWinVerifyCacheProcessImportTodos: Processing 'oleaut32.dll'...
62c4.84c: supR3HardenedWinVerifyCacheProcessImportTodos: 'oleaut32.dll' -> '\Device\HarddiskVolume2\Windows\System32\oleaut32.dll' [rcNtRedir=0xc0150008]
62c4.84c: supR3HardenedWinVerifyCacheProcessImportTodos: Processing 'advapi32.dll'...
62c4.84c: supR3HardenedWinVerifyCacheProcessImportTodos: 'advapi32.dll' -> '\Device\HarddiskVolume2\Windows\System32\advapi32.dll' [rcNtRedir=0xc0150008]
62c4.84c: supR3HardenedMonitor_LdrLoadDll: pName=C:\ProgramData\Microsoft\Windows Defender\Platform\4.18.26010.5-0\MpOav.dll (rcNtResolve=0xc0150008) *pfFlags=0x0 pwszSearchPath=0000000000000001:<flags> [calling]
62c4.84c: supR3HardenedScreenImage/NtCreateSection: cache hit (VINF_SUCCESS) on \Device\HarddiskVolume2\ProgramData\Microsoft\Windows Defender\Platform\4.18.26010.5-0\MpOAV.dll
62c4.84c: supR3HardenedDllNotificationCallback: load   00007ffad44f0000 LB 0x000a2000 C:\ProgramData\Microsoft\Windows Defender\Platform\4.18.26010.5-0\MpOav.dll [fFlags=0x0]
62c4.84c: supR3HardenedScreenImage/LdrLoadDll: cache hit (VINF_SUCCESS) on \Device\HarddiskVolume2\ProgramData\Microsoft\Windows Defender\Platform\4.18.26010.5-0\MpOAV.dll
62c4.84c: supR3HardenedIsApiSetDll: ApiSetQueryApiSetPresence(api-ms-win-core-synch-l1-2-0) -> 0x0, fPresent=1
62c4.84c: supR3HardenedMonitor_LdrLoadDll: pName=api-ms-win-core-synch-l1-2-0 (rcNtResolve=0x0) *pfFlags=0x0 pwszSearchPath=0000000000000801:<flags> [calling]
62c4.84c: supR3HardenedMonitor_LdrLoadDll: returns rcNt=0x0 hMod=00007ffae01d0000 'api-ms-win-core-synch-l1-2-0'
62c4.84c: supR3HardenedIsApiSetDll: ApiSetQueryApiSetPresence(api-ms-win-core-fibers-l1-1-1) -> 0x0, fPresent=1
62c4.84c: supR3HardenedMonitor_LdrLoadDll: pName=api-ms-win-core-fibers-l1-1-1 (rcNtResolve=0x0) *pfFlags=0x0 pwszSearchPath=0000000000000801:<flags> [calling]
62c4.84c: supR3HardenedMonitor_LdrLoadDll: returns rcNt=0x0 hMod=00007ffae01d0000 'api-ms-win-core-fibers-l1-1-1'
62c4.84c: supR3HardenedIsApiSetDll: ApiSetQueryApiSetPresence(api-ms-win-core-fibers-l1-1-2) -> 0x0, fPresent=1
62c4.84c: supR3HardenedMonitor_LdrLoadDll: pName=api-ms-win-core-fibers-l1-1-2 (rcNtResolve=0x0) *pfFlags=0x0 pwszSearchPath=0000000000000801:<flags> [calling]
62c4.84c: supR3HardenedMonitor_LdrLoadDll: returns rcNt=0x0 hMod=00007ffae01d0000 'api-ms-win-core-fibers-l1-1-2'
62c4.84c: supR3HardenedScreenImage/LdrLoadDll: cache hit (VINF_SUCCESS) on \Device\HarddiskVolume2\Windows\System32\kernel32.dll
62c4.84c: supR3HardenedMonitor_LdrLoadDll: pName=C:\WINDOWS\System32\kernel32.dll (Input=kernel32, rcNtResolve=0xc0150008) *pfFlags=0x0 pwszSearchPath=0000000000000801:<flags> [calling]
62c4.84c: supR3HardenedMonitor_LdrLoadDll: returns rcNt=0x0 hMod=00007ffae0fd0000 'C:\WINDOWS\System32\kernel32.dll'
62c4.84c: supR3HardenedScreenImage/LdrLoadDll: cache hit (VINF_SUCCESS) on \Device\HarddiskVolume2\Windows\System32\version.dll
62c4.84c: supR3HardenedMonitor_LdrLoadDll: pName=C:\WINDOWS\system32\version.dll (rcNtResolve=0xc0150008) *pfFlags=0x0 pwszSearchPath=0000000000000009:<flags> [calling]
62c4.84c: supR3HardenedMonitor_LdrLoadDll: returns rcNt=0x0 hMod=00007ffad88a0000 'C:\WINDOWS\system32\version.dll'
62c4.84c: supR3HardenedMonitor_LdrLoadDll: returns rcNt=0x0 hMod=00007ffad44f0000 'C:\ProgramData\Microsoft\Windows Defender\Platform\4.18.26010.5-0\MpOav.dll'
62c4.84c: supR3HardenedMonitor_LdrLoadDll: returns rcNt=0x0 hMod=00007ffae05d0000 'C:\WINDOWS\System32\ADVAPI32.dll'
62c4.5104: supR3HardenedMonitor_LdrLoadDll: returns rcNt=0x0 hMod=00007ffae0690000 'C:\WINDOWS\system32\ole32.dll'
62c4.5fec: supR3HardenedMonitor_LdrLoadDll: returns rcNt=0x0 hMod=00007ffae0690000 'C:\WINDOWS\system32\ole32.dll'
62c4.84c: supR3HardNtViCallWinVerifyTrustCatFile: hFile=0000000000000f14 pwszName=\Device\HarddiskVolume2\Windows\System32\ExplorerFrame.dll
62c4.84c: supR3HardNtViCallWinVerifyTrustCatFile: Cached context 000002185c23eba0
62c4.84c: supR3HardNtViCallWinVerifyTrustCatFile: hCatAdmin=000002185c23eba0
62c4.5104: supR3HardenedMonitor_LdrLoadDll: returns rcNt=0x0 hMod=00007ffadec80000 'C:\WINDOWS\system32\rsaenh.dll'
62c4.5104: supR3HardenedMonitor_LdrLoadDll: returns rcNt=0x0 hMod=00007ffae0070000 'C:\WINDOWS\System32\crypt32.dll'
62c4.84c: supR3HardNtViCallWinVerifyTrustCatFile: cbHash=20 wszDigest=E28DAA746E83AE56C88D5E0FDDF0BB43712EDB80
62c4.84c: supR3HardenedMonitor_LdrLoadDll: returns rcNt=0x0 hMod=00007ffadec80000 'C:\WINDOWS\system32\rsaenh.dll'
62c4.84c: supR3HardenedMonitor_LdrLoadDll: returns rcNt=0x0 hMod=00007ffae0070000 'C:\WINDOWS\System32\crypt32.dll'
62c4.84c: supR3HardNtViCallWinVerifyTrustCatFile: WinVerifyTrust => 0x0; cat='C:\WINDOWS\system32\CatRoot\{F750E6C3-38EE-11D1-85E5-00C04FC295EE}\Microsoft-Windows-Client-Desktop-Required-Package0517~31bf3856ad364e35~amd64~~10.0.19041.6456.cat'; file='\Device\HarddiskVolume2\Windows\System32\ExplorerFrame.dll'
62c4.84c: supR3HardNtViCallWinVerifyTrustCatFile -> 0 (org 22900)
62c4.84c: supR3HardenedWinVerifyCacheScheduleImports: Import todo: #0 'msvcp_win.dll'.
62c4.84c: supR3HardenedWinVerifyCacheScheduleImports: Import todo: #4 'shcore.dll'.
62c4.84c: supR3HardenedWinVerifyCacheScheduleImports: Import todo: #5 'shell32.dll'.
62c4.84c: supR3HardenedWinVerifyCacheScheduleImports: Import todo: #6 'shlwapi.dll'.
62c4.84c: supR3HardenedWinVerifyCacheScheduleImports: Import todo: #25 'rpcrt4.dll'.
62c4.84c: supR3HardenedWinVerifyCacheScheduleImports: Import todo: #46 'advapi32.dll'.
62c4.84c: supR3HardenedWinVerifyCacheScheduleImports: Import todo: #47 'imm32.dll'.
62c4.84c: supR3HardenedWinVerifyCacheScheduleImports: Import todo: #49 'user32.dll'.
62c4.84c: supR3HardenedWinVerifyCacheScheduleImports: Import todo: #50 'gdi32.dll'.
62c4.84c: supR3HardenedWinVerifyCacheScheduleImports: Import todo: #51 'd2d1.dll'.
62c4.84c: supHardenedWinVerifyImageByHandle: -> 0 (\Device\HarddiskVolume2\Windows\System32\ExplorerFrame.dll) WinVerifyTrust
62c4.84c: supR3HardenedWinVerifyCacheInsert: \Device\HarddiskVolume2\Windows\System32\ExplorerFrame.dll
62c4.84c: supR3HardenedWinVerifyCacheProcessImportTodos: Processing 'd2d1.dll'...
62c4.84c: supR3HardenedWinVerifyCacheProcessImportTodos: 'd2d1.dll' -> '\Device\HarddiskVolume2\Windows\System32\d2d1.dll' [rcNtRedir=0xc0150008]
62c4.84c: supR3HardenedMonitor_LdrLoadDll: returns rcNt=0x0 hMod=00007ffadec80000 'C:\WINDOWS\system32\rsaenh.dll'
62c4.84c: supR3HardenedMonitor_LdrLoadDll: returns rcNt=0x0 hMod=00007ffae0070000 'C:\WINDOWS\System32\crypt32.dll'
62c4.84c: supR3HardenedWinVerifyCacheScheduleImports: Import todo: #0 'msvcrt.dll'.
62c4.84c: supHardenedWinVerifyImageByHandle: -> 0 (\Device\HarddiskVolume2\Windows\System32\d2d1.dll) WinVerifyTrust
62c4.84c: supR3HardenedWinVerifyCacheInsert: \Device\HarddiskVolume2\Windows\System32\d2d1.dll
62c4.84c: supR3HardenedWinVerifyCacheProcessImportTodos: Processing 'gdi32.dll'...
62c4.84c: supR3HardenedWinVerifyCacheProcessImportTodos: 'gdi32.dll' -> '\Device\HarddiskVolume2\Windows\System32\gdi32.dll' [rcNtRedir=0xc0150008]
62c4.84c: supR3HardenedWinVerifyCacheProcessImportTodos: Processing 'user32.dll'...
62c4.84c: supR3HardenedWinVerifyCacheProcessImportTodos: 'user32.dll' -> '\Device\HarddiskVolume2\Windows\System32\user32.dll' [rcNtRedir=0xc0150008]
62c4.84c: supR3HardenedWinVerifyCacheProcessImportTodos: Processing 'imm32.dll'...
62c4.84c: supR3HardenedWinVerifyCacheProcessImportTodos: 'imm32.dll' -> '\Device\HarddiskVolume2\Windows\System32\imm32.dll' [rcNtRedir=0xc0150008]
62c4.84c: supR3HardenedScreenImage/Imports: cache hit (VINF_SUCCESS) on \Device\HarddiskVolume2\Windows\System32\imm32.dll
62c4.84c: supR3HardenedWinVerifyCacheProcessImportTodos: Processing 'advapi32.dll'...
62c4.84c: supR3HardenedWinVerifyCacheProcessImportTodos: 'advapi32.dll' -> '\Device\HarddiskVolume2\Windows\System32\advapi32.dll' [rcNtRedir=0xc0150008]
62c4.84c: supR3HardenedWinVerifyCacheProcessImportTodos: Processing 'rpcrt4.dll'...
62c4.84c: supR3HardenedWinVerifyCacheProcessImportTodos: 'rpcrt4.dll' -> '\Device\HarddiskVolume2\Windows\System32\rpcrt4.dll' [rcNtRedir=0xc0150008]
62c4.84c: supR3HardenedWinVerifyCacheProcessImportTodos: Processing 'shlwapi.dll'...
62c4.84c: supR3HardenedWinVerifyCacheProcessImportTodos: 'shlwapi.dll' -> '\Device\HarddiskVolume2\Windows\System32\shlwapi.dll' [rcNtRedir=0xc0150008]
62c4.84c: supR3HardenedScreenImage/Imports: cache hit (VINF_SUCCESS) on \Device\HarddiskVolume2\Windows\System32\shlwapi.dll
62c4.84c: supR3HardenedWinVerifyCacheProcessImportTodos: Processing 'shell32.dll'...
62c4.84c: supR3HardenedWinVerifyCacheProcessImportTodos: 'shell32.dll' -> '\Device\HarddiskVolume2\Windows\System32\shell32.dll' [rcNtRedir=0xc0150008]
62c4.84c: supR3HardenedScreenImage/Imports: cache hit (VINF_SUCCESS) on \Device\HarddiskVolume2\Windows\System32\shell32.dll
62c4.84c: supR3HardenedWinVerifyCacheProcessImportTodos: Processing 'shcore.dll'...
62c4.84c: supR3HardenedWinVerifyCacheProcessImportTodos: 'shcore.dll' -> '\Device\HarddiskVolume2\Windows\System32\shcore.dll' [rcNtRedir=0xc0150008]
62c4.84c: supR3HardenedScreenImage/Imports: cache hit (VINF_SUCCESS) on \Device\HarddiskVolume2\Windows\System32\SHCore.dll
62c4.84c: supR3HardenedWinVerifyCacheProcessImportTodos: Processing 'msvcp_win.dll'...
62c4.84c: supR3HardenedWinVerifyCacheProcessImportTodos: 'msvcp_win.dll' -> '\Device\HarddiskVolume2\Windows\System32\msvcp_win.dll' [rcNtRedir=0xc0150008]
62c4.84c: supR3HardenedScreenImage/Imports: cache hit (VINF_SUCCESS) on \Device\HarddiskVolume2\Windows\System32\msvcp_win.dll
62c4.84c: supR3HardenedWinVerifyCacheProcessImportTodos: Processing 'msvcrt.dll'...
62c4.84c: supR3HardenedWinVerifyCacheProcessImportTodos: 'msvcrt.dll' -> '\Device\HarddiskVolume2\Windows\System32\msvcrt.dll' [rcNtRedir=0xc0150008]
62c4.84c: supR3HardenedMonitor_LdrLoadDll: pName=C:\WINDOWS\system32\explorerframe.dll (rcNtResolve=0xc0150008) *pfFlags=0x0 pwszSearchPath=0000000000002009:<flags> [calling]
62c4.84c: supR3HardenedScreenImage/NtCreateSection: cache hit (VINF_SUCCESS) on \Device\HarddiskVolume2\Windows\System32\ExplorerFrame.dll
62c4.84c: supR3HardenedScreenImage/NtCreateSection: cache hit (VINF_SUCCESS) on \Device\HarddiskVolume2\Windows\System32\d2d1.dll
62c4.84c: supR3HardenedDllNotificationCallback: load   00007ffada010000 LB 0x005c0000 C:\WINDOWS\system32\d2d1.dll [fFlags=0x0]
62c4.84c: supR3HardenedScreenImage/LdrLoadDll: cache hit (VINF_SUCCESS) on \Device\HarddiskVolume2\Windows\System32\d2d1.dll
62c4.84c: supR3HardenedDllNotificationCallback: load   00007ffa9a480000 LB 0x00258000 C:\WINDOWS\system32\explorerframe.dll [fFlags=0x0]
62c4.84c: supR3HardenedScreenImage/LdrLoadDll: cache hit (VINF_SUCCESS) on \Device\HarddiskVolume2\Windows\System32\ExplorerFrame.dll
62c4.84c: supR3HardenedMonitor_LdrLoadDll: returns rcNt=0x0 hMod=00007ffa9a480000 'C:\WINDOWS\system32\explorerframe.dll'
62c4.5244: supR3HardenedMonitor_LdrLoadDll: returns rcNt=0x0 hMod=00007ffadec80000 'C:\WINDOWS\system32\rsaenh.dll'
62c4.5244: supR3HardenedMonitor_LdrLoadDll: returns rcNt=0x0 hMod=00007ffae0070000 'C:\WINDOWS\System32\crypt32.dll'
62c4.5244: supR3HardenedWinVerifyCacheScheduleImports: Import todo: #0 'vcruntime140.dll'.
62c4.5244: supR3HardenedWinVerifyCacheScheduleImports: Import todo: #1 'vcruntime140_1.dll'.
62c4.5244: supR3HardenedWinVerifyCacheScheduleImports: Import todo: #2 'msvcp140.dll'.
62c4.5244: supR3HardenedWinVerifyCacheScheduleImports: Import todo: #3 'vboxrt.dll'.
62c4.5244: supR3HardenedWinVerifyCacheScheduleImports: Import todo: #7 'user32.dll'.
62c4.5244: supR3HardenedWinVerifyCacheScheduleImports: Import todo: #8 'shell32.dll'.
62c4.5244: supR3HardenedWinVerifyCacheScheduleImports: Import todo: #9 'ole32.dll'.
62c4.5244: supHardenedWinVerifyImageByHandle: -> 0 (\Device\HarddiskVolume2\Program Files\Oracle\VirtualBox\VBoxSharedClipboard.dll) WinVerifyTrust
62c4.5244: supR3HardenedWinVerifyCacheInsert: \Device\HarddiskVolume2\Program Files\Oracle\VirtualBox\VBoxSharedClipboard.dll
62c4.5244: supR3HardenedWinVerifyCacheProcessImportTodos: Processing 'ole32.dll'...
62c4.5244: supR3HardenedWinVerifyCacheProcessImportTodos: 'ole32.dll' -> '\Device\HarddiskVolume2\Windows\System32\ole32.dll' [rcNtRedir=0xc0150008]
62c4.5244: supR3HardenedWinVerifyCacheProcessImportTodos: Processing 'shell32.dll'...
62c4.5244: supR3HardenedWinVerifyCacheProcessImportTodos: 'shell32.dll' -> '\Device\HarddiskVolume2\Windows\System32\shell32.dll' [rcNtRedir=0xc0150008]
62c4.5244: supR3HardenedScreenImage/Imports: cache hit (VINF_SUCCESS) on \Device\HarddiskVolume2\Windows\System32\shell32.dll
62c4.5244: supR3HardenedWinVerifyCacheProcessImportTodos: Processing 'user32.dll'...
62c4.5244: supR3HardenedWinVerifyCacheProcessImportTodos: 'user32.dll' -> '\Device\HarddiskVolume2\Windows\System32\user32.dll' [rcNtRedir=0xc0150008]
62c4.5244: supR3HardenedWinVerifyCacheProcessImportTodos: Processing 'vboxrt.dll'...
62c4.5244: supR3HardenedWinVerifyCacheProcessImportTodos: 'vboxrt.dll' -> '\Device\HarddiskVolume2\Program Files\Oracle\VirtualBox\vboxrt.dll' [rcNtRedir=0xc0150008]
62c4.5244: supR3HardenedWinVerifyCacheProcessImportTodos: Processing 'msvcp140.dll'...
62c4.5244: supR3HardenedWinVerifyCacheProcessImportTodos: 'msvcp140.dll' -> '\Device\HarddiskVolume2\Windows\System32\msvcp140.dll' [rcNtRedir=0xc0150008]
62c4.5244: supR3HardenedWinVerifyCacheProcessImportTodos: Processing 'vcruntime140_1.dll'...
62c4.5244: supR3HardenedWinVerifyCacheProcessImportTodos: 'vcruntime140_1.dll' -> '\Device\HarddiskVolume2\Windows\System32\vcruntime140_1.dll' [rcNtRedir=0xc0150008]
62c4.5244: supR3HardenedScreenImage/Imports: cache hit (VINF_SUCCESS) on \Device\HarddiskVolume2\Windows\System32\vcruntime140_1.dll
62c4.5244: supR3HardenedWinVerifyCacheProcessImportTodos: Processing 'vcruntime140.dll'...
62c4.5244: supR3HardenedWinVerifyCacheProcessImportTodos: 'vcruntime140.dll' -> '\Device\HarddiskVolume2\Windows\System32\vcruntime140.dll' [rcNtRedir=0xc0150008]
62c4.5244: supR3HardenedMonitor_LdrLoadDll: pName=C:\Program Files\Oracle\VirtualBox\VBoxSharedClipboard.DLL (rcNtResolve=0xc0150008) *pfFlags=0x0 pwszSearchPath=0000000000000001:<flags> [calling]
62c4.5244: supR3HardenedScreenImage/NtCreateSection: cache hit (VINF_SUCCESS) on \Device\HarddiskVolume2\Program Files\Oracle\VirtualBox\VBoxSharedClipboard.dll
62c4.5244: supR3HardenedDllNotificationCallback: load   00007ffadbfe0000 LB 0x00021000 C:\Program Files\Oracle\VirtualBox\VBoxSharedClipboard.DLL [fFlags=0x0]
62c4.5244: supR3HardenedScreenImage/LdrLoadDll: cache hit (VINF_SUCCESS) on \Device\HarddiskVolume2\Program Files\Oracle\VirtualBox\VBoxSharedClipboard.dll
62c4.5244: supR3HardenedMonitor_LdrLoadDll: returns rcNt=0x0 hMod=00007ffadbfe0000 'C:\Program Files\Oracle\VirtualBox\VBoxSharedClipboard.DLL'
62c4.5cb8: supR3HardenedMonitor_LdrLoadDll: returns rcNt=0x0 hMod=00007ffadec80000 'C:\WINDOWS\system32\rsaenh.dll'
62c4.5cb8: supR3HardenedMonitor_LdrLoadDll: returns rcNt=0x0 hMod=00007ffae0070000 'C:\WINDOWS\System32\crypt32.dll'
62c4.5cb8: supR3HardenedWinVerifyCacheScheduleImports: Import todo: #0 'vcruntime140.dll'.
62c4.5cb8: supR3HardenedWinVerifyCacheScheduleImports: Import todo: #1 'vcruntime140_1.dll'.
62c4.5cb8: supR3HardenedWinVerifyCacheScheduleImports: Import todo: #2 'msvcp140.dll'.
62c4.5cb8: supR3HardenedWinVerifyCacheScheduleImports: Import todo: #3 'vboxrt.dll'.
62c4.5cb8: supHardenedWinVerifyImageByHandle: -> 0 (\Device\HarddiskVolume2\Program Files\Oracle\VirtualBox\VBoxDragAndDropSvc.dll) WinVerifyTrust
62c4.5cb8: supR3HardenedWinVerifyCacheInsert: \Device\HarddiskVolume2\Program Files\Oracle\VirtualBox\VBoxDragAndDropSvc.dll
62c4.5cb8: supR3HardenedWinVerifyCacheProcessImportTodos: Processing 'vboxrt.dll'...
62c4.5cb8: supR3HardenedWinVerifyCacheProcessImportTodos: 'vboxrt.dll' -> '\Device\HarddiskVolume2\Program Files\Oracle\VirtualBox\vboxrt.dll' [rcNtRedir=0xc0150008]
62c4.5cb8: supR3HardenedWinVerifyCacheProcessImportTodos: Processing 'msvcp140.dll'...
62c4.5cb8: supR3HardenedWinVerifyCacheProcessImportTodos: 'msvcp140.dll' -> '\Device\HarddiskVolume2\Windows\System32\msvcp140.dll' [rcNtRedir=0xc0150008]
62c4.5cb8: supR3HardenedScreenImage/Imports: cache hit (VINF_SUCCESS) on \Device\HarddiskVolume2\Windows\System32\msvcp140.dll
62c4.5cb8: supR3HardenedWinVerifyCacheProcessImportTodos: Processing 'vcruntime140_1.dll'...
62c4.5cb8: supR3HardenedWinVerifyCacheProcessImportTodos: 'vcruntime140_1.dll' -> '\Device\HarddiskVolume2\Windows\System32\vcruntime140_1.dll' [rcNtRedir=0xc0150008]
62c4.5cb8: supR3HardenedWinVerifyCacheProcessImportTodos: Processing 'vcruntime140.dll'...
62c4.5cb8: supR3HardenedWinVerifyCacheProcessImportTodos: 'vcruntime140.dll' -> '\Device\HarddiskVolume2\Windows\System32\vcruntime140.dll' [rcNtRedir=0xc0150008]
62c4.5cb8: supR3HardenedMonitor_LdrLoadDll: pName=C:\Program Files\Oracle\VirtualBox\VBoxDragAndDropSvc.DLL (rcNtResolve=0xc0150008) *pfFlags=0x0 pwszSearchPath=0000000000000001:<flags> [calling]
62c4.5cb8: supR3HardenedScreenImage/NtCreateSection: cache hit (VINF_SUCCESS) on \Device\HarddiskVolume2\Program Files\Oracle\VirtualBox\VBoxDragAndDropSvc.dll
62c4.5cb8: supR3HardenedDllNotificationCallback: load   00007ffadbfd0000 LB 0x0000d000 C:\Program Files\Oracle\VirtualBox\VBoxDragAndDropSvc.DLL [fFlags=0x0]
62c4.5cb8: supR3HardenedScreenImage/LdrLoadDll: cache hit (VINF_SUCCESS) on \Device\HarddiskVolume2\Program Files\Oracle\VirtualBox\VBoxDragAndDropSvc.dll
62c4.5cb8: supR3HardenedMonitor_LdrLoadDll: returns rcNt=0x0 hMod=00007ffadbfd0000 'C:\Program Files\Oracle\VirtualBox\VBoxDragAndDropSvc.DLL'
62c4.5104: supR3HardenedScreenImage/LdrLoadDll: cache hit (VINF_SUCCESS) on \Device\HarddiskVolume2\Windows\System32\shell32.dll
62c4.5104: supR3HardenedMonitor_LdrLoadDll: pName=C:\WINDOWS\system32\Shell32.dll (rcNtResolve=0xc0150008) *pfFlags=0x0 pwszSearchPath=0000000000000001:<flags> [calling]
62c4.5104: supR3HardenedMonitor_LdrLoadDll: returns rcNt=0x0 hMod=00007ffae1430000 'C:\WINDOWS\system32\Shell32.dll'
62c4.5104: supR3HardenedMonitor_LdrLoadDll: returns rcNt=0x0 hMod=00007ffadec80000 'C:\WINDOWS\system32\rsaenh.dll'
62c4.5104: supR3HardenedMonitor_LdrLoadDll: returns rcNt=0x0 hMod=00007ffae0070000 'C:\WINDOWS\System32\crypt32.dll'
62c4.5104: supR3HardenedMonitor_LdrLoadDll: returns rcNt=0x0 hMod=00007ffadec80000 'C:\WINDOWS\system32\rsaenh.dll'
62c4.5104: supR3HardenedMonitor_LdrLoadDll: returns rcNt=0x0 hMod=00007ffae0070000 'C:\WINDOWS\System32\crypt32.dll'
62c4.5104: supR3HardenedWinVerifyCacheScheduleImports: Import todo: #0 'vcruntime140.dll'.
62c4.5104: supR3HardenedWinVerifyCacheScheduleImports: Import todo: #1 'vcruntime140_1.dll'.
62c4.5104: supR3HardenedWinVerifyCacheScheduleImports: Import todo: #2 'vboxrt.dll'.
62c4.5104: supR3HardenedWinVerifyCacheScheduleImports: Import todo: #3 'vboxddu.dll'.
62c4.5104: supR3HardenedWinVerifyCacheScheduleImports: Import todo: #4 'vboxdd2.dll'.
62c4.5104: supR3HardenedWinVerifyCacheScheduleImports: Import todo: #6 'user32.dll'.
62c4.5104: supR3HardenedWinVerifyCacheScheduleImports: Import todo: #7 'setupapi.dll'.
62c4.5104: supR3HardenedWinVerifyCacheScheduleImports: Import todo: #8 'ws2_32.dll'.
62c4.5104: supR3HardenedWinVerifyCacheScheduleImports: Import todo: #9 'ole32.dll'.
62c4.5104: supR3HardenedWinVerifyCacheScheduleImports: Import todo: #10 'iphlpapi.dll'.
62c4.5104: supHardenedWinVerifyImageByHandle: -> 0 (\Device\HarddiskVolume2\Program Files\Oracle\VirtualBox\VBoxDD.dll) WinVerifyTrust
62c4.5104: supR3HardenedWinVerifyCacheInsert: \Device\HarddiskVolume2\Program Files\Oracle\VirtualBox\VBoxDD.dll
62c4.5104: supR3HardenedWinVerifyCacheProcessImportTodos: Processing 'iphlpapi.dll'...
62c4.5104: supR3HardenedWinVerifyCacheProcessImportTodos: 'iphlpapi.dll' -> '\Device\HarddiskVolume2\Windows\System32\iphlpapi.dll' [rcNtRedir=0xc0150008]
62c4.5104: supR3HardenedMonitor_LdrLoadDll: returns rcNt=0x0 hMod=00007ffadec80000 'C:\WINDOWS\system32\rsaenh.dll'
62c4.5104: supR3HardenedScreenImage/LdrLoadDll: cache hit (VINF_SUCCESS) on \Device\HarddiskVolume2\Windows\System32\crypt32.dll
62c4.5104: supR3HardenedMonitor_LdrLoadDll: pName=C:\WINDOWS\System32\crypt32.dll (Input=crypt32.dll, rcNtResolve=0xc0150008) *pfFlags=0x0 pwszSearchPath=0000000000000001:<flags> [calling]
62c4.5104: supR3HardenedMonitor_LdrLoadDll: returns rcNt=0x0 hMod=00007ffae0070000 'C:\WINDOWS\System32\crypt32.dll'
62c4.5104: supHardenedWinVerifyImageByHandle: -> 0 (\Device\HarddiskVolume2\Windows\System32\IPHLPAPI.DLL) WinVerifyTrust
62c4.5104: supR3HardenedWinVerifyCacheInsert: \Device\HarddiskVolume2\Windows\System32\IPHLPAPI.DLL
62c4.5104: supR3HardenedWinVerifyCacheProcessImportTodos: Processing 'ole32.dll'...
62c4.5104: supR3HardenedWinVerifyCacheProcessImportTodos: 'ole32.dll' -> '\Device\HarddiskVolume2\Windows\System32\ole32.dll' [rcNtRedir=0xc0150008]
62c4.5104: supR3HardenedWinVerifyCacheProcessImportTodos: Processing 'ws2_32.dll'...
62c4.5104: supR3HardenedWinVerifyCacheProcessImportTodos: 'ws2_32.dll' -> '\Device\HarddiskVolume2\Windows\System32\ws2_32.dll' [rcNtRedir=0xc0150008]
62c4.5104: supR3HardenedScreenImage/Imports: cache hit (VINF_SUCCESS) on \Device\HarddiskVolume2\Windows\System32\ws2_32.dll
62c4.5104: supR3HardenedWinVerifyCacheProcessImportTodos: Processing 'setupapi.dll'...
62c4.5104: supR3HardenedWinVerifyCacheProcessImportTodos: 'setupapi.dll' -> '\Device\HarddiskVolume2\Windows\System32\setupapi.dll' [rcNtRedir=0xc0150008]
62c4.5104: supR3HardenedScreenImage/Imports: cache hit (VINF_SUCCESS) on \Device\HarddiskVolume2\Windows\System32\setupapi.dll
62c4.5104: supR3HardenedWinVerifyCacheProcessImportTodos: Processing 'user32.dll'...
62c4.5104: supR3HardenedWinVerifyCacheProcessImportTodos: 'user32.dll' -> '\Device\HarddiskVolume2\Windows\System32\user32.dll' [rcNtRedir=0xc0150008]
62c4.5104: supR3HardenedWinVerifyCacheProcessImportTodos: Processing 'vboxdd2.dll'...
62c4.5104: supR3HardenedWinVerifyCacheProcessImportTodos: 'vboxdd2.dll' -> '\Device\HarddiskVolume2\Program Files\Oracle\VirtualBox\vboxdd2.dll' [rcNtRedir=0xc0150008]
62c4.5104: supR3HardenedMonitor_LdrLoadDll: returns rcNt=0x0 hMod=00007ffadec80000 'C:\WINDOWS\system32\rsaenh.dll'
62c4.5104: supR3HardenedMonitor_LdrLoadDll: returns rcNt=0x0 hMod=00007ffae0070000 'C:\WINDOWS\System32\crypt32.dll'
62c4.5104: supR3HardenedWinVerifyCacheScheduleImports: Import todo: #0 'vboxrt.dll'.
62c4.5104: supR3HardenedWinVerifyCacheScheduleImports: Import todo: #3 'vcruntime140.dll'.
62c4.5104: supHardenedWinVerifyImageByHandle: -> 0 (\Device\HarddiskVolume2\Program Files\Oracle\VirtualBox\VBoxDD2.dll) WinVerifyTrust
62c4.5104: supR3HardenedWinVerifyCacheInsert: \Device\HarddiskVolume2\Program Files\Oracle\VirtualBox\VBoxDD2.dll
62c4.5104: supR3HardenedWinVerifyCacheProcessImportTodos: Processing 'vboxddu.dll'...
62c4.5104: supR3HardenedWinVerifyCacheProcessImportTodos: 'vboxddu.dll' -> '\Device\HarddiskVolume2\Program Files\Oracle\VirtualBox\vboxddu.dll' [rcNtRedir=0xc0150008]
62c4.5104: supR3HardenedWinVerifyCacheProcessImportTodos: Processing 'vcruntime140.dll'...
62c4.5104: supR3HardenedWinVerifyCacheProcessImportTodos: 'vcruntime140.dll' -> '\Device\HarddiskVolume2\Windows\System32\vcruntime140.dll' [rcNtRedir=0xc0150008]
62c4.5104: supR3HardenedWinVerifyCacheProcessImportTodos: Processing 'vboxrt.dll'...
62c4.5104: supR3HardenedWinVerifyCacheProcessImportTodos: 'vboxrt.dll' -> '\Device\HarddiskVolume2\Program Files\Oracle\VirtualBox\vboxrt.dll' [rcNtRedir=0xc0150008]
62c4.5104: supR3HardenedMonitor_LdrLoadDll: returns rcNt=0x0 hMod=00007ffadec80000 'C:\WINDOWS\system32\rsaenh.dll'
62c4.5104: supR3HardenedMonitor_LdrLoadDll: returns rcNt=0x0 hMod=00007ffae0070000 'C:\WINDOWS\System32\crypt32.dll'
62c4.5104: supR3HardenedWinVerifyCacheScheduleImports: Import todo: #0 'vcruntime140.dll'.
62c4.5104: supR3HardenedWinVerifyCacheScheduleImports: Import todo: #1 'vboxrt.dll'.
62c4.5104: supR3HardenedWinVerifyCacheScheduleImports: Import todo: #3 'user32.dll'.
62c4.5104: supR3HardenedWinVerifyCacheScheduleImports: Import todo: #4 'setupapi.dll'.
62c4.5104: supR3HardenedWinVerifyCacheScheduleImports: Import todo: #7 'advapi32.dll'.
62c4.5104: supHardenedWinVerifyImageByHandle: -> 0 (\Device\HarddiskVolume2\Program Files\Oracle\VirtualBox\VBoxDDU.dll) WinVerifyTrust
62c4.5104: supR3HardenedWinVerifyCacheInsert: \Device\HarddiskVolume2\Program Files\Oracle\VirtualBox\VBoxDDU.dll
62c4.5104: supR3HardenedWinVerifyCacheProcessImportTodos: Processing 'vboxrt.dll'...
62c4.5104: supR3HardenedWinVerifyCacheProcessImportTodos: 'vboxrt.dll' -> '\Device\HarddiskVolume2\Program Files\Oracle\VirtualBox\vboxrt.dll' [rcNtRedir=0xc0150008]
62c4.5104: supR3HardenedWinVerifyCacheProcessImportTodos: Processing 'vcruntime140_1.dll'...
62c4.5104: supR3HardenedWinVerifyCacheProcessImportTodos: 'vcruntime140_1.dll' -> '\Device\HarddiskVolume2\Windows\System32\vcruntime140_1.dll' [rcNtRedir=0xc0150008]
62c4.5104: supR3HardenedWinVerifyCacheProcessImportTodos: Processing 'vcruntime140.dll'...
62c4.5104: supR3HardenedWinVerifyCacheProcessImportTodos: 'vcruntime140.dll' -> '\Device\HarddiskVolume2\Windows\System32\vcruntime140.dll' [rcNtRedir=0xc0150008]
62c4.5104: supR3HardenedWinVerifyCacheProcessImportTodos: Processing 'advapi32.dll'...
62c4.5104: supR3HardenedWinVerifyCacheProcessImportTodos: 'advapi32.dll' -> '\Device\HarddiskVolume2\Windows\System32\advapi32.dll' [rcNtRedir=0xc0150008]
62c4.5104: supR3HardenedWinVerifyCacheProcessImportTodos: Processing 'setupapi.dll'...
62c4.5104: supR3HardenedWinVerifyCacheProcessImportTodos: 'setupapi.dll' -> '\Device\HarddiskVolume2\Windows\System32\setupapi.dll' [rcNtRedir=0xc0150008]
62c4.5104: supR3HardenedScreenImage/Imports: cache hit (VINF_SUCCESS) on \Device\HarddiskVolume2\Windows\System32\setupapi.dll
62c4.5104: supR3HardenedWinVerifyCacheProcessImportTodos: Processing 'user32.dll'...
62c4.5104: supR3HardenedWinVerifyCacheProcessImportTodos: 'user32.dll' -> '\Device\HarddiskVolume2\Windows\System32\user32.dll' [rcNtRedir=0xc0150008]
62c4.5104: supR3HardenedWinVerifyCacheProcessImportTodos: Processing 'vboxrt.dll'...
62c4.5104: supR3HardenedWinVerifyCacheProcessImportTodos: 'vboxrt.dll' -> '\Device\HarddiskVolume2\Program Files\Oracle\VirtualBox\vboxrt.dll' [rcNtRedir=0xc0150008]
62c4.5104: supR3HardenedWinVerifyCacheProcessImportTodos: Processing 'vcruntime140.dll'...
62c4.5104: supR3HardenedWinVerifyCacheProcessImportTodos: 'vcruntime140.dll' -> '\Device\HarddiskVolume2\Windows\System32\vcruntime140.dll' [rcNtRedir=0xc0150008]
62c4.5104: supR3HardenedMonitor_LdrLoadDll: pName=C:\Program Files\Oracle\VirtualBox\VBoxDD.DLL (rcNtResolve=0xc0150008) *pfFlags=0x0 pwszSearchPath=0000000000000001:<flags> [calling]
62c4.5104: supR3HardenedScreenImage/NtCreateSection: cache hit (VINF_SUCCESS) on \Device\HarddiskVolume2\Program Files\Oracle\VirtualBox\VBoxDD.dll
62c4.5104: supR3HardenedScreenImage/NtCreateSection: cache hit (VINF_SUCCESS) on \Device\HarddiskVolume2\Program Files\Oracle\VirtualBox\VBoxDDU.dll
62c4.5104: supR3HardenedScreenImage/NtCreateSection: cache hit (VINF_SUCCESS) on \Device\HarddiskVolume2\Program Files\Oracle\VirtualBox\VBoxDD2.dll
62c4.5104: supR3HardenedScreenImage/NtCreateSection: cache hit (VINF_SUCCESS) on \Device\HarddiskVolume2\Windows\System32\IPHLPAPI.DLL
62c4.5104: supR3HardenedDllNotificationCallback: load   00007ffa74f70000 LB 0x00071000 C:\Program Files\Oracle\VirtualBox\VBoxDDU.dll [fFlags=0x0]
62c4.5104: supR3HardenedScreenImage/LdrLoadDll: cache hit (VINF_SUCCESS) on \Device\HarddiskVolume2\Program Files\Oracle\VirtualBox\VBoxDDU.dll
62c4.5104: supR3HardenedDllNotificationCallback: load   00007ffa5edb0000 LB 0x0085d000 C:\Program Files\Oracle\VirtualBox\VBoxDD2.dll [fFlags=0x0]
62c4.5104: supR3HardenedScreenImage/LdrLoadDll: cache hit (VINF_SUCCESS) on \Device\HarddiskVolume2\Program Files\Oracle\VirtualBox\VBoxDD2.dll
62c4.5104: supR3HardenedDllNotificationCallback: load   00007ffadf060000 LB 0x0003b000 C:\WINDOWS\SYSTEM32\IPHLPAPI.DLL [fFlags=0x0]
62c4.5104: supR3HardenedScreenImage/LdrLoadDll: cache hit (VINF_SUCCESS) on \Device\HarddiskVolume2\Windows\System32\IPHLPAPI.DLL
62c4.5104: supR3HardenedDllNotificationCallback: load   00007ffa5f610000 LB 0x00a2e000 C:\Program Files\Oracle\VirtualBox\VBoxDD.DLL [fFlags=0x0]
62c4.5104: supR3HardenedScreenImage/LdrLoadDll: cache hit (VINF_SUCCESS) on \Device\HarddiskVolume2\Program Files\Oracle\VirtualBox\VBoxDD.dll
62c4.5104: supR3HardenedMonitor_LdrLoadDll: returns rcNt=0x0 hMod=00007ffa5f610000 'C:\Program Files\Oracle\VirtualBox\VBoxDD.DLL'
62c4.5104: supR3HardenedMonitor_LdrLoadDll: returns rcNt=0x0 hMod=00007ffadec80000 'C:\WINDOWS\system32\rsaenh.dll'
62c4.5104: supR3HardenedMonitor_LdrLoadDll: returns rcNt=0x0 hMod=00007ffae0070000 'C:\WINDOWS\System32\crypt32.dll'
62c4.5104: supR3HardenedScreenImage/LdrLoadDll: cache hit (VINF_SUCCESS) on \Device\HarddiskVolume2\Program Files\Oracle\VirtualBox\VBoxC.dll
62c4.5104: supR3HardenedMonitor_LdrLoadDll: pName=C:\Program Files\Oracle\VirtualBox\VBoxC.DLL (rcNtResolve=0xc0150008) *pfFlags=0x0 pwszSearchPath=0000000000000001:<flags> [calling]
62c4.5104: supR3HardenedMonitor_LdrLoadDll: returns rcNt=0x0 hMod=00007ffa50080000 'C:\Program Files\Oracle\VirtualBox\VBoxC.DLL'
62c4.5104: supR3HardenedScreenImage/LdrLoadDll: cache hit (VINF_SUCCESS) on \Device\HarddiskVolume2\Windows\System32\rsaenh.dll
62c4.5104: supR3HardenedMonitor_LdrLoadDll: pName=C:\WINDOWS\system32\rsaenh.dll (rcNtResolve=0xc0150008) *pfFlags=0x0 pwszSearchPath=0000000000000001:<flags> [calling]
62c4.5104: supR3HardenedMonitor_LdrLoadDll: returns rcNt=0x0 hMod=00007ffadec80000 'C:\WINDOWS\system32\rsaenh.dll'
62c4.5104: supR3HardenedMonitor_LdrLoadDll: returns rcNt=0x0 hMod=00007ffae0070000 'C:\WINDOWS\System32\crypt32.dll'
62c4.5104: supR3HardenedScreenImage/LdrLoadDll: cache hit (VINF_SUCCESS) on \Device\HarddiskVolume2\Program Files\Oracle\VirtualBox\VBoxDD2.dll
62c4.5104: supR3HardenedMonitor_LdrLoadDll: pName=C:\Program Files\Oracle\VirtualBox\VBoxDD2.DLL (rcNtResolve=0xc0150008) *pfFlags=0x0 pwszSearchPath=0000000000000001:<flags> [calling]
62c4.5104: supR3HardenedMonitor_LdrLoadDll: returns rcNt=0x0 hMod=00007ffa5edb0000 'C:\Program Files\Oracle\VirtualBox\VBoxDD2.DLL'
62c4.5104: supR3HardenedMonitor_LdrLoadDll: returns rcNt=0x0 hMod=00007ffadec80000 'C:\WINDOWS\system32\rsaenh.dll'
62c4.5104: supR3HardenedMonitor_LdrLoadDll: returns rcNt=0x0 hMod=00007ffae0070000 'C:\WINDOWS\System32\crypt32.dll'
62c4.3b74: supR3HardenedMonitor_LdrLoadDll: returns rcNt=0x0 hMod=00007ffadec80000 'C:\WINDOWS\system32\rsaenh.dll'
62c4.3b74: supR3HardenedMonitor_LdrLoadDll: returns rcNt=0x0 hMod=00007ffae0070000 'C:\WINDOWS\System32\crypt32.dll'
62c4.3b74: supR3HardenedWinVerifyCacheScheduleImports: Import todo: #0 'vcruntime140.dll'.
62c4.3b74: supR3HardenedWinVerifyCacheScheduleImports: Import todo: #1 'vboxrt.dll'.
62c4.3b74: supHardenedWinVerifyImageByHandle: -> 0 (\Device\HarddiskVolume2\Program Files\Oracle\VirtualBox\VBoxSharedFolders.dll) WinVerifyTrust
62c4.3b74: supR3HardenedWinVerifyCacheInsert: \Device\HarddiskVolume2\Program Files\Oracle\VirtualBox\VBoxSharedFolders.dll
62c4.3b74: supR3HardenedWinVerifyCacheProcessImportTodos: Processing 'vboxrt.dll'...
62c4.3b74: supR3HardenedWinVerifyCacheProcessImportTodos: 'vboxrt.dll' -> '\Device\HarddiskVolume2\Program Files\Oracle\VirtualBox\vboxrt.dll' [rcNtRedir=0xc0150008]
62c4.3b74: supR3HardenedWinVerifyCacheProcessImportTodos: Processing 'vcruntime140.dll'...
62c4.3b74: supR3HardenedWinVerifyCacheProcessImportTodos: 'vcruntime140.dll' -> '\Device\HarddiskVolume2\Windows\System32\vcruntime140.dll' [rcNtRedir=0xc0150008]
62c4.3b74: supR3HardenedMonitor_LdrLoadDll: pName=C:\Program Files\Oracle\VirtualBox\VBoxSharedFolders.DLL (rcNtResolve=0xc0150008) *pfFlags=0x0 pwszSearchPath=0000000000000001:<flags> [calling]
62c4.3b74: supR3HardenedScreenImage/NtCreateSection: cache hit (VINF_SUCCESS) on \Device\HarddiskVolume2\Program Files\Oracle\VirtualBox\VBoxSharedFolders.dll
62c4.3b74: supR3HardenedDllNotificationCallback: load   00007ffadbc50000 LB 0x00014000 C:\Program Files\Oracle\VirtualBox\VBoxSharedFolders.DLL [fFlags=0x0]
62c4.3b74: supR3HardenedScreenImage/LdrLoadDll: cache hit (VINF_SUCCESS) on \Device\HarddiskVolume2\Program Files\Oracle\VirtualBox\VBoxSharedFolders.dll
62c4.3b74: supR3HardenedMonitor_LdrLoadDll: returns rcNt=0x0 hMod=00007ffadbc50000 'C:\Program Files\Oracle\VirtualBox\VBoxSharedFolders.DLL'
62c4.6168: supR3HardenedMonitor_LdrLoadDll: returns rcNt=0x0 hMod=00007ffadec80000 'C:\WINDOWS\system32\rsaenh.dll'
62c4.6168: supR3HardenedMonitor_LdrLoadDll: returns rcNt=0x0 hMod=00007ffae0070000 'C:\WINDOWS\System32\crypt32.dll'
62c4.6168: supR3HardenedWinVerifyCacheScheduleImports: Import todo: #0 'vcruntime140.dll'.
62c4.6168: supR3HardenedWinVerifyCacheScheduleImports: Import todo: #1 'vcruntime140_1.dll'.
62c4.6168: supR3HardenedWinVerifyCacheScheduleImports: Import todo: #2 'msvcp140.dll'.
62c4.6168: supR3HardenedWinVerifyCacheScheduleImports: Import todo: #3 'vboxrt.dll'.
62c4.6168: supHardenedWinVerifyImageByHandle: -> 0 (\Device\HarddiskVolume2\Program Files\Oracle\VirtualBox\VBoxGuestControlSvc.dll) WinVerifyTrust
62c4.6168: supR3HardenedWinVerifyCacheInsert: \Device\HarddiskVolume2\Program Files\Oracle\VirtualBox\VBoxGuestControlSvc.dll
62c4.6168: supR3HardenedWinVerifyCacheProcessImportTodos: Processing 'vboxrt.dll'...
62c4.6168: supR3HardenedWinVerifyCacheProcessImportTodos: 'vboxrt.dll' -> '\Device\HarddiskVolume2\Program Files\Oracle\VirtualBox\vboxrt.dll' [rcNtRedir=0xc0150008]
62c4.6168: supR3HardenedWinVerifyCacheProcessImportTodos: Processing 'msvcp140.dll'...
62c4.6168: supR3HardenedWinVerifyCacheProcessImportTodos: 'msvcp140.dll' -> '\Device\HarddiskVolume2\Windows\System32\msvcp140.dll' [rcNtRedir=0xc0150008]
62c4.6168: supR3HardenedWinVerifyCacheProcessImportTodos: Processing 'vcruntime140_1.dll'...
62c4.6168: supR3HardenedWinVerifyCacheProcessImportTodos: 'vcruntime140_1.dll' -> '\Device\HarddiskVolume2\Windows\System32\vcruntime140_1.dll' [rcNtRedir=0xc0150008]
62c4.6168: supR3HardenedWinVerifyCacheProcessImportTodos: Processing 'vcruntime140.dll'...
62c4.6168: supR3HardenedWinVerifyCacheProcessImportTodos: 'vcruntime140.dll' -> '\Device\HarddiskVolume2\Windows\System32\vcruntime140.dll' [rcNtRedir=0xc0150008]
62c4.6168: supR3HardenedMonitor_LdrLoadDll: pName=C:\Program Files\Oracle\VirtualBox\VBoxGuestControlSvc.DLL (rcNtResolve=0xc0150008) *pfFlags=0x0 pwszSearchPath=0000000000000001:<flags> [calling]
62c4.6168: supR3HardenedScreenImage/NtCreateSection: cache hit (VINF_SUCCESS) on \Device\HarddiskVolume2\Program Files\Oracle\VirtualBox\VBoxGuestControlSvc.dll
62c4.6168: supR3HardenedDllNotificationCallback: load   00007ffadbfc0000 LB 0x0000c000 C:\Program Files\Oracle\VirtualBox\VBoxGuestControlSvc.DLL [fFlags=0x0]
62c4.6168: supR3HardenedScreenImage/LdrLoadDll: cache hit (VINF_SUCCESS) on \Device\HarddiskVolume2\Program Files\Oracle\VirtualBox\VBoxGuestControlSvc.dll
62c4.6168: supR3HardenedMonitor_LdrLoadDll: returns rcNt=0x0 hMod=00007ffadbfc0000 'C:\Program Files\Oracle\VirtualBox\VBoxGuestControlSvc.DLL'
62c4.5e98: supR3HardenedMonitor_LdrLoadDll: returns rcNt=0x0 hMod=00007ffadec80000 'C:\WINDOWS\system32\rsaenh.dll'
62c4.5e98: supR3HardenedMonitor_LdrLoadDll: returns rcNt=0x0 hMod=00007ffae0070000 'C:\WINDOWS\System32\crypt32.dll'
62c4.5e98: supR3HardenedWinVerifyCacheScheduleImports: Import todo: #0 'vcruntime140.dll'.
62c4.5e98: supR3HardenedWinVerifyCacheScheduleImports: Import todo: #1 'vcruntime140_1.dll'.
62c4.5e98: supR3HardenedWinVerifyCacheScheduleImports: Import todo: #2 'msvcp140.dll'.
62c4.5e98: supR3HardenedWinVerifyCacheScheduleImports: Import todo: #3 'vboxrt.dll'.
62c4.5e98: supHardenedWinVerifyImageByHandle: -> 0 (\Device\HarddiskVolume2\Program Files\Oracle\VirtualBox\VBoxGuestPropSvc.dll) WinVerifyTrust
62c4.5e98: supR3HardenedWinVerifyCacheInsert: \Device\HarddiskVolume2\Program Files\Oracle\VirtualBox\VBoxGuestPropSvc.dll
62c4.5e98: supR3HardenedWinVerifyCacheProcessImportTodos: Processing 'vboxrt.dll'...
62c4.5e98: supR3HardenedWinVerifyCacheProcessImportTodos: 'vboxrt.dll' -> '\Device\HarddiskVolume2\Program Files\Oracle\VirtualBox\vboxrt.dll' [rcNtRedir=0xc0150008]
62c4.5e98: supR3HardenedWinVerifyCacheProcessImportTodos: Processing 'msvcp140.dll'...
62c4.5e98: supR3HardenedWinVerifyCacheProcessImportTodos: 'msvcp140.dll' -> '\Device\HarddiskVolume2\Windows\System32\msvcp140.dll' [rcNtRedir=0xc0150008]
62c4.5e98: supR3HardenedWinVerifyCacheProcessImportTodos: Processing 'vcruntime140_1.dll'...
62c4.5e98: supR3HardenedWinVerifyCacheProcessImportTodos: 'vcruntime140_1.dll' -> '\Device\HarddiskVolume2\Windows\System32\vcruntime140_1.dll' [rcNtRedir=0xc0150008]
62c4.5e98: supR3HardenedWinVerifyCacheProcessImportTodos: Processing 'vcruntime140.dll'...
62c4.5e98: supR3HardenedWinVerifyCacheProcessImportTodos: 'vcruntime140.dll' -> '\Device\HarddiskVolume2\Windows\System32\vcruntime140.dll' [rcNtRedir=0xc0150008]
62c4.5e98: supR3HardenedMonitor_LdrLoadDll: pName=C:\Program Files\Oracle\VirtualBox\VBoxGuestPropSvc.DLL (rcNtResolve=0xc0150008) *pfFlags=0x0 pwszSearchPath=0000000000000001:<flags> [calling]
62c4.5e98: supR3HardenedScreenImage/NtCreateSection: cache hit (VINF_SUCCESS) on \Device\HarddiskVolume2\Program Files\Oracle\VirtualBox\VBoxGuestPropSvc.dll
62c4.5e98: supR3HardenedDllNotificationCallback: load   00007ffac8e40000 LB 0x0000d000 C:\Program Files\Oracle\VirtualBox\VBoxGuestPropSvc.DLL [fFlags=0x0]
62c4.5e98: supR3HardenedScreenImage/LdrLoadDll: cache hit (VINF_SUCCESS) on \Device\HarddiskVolume2\Program Files\Oracle\VirtualBox\VBoxGuestPropSvc.dll
62c4.5e98: supR3HardenedMonitor_LdrLoadDll: returns rcNt=0x0 hMod=00007ffac8e40000 'C:\Program Files\Oracle\VirtualBox\VBoxGuestPropSvc.DLL'
62c4.5104: supR3HardenedMonitor_LdrLoadDll: returns rcNt=0x0 hMod=00007ffadec80000 'C:\WINDOWS\system32\rsaenh.dll'
62c4.5104: supR3HardenedMonitor_LdrLoadDll: returns rcNt=0x0 hMod=00007ffae0070000 'C:\WINDOWS\System32\crypt32.dll'
62c4.5104: supR3HardenedWinVerifyCacheScheduleImports: Import todo: #12 'ws2_32.dll'.
62c4.5104: supR3HardenedWinVerifyCacheScheduleImports: Import todo: #21 'rpcrt4.dll'.
62c4.5104: supHardenedWinVerifyImageByHandle: -> 0 (\Device\HarddiskVolume2\Windows\System32\mswsock.dll) WinVerifyTrust
62c4.5104: supR3HardenedWinVerifyCacheInsert: \Device\HarddiskVolume2\Windows\System32\mswsock.dll
62c4.5104: supR3HardenedWinVerifyCacheProcessImportTodos: Processing 'rpcrt4.dll'...
62c4.5104: supR3HardenedWinVerifyCacheProcessImportTodos: 'rpcrt4.dll' -> '\Device\HarddiskVolume2\Windows\System32\rpcrt4.dll' [rcNtRedir=0xc0150008]
62c4.5104: supR3HardenedWinVerifyCacheProcessImportTodos: Processing 'ws2_32.dll'...
62c4.5104: supR3HardenedWinVerifyCacheProcessImportTodos: 'ws2_32.dll' -> '\Device\HarddiskVolume2\Windows\System32\ws2_32.dll' [rcNtRedir=0xc0150008]
62c4.5104: supR3HardenedScreenImage/Imports: cache hit (VINF_SUCCESS) on \Device\HarddiskVolume2\Windows\System32\ws2_32.dll
62c4.5104: supR3HardenedMonitor_LdrLoadDll: pName=C:\WINDOWS\system32\mswsock.dll (rcNtResolve=0xc0150008) *pfFlags=0x0 pwszSearchPath=0000000000000001:<flags> [calling]
62c4.5104: supR3HardenedScreenImage/NtCreateSection: cache hit (VINF_SUCCESS) on \Device\HarddiskVolume2\Windows\System32\mswsock.dll
62c4.5104: supR3HardenedDllNotificationCallback: load   00007ffadf3d0000 LB 0x0006a000 C:\WINDOWS\system32\mswsock.dll [fFlags=0x0]
62c4.5104: supR3HardenedScreenImage/LdrLoadDll: cache hit (VINF_SUCCESS) on \Device\HarddiskVolume2\Windows\System32\mswsock.dll
62c4.5104: supR3HardenedMonitor_LdrLoadDll: returns rcNt=0x0 hMod=00007ffadf3d0000 'C:\WINDOWS\system32\mswsock.dll'
62c4.5104: supR3HardenedMonitor_LdrLoadDll: returns rcNt=0x0 hMod=00007ffadec80000 'C:\WINDOWS\system32\rsaenh.dll'
62c4.5104: supR3HardenedMonitor_LdrLoadDll: returns rcNt=0x0 hMod=00007ffae0070000 'C:\WINDOWS\System32\crypt32.dll'
62c4.5104: supR3HardenedWinVerifyCacheScheduleImports: Import todo: #0 'msvcp_win.dll'.
62c4.5104: supR3HardenedWinVerifyCacheScheduleImports: Import todo: #16 'rpcrt4.dll'.
62c4.5104: supR3HardenedWinVerifyCacheScheduleImports: Import todo: #28 'devobj.dll'.
62c4.5104: supHardenedWinVerifyImageByHandle: -> 0 (\Device\HarddiskVolume2\Windows\System32\MMDevAPI.dll) WinVerifyTrust
62c4.5104: supR3HardenedWinVerifyCacheInsert: \Device\HarddiskVolume2\Windows\System32\MMDevAPI.dll
62c4.5104: supR3HardenedWinVerifyCacheProcessImportTodos: Processing 'devobj.dll'...
62c4.5104: supR3HardenedWinVerifyCacheProcessImportTodos: 'devobj.dll' -> '\Device\HarddiskVolume2\Windows\System32\devobj.dll' [rcNtRedir=0xc0150008]
62c4.5104: supR3HardenedScreenImage/Imports: cache hit (VINF_SUCCESS) on \Device\HarddiskVolume2\Windows\System32\devobj.dll
62c4.5104: supR3HardenedWinVerifyCacheProcessImportTodos: Processing 'rpcrt4.dll'...
62c4.5104: supR3HardenedWinVerifyCacheProcessImportTodos: 'rpcrt4.dll' -> '\Device\HarddiskVolume2\Windows\System32\rpcrt4.dll' [rcNtRedir=0xc0150008]
62c4.5104: supR3HardenedScreenImage/Imports: cache hit (VINF_SUCCESS) on \Device\HarddiskVolume2\Windows\System32\rpcrt4.dll
62c4.5104: supR3HardenedWinVerifyCacheProcessImportTodos: Processing 'msvcp_win.dll'...
62c4.5104: supR3HardenedWinVerifyCacheProcessImportTodos: 'msvcp_win.dll' -> '\Device\HarddiskVolume2\Windows\System32\msvcp_win.dll' [rcNtRedir=0xc0150008]
62c4.5104: supR3HardenedMonitor_LdrLoadDll: pName=C:\WINDOWS\System32\MMDevApi.dll (rcNtResolve=0xc0150008) *pfFlags=0x0 pwszSearchPath=0000000000002009:<flags> [calling]
62c4.5104: supR3HardenedScreenImage/NtCreateSection: cache hit (VINF_SUCCESS) on \Device\HarddiskVolume2\Windows\System32\MMDevAPI.dll
62c4.5104: supR3HardenedDllNotificationCallback: load   00007ffadb4f0000 LB 0x00085000 C:\WINDOWS\System32\MMDevApi.dll [fFlags=0x0]
62c4.5104: supR3HardenedScreenImage/LdrLoadDll: cache hit (VINF_SUCCESS) on \Device\HarddiskVolume2\Windows\System32\MMDevAPI.dll
62c4.5104: supR3HardenedMonitor_LdrLoadDll: returns rcNt=0x0 hMod=00007ffadb4f0000 'C:\WINDOWS\System32\MMDevApi.dll'
62c4.5104: supR3HardenedScreenImage/LdrLoadDll: cache hit (VINF_SUCCESS) on \Device\HarddiskVolume2\Windows\System32\MMDevAPI.dll
62c4.5104: supR3HardenedMonitor_LdrLoadDll: pName=C:\WINDOWS\System32\MMDEVAPI.DLL (Input=MMDEVAPI.DLL, rcNtResolve=0xc0150008) *pfFlags=0x0 pwszSearchPath=0000000000000001:<flags> [calling]
62c4.5104: supR3HardenedMonitor_LdrLoadDll: returns rcNt=0x0 hMod=00007ffadb4f0000 'C:\WINDOWS\System32\MMDEVAPI.DLL'
62c4.603c: supR3HardenedDllNotificationCallback: load   00007ffae08e0000 LB 0x00008000 C:\WINDOWS\System32\NSI.dll [fFlags=0x0]
62c4.603c: supHardenedWinVerifyImageByHandle: -> 0 (\Device\HarddiskVolume2\Windows\System32\nsi.dll)
62c4.603c: supR3HardenedWinVerifyCacheInsert: \Device\HarddiskVolume2\Windows\System32\nsi.dll
62c4.603c: supR3HardenedWinVerifyCacheScheduleImports: Import todo: #3 'rpcrt4.dll'.
62c4.603c: supHardenedWinVerifyImageByHandle: -> 22900 (\Device\HarddiskVolume2\Windows\System32\dhcpcsvc6.dll)
62c4.603c: supR3HardenedWinVerifyCacheInsert: \Device\HarddiskVolume2\Windows\System32\dhcpcsvc6.dll
62c4.603c: supR3HardenedDllNotificationCallback: load   00007ffadaea0000 LB 0x00017000 C:\WINDOWS\SYSTEM32\dhcpcsvc6.DLL [fFlags=0x0]
62c4.603c: supR3HardenedScreenImage/LdrLoadDll: cache hit (22900) on \Device\HarddiskVolume2\Windows\System32\dhcpcsvc6.dll [avoiding WinVerifyTrust]
62c4.603c: supR3HardenedWinVerifyCacheScheduleImports: Import todo: #3 'rpcrt4.dll'.
62c4.603c: supHardenedWinVerifyImageByHandle: -> 22900 (\Device\HarddiskVolume2\Windows\System32\dhcpcsvc.dll)
62c4.603c: supR3HardenedWinVerifyCacheInsert: \Device\HarddiskVolume2\Windows\System32\dhcpcsvc.dll
62c4.603c: supR3HardenedDllNotificationCallback: load   00007ffadb450000 LB 0x0001d000 C:\WINDOWS\SYSTEM32\dhcpcsvc.DLL [fFlags=0x0]
62c4.603c: supR3HardenedScreenImage/LdrLoadDll: cache hit (22900) on \Device\HarddiskVolume2\Windows\System32\dhcpcsvc.dll [avoiding WinVerifyTrust]
62c4.603c: supHardenedWinVerifyImageByHandle: -> 0 (\Device\HarddiskVolume2\Windows\System32\dnsapi.dll)
62c4.603c: supR3HardenedWinVerifyCacheInsert: \Device\HarddiskVolume2\Windows\System32\dnsapi.dll
62c4.603c: supR3HardenedDllNotificationCallback: load   00007ffadf0b0000 LB 0x000ca000 C:\WINDOWS\SYSTEM32\DNSAPI.dll [fFlags=0x0]
62c4.603c: supR3HardenedScreenImage/LdrLoadDll: cache hit (VINF_SUCCESS) on \Device\HarddiskVolume2\Windows\System32\dnsapi.dll [avoiding WinVerifyTrust]
62c4.603c: supR3HardenedWinVerifyCacheProcessImportTodos: Processing 'rpcrt4.dll'...
62c4.603c: supR3HardenedWinVerifyCacheProcessImportTodos: 'rpcrt4.dll' -> '\Device\HarddiskVolume2\Windows\System32\rpcrt4.dll' [rcNtRedir=0xc0150008]
62c4.603c: supR3HardenedWinVerifyCacheProcessImportTodos: Processing 'rpcrt4.dll'...
62c4.603c: supR3HardenedWinVerifyCacheProcessImportTodos: 'rpcrt4.dll' -> '\Device\HarddiskVolume2\Windows\System32\rpcrt4.dll' [rcNtRedir=0xc0150008]
62c4.603c: supR3HardenedMonitor_LdrLoadDll: returns rcNt=0x0 hMod=00007ffadec80000 'C:\WINDOWS\system32\rsaenh.dll'
62c4.603c: supR3HardenedMonitor_LdrLoadDll: returns rcNt=0x0 hMod=00007ffae0070000 'C:\WINDOWS\System32\crypt32.dll'
62c4.603c: supR3HardenedWinVerifyCacheProcessWvtTodos: 0 (was 0) fWinVerifyTrust=1 for '\Device\HarddiskVolume2\Windows\System32\dnsapi.dll'
62c4.603c: supR3HardNtViCallWinVerifyTrustCatFile: hFile=0000000000000bcc pwszName=\Device\HarddiskVolume2\Windows\System32\dhcpcsvc.dll
62c4.603c: supR3HardNtViCallWinVerifyTrustCatFile: Cached context 000002185c23eba0
62c4.603c: supR3HardNtViCallWinVerifyTrustCatFile: hCatAdmin=000002185c23eba0
62c4.603c: supR3HardNtViCallWinVerifyTrustCatFile: cbHash=20 wszDigest=740E2B1196D9F01AD376694D1055FFD45F803926
62c4.603c: supR3HardenedMonitor_LdrLoadDll: returns rcNt=0x0 hMod=00007ffadec80000 'C:\WINDOWS\system32\rsaenh.dll'
62c4.603c: supR3HardenedMonitor_LdrLoadDll: returns rcNt=0x0 hMod=00007ffae0070000 'C:\WINDOWS\System32\crypt32.dll'
62c4.603c: supR3HardNtViCallWinVerifyTrustCatFile: WinVerifyTrust => 0x0; cat='C:\WINDOWS\system32\CatRoot\{F750E6C3-38EE-11D1-85E5-00C04FC295EE}\Microsoft-Windows-Client-Desktop-Required-Package0516~31bf3856ad364e35~amd64~~10.0.19041.6456.cat'; file='\Device\HarddiskVolume2\Windows\System32\dhcpcsvc.dll'
62c4.603c: supR3HardNtViCallWinVerifyTrustCatFile -> 0 (org 22900)
62c4.603c: supR3HardenedWinVerifyCacheProcessWvtTodos: 0 (was 22900) fWinVerifyTrust=1 for '\Device\HarddiskVolume2\Windows\System32\dhcpcsvc.dll'
62c4.603c: supR3HardNtViCallWinVerifyTrustCatFile: hFile=0000000000000b30 pwszName=\Device\HarddiskVolume2\Windows\System32\dhcpcsvc6.dll
62c4.603c: supR3HardNtViCallWinVerifyTrustCatFile: Cached context 000002185c23eba0
62c4.603c: supR3HardNtViCallWinVerifyTrustCatFile: hCatAdmin=000002185c23eba0
62c4.603c: supR3HardNtViCallWinVerifyTrustCatFile: cbHash=20 wszDigest=A56431C69FDD081884ADAA1F10C80307CE8E2412
62c4.603c: supR3HardenedMonitor_LdrLoadDll: returns rcNt=0x0 hMod=00007ffadec80000 'C:\WINDOWS\system32\rsaenh.dll'
62c4.603c: supR3HardenedMonitor_LdrLoadDll: returns rcNt=0x0 hMod=00007ffae0070000 'C:\WINDOWS\System32\crypt32.dll'
62c4.603c: supR3HardNtViCallWinVerifyTrustCatFile: WinVerifyTrust => 0x0; cat='C:\WINDOWS\system32\CatRoot\{F750E6C3-38EE-11D1-85E5-00C04FC295EE}\Microsoft-Windows-Client-Desktop-Required-Package0516~31bf3856ad364e35~amd64~~10.0.19041.6456.cat'; file='\Device\HarddiskVolume2\Windows\System32\dhcpcsvc6.dll'
62c4.603c: supR3HardNtViCallWinVerifyTrustCatFile -> 0 (org 22900)
62c4.603c: supR3HardenedWinVerifyCacheProcessWvtTodos: 0 (was 22900) fWinVerifyTrust=1 for '\Device\HarddiskVolume2\Windows\System32\dhcpcsvc6.dll'
62c4.603c: supR3HardenedMonitor_LdrLoadDll: returns rcNt=0x0 hMod=00007ffadec80000 'C:\WINDOWS\system32\rsaenh.dll'
62c4.603c: supR3HardenedMonitor_LdrLoadDll: returns rcNt=0x0 hMod=00007ffae0070000 'C:\WINDOWS\System32\crypt32.dll'
62c4.603c: supR3HardenedWinVerifyCacheProcessWvtTodos: 0 (was 0) fWinVerifyTrust=1 for '\Device\HarddiskVolume2\Windows\System32\nsi.dll'
62c4.603c: supR3HardenedScreenImage/LdrLoadDll: cache hit (VINF_SUCCESS) on \Device\HarddiskVolume2\Windows\System32\mswsock.dll
62c4.603c: supR3HardenedMonitor_LdrLoadDll: pName=C:\WINDOWS\system32\mswsock.dll (rcNtResolve=0xc0150008) *pfFlags=0x0 pwszSearchPath=0000000000000001:<flags> [calling]
62c4.603c: supR3HardenedMonitor_LdrLoadDll: returns rcNt=0x0 hMod=00007ffadf3d0000 'C:\WINDOWS\system32\mswsock.dll'
62c4.84c: supR3HardenedScreenImage/LdrLoadDll: cache hit (VINF_SUCCESS) on \Device\HarddiskVolume2\Windows\System32\msctf.dll
62c4.84c: supR3HardenedMonitor_LdrLoadDll: pName=C:\WINDOWS\System32\MSCTF.dll (rcNtResolve=0xc0150008) *pfFlags=0x0 pwszSearchPath=0000000000000009:<flags> [calling]
62c4.84c: supR3HardenedMonitor_LdrLoadDll: returns rcNt=0x0 hMod=00007ffae07c0000 'C:\WINDOWS\System32\MSCTF.dll'
62c4.84c: supR3HardenedIsApiSetDll: ApiSetQueryApiSetPresence(ext-ms-win-rtcore-ntuser-window-ext-l1-1-0.dll) -> 0x0, fPresent=1
62c4.84c: supR3HardenedMonitor_LdrLoadDll: pName=ext-ms-win-rtcore-ntuser-window-ext-l1-1-0.dll (rcNtResolve=0x0) *pfFlags=0x0 pwszSearchPath=0000000000000001:<flags> [calling]
62c4.84c: supR3HardenedMonitor_LdrLoadDll: returns rcNt=0x0 hMod=00007ffae0e20000 'ext-ms-win-rtcore-ntuser-window-ext-l1-1-0.dll'
62c4.84c: supR3HardenedIsApiSetDll: ApiSetQueryApiSetPresence(ext-ms-win-rtcore-ntuser-integration-l1-1-0.dll) -> 0x0, fPresent=1
62c4.84c: supR3HardenedMonitor_LdrLoadDll: pName=ext-ms-win-rtcore-ntuser-integration-l1-1-0.dll (rcNtResolve=0x0) *pfFlags=0x0 pwszSearchPath=0000000000000001:<flags> [calling]
62c4.84c: supR3HardenedMonitor_LdrLoadDll: returns rcNt=0x0 hMod=00007ffae0e20000 'ext-ms-win-rtcore-ntuser-integration-l1-1-0.dll'
62c4.84c: supR3HardenedIsApiSetDll: ApiSetQueryApiSetPresence(api-ms-win-core-com-l1-1-0.dll) -> 0x0, fPresent=1
62c4.84c: supR3HardenedMonitor_LdrLoadDll: pName=api-ms-win-core-com-l1-1-0.dll (rcNtResolve=0x0) *pfFlags=0x0 pwszSearchPath=0000000000000001:<flags> [calling]
62c4.84c: supR3HardenedMonitor_LdrLoadDll: returns rcNt=0x0 hMod=00007ffae10d0000 'api-ms-win-core-com-l1-1-0.dll'
62c4.5e98: supR3HardenedDllNotificationCallback: Unload 00007ffac8e40000 LB 0x0000d000 C:\Program Files\Oracle\VirtualBox\VBoxGuestPropSvc.DLL [flags=0x0]
62c4.6168: supR3HardenedDllNotificationCallback: Unload 00007ffadbfc0000 LB 0x0000c000 C:\Program Files\Oracle\VirtualBox\VBoxGuestControlSvc.DLL [flags=0x0]
62c4.3b74: supR3HardenedDllNotificationCallback: Unload 00007ffadbc50000 LB 0x00014000 C:\Program Files\Oracle\VirtualBox\VBoxSharedFolders.DLL [flags=0x0]
62c4.5cb8: supR3HardenedDllNotificationCallback: Unload 00007ffadbfd0000 LB 0x0000d000 C:\Program Files\Oracle\VirtualBox\VBoxDragAndDropSvc.DLL [flags=0x0]
62c4.5244: supR3HardenedWinVerifyCacheScheduleImports: Import todo: #0 'msvcrt.dll'.
62c4.5244: supR3HardenedWinVerifyCacheScheduleImports: Import todo: #23 'rpcrt4.dll'.
62c4.5244: supR3HardenedWinVerifyCacheScheduleImports: Import todo: #24 'oleaut32.dll'.
62c4.5244: supHardenedWinVerifyImageByHandle: -> 22900 (\Device\HarddiskVolume2\Windows\System32\edputil.dll)
62c4.5244: supR3HardenedWinVerifyCacheInsert: \Device\HarddiskVolume2\Windows\System32\edputil.dll
62c4.5244: supR3HardenedDllNotificationCallback: load   00007ffab1540000 LB 0x00024000 C:\WINDOWS\SYSTEM32\edputil.dll [fFlags=0x0]
62c4.5244: supR3HardenedScreenImage/LdrLoadDll: cache hit (22900) on \Device\HarddiskVolume2\Windows\System32\edputil.dll [avoiding WinVerifyTrust]
62c4.5244: supR3HardenedDllNotificationCallback: Unload 00007ffadbfe0000 LB 0x00021000 C:\Program Files\Oracle\VirtualBox\VBoxSharedClipboard.DLL [flags=0x0]
62c4.5104: supR3HardenedDllNotificationCallback: Unload 00007ffa5f610000 LB 0x00a2e000 C:\Program Files\Oracle\VirtualBox\VBoxDD.DLL [flags=0x0]
62c4.5104: supR3HardenedDllNotificationCallback: Unload 00007ffa74f70000 LB 0x00071000 C:\Program Files\Oracle\VirtualBox\VBoxDDU.dll [flags=0x0]
62c4.5104: supR3HardenedDllNotificationCallback: Unload 00007ffa5edb0000 LB 0x0085d000 C:\Program Files\Oracle\VirtualBox\VBoxDD2.dll [flags=0x0]
62c4.84c: supR3HardenedDllNotificationCallback: Unload 00007ffa60300000 LB 0x00591000 C:\Program Files\Oracle\VirtualBox\VBoxVMM.DLL [flags=0x0]
62c4.84c: supR3HardenedDllNotificationCallback: Unload 00007ffa9a480000 LB 0x00258000 C:\WINDOWS\system32\explorerframe.dll [flags=0x0]
62c4.84c: supR3HardenedDllNotificationCallback: Unload 00007ffada010000 LB 0x005c0000 C:\WINDOWS\system32\d2d1.dll [flags=0x0]
62c4.84c: supR3HardenedDllNotificationCallback: Unload 00007ffad6d00000 LB 0x00014000 C:\WINDOWS\system32\wbem\wbemsvc.dll [flags=0x0]
62c4.84c: supR3HardenedDllNotificationCallback: Unload 00007ffa9cd10000 LB 0x0003e000 C:\WINDOWS\system32\dataexchange.dll [flags=0x0]
62c4.84c: supR3HardenedDllNotificationCallback: Unload 00007ffada5d0000 LB 0x001e4000 C:\WINDOWS\system32\dcomp.dll [flags=0x0]
62c4.84c: supR3HardenedDllNotificationCallback: Unload 00007ffadc1c0000 LB 0x00203000 C:\WINDOWS\system32\twinapi.appcore.dll [flags=0x0]
62c4.84c: supR3HardenedDllNotificationCallback: Unload 00007ffad6d40000 LB 0x0010c000 C:\WINDOWS\system32\wbem\fastprox.dll [flags=0x0]
62c4.84c: supR3HardenedDllNotificationCallback: Unload 00007ffa9a410000 LB 0x00067000 C:\Windows\System32\thumbcache.dll [flags=0x0]
62c4.84c: supR3HardenedDllNotificationCallback: Unload 00007ffa74ff0000 LB 0x000e9000 C:\Program Files\Oracle\VirtualBox\VBoxProxyStub.dll [flags=0x0]
62c4.84c: supR3HardenedDllNotificationCallback: Unload 00007ffad8970000 LB 0x00011000 C:\WINDOWS\system32\wbem\wbemprox.dll [flags=0x0]
62c4.84c: supR3HardenedDllNotificationCallback: Unload 00007ffad88e0000 LB 0x00090000 C:\WINDOWS\SYSTEM32\wbemcomn.dll [flags=0x0]
62c4.84c: supR3HardenedDllNotificationCallback: Unload 00007ffa50080000 LB 0x003f6000 C:\Program Files\Oracle\VirtualBox\VBoxC.dll [flags=0x0]
62c4.84c: Terminating the normal way: rcExit=0
6040.5c80: supR3HardNtChildWaitFor[2]: Quitting: ExitCode=0x0 (rcNtWait=0x0, rcNt1=0x0, rcNt2=0x103, rcNt3=0x103, 377405 ms, the end);
5eb8.4080: supR3HardNtChildWaitFor[1]: Quitting: ExitCode=0x0 (rcNtWait=0x0, rcNt1=0x0, rcNt2=0x103, rcNt3=0x103, 378358 ms, the end);
